#pragma once

#include <Arduino.h>

// ESP PLANTS final OFF screen.
// 960x540, 1-bit XBM, LSB-first. 1 = black foreground pixel.
constexpr int T5_OFF_SCREEN_WIDTH = 960;
constexpr int T5_OFF_SCREEN_HEIGHT = 540;
constexpr size_t T5_OFF_SCREEN_BYTES = 64800;

static const uint8_t t5_off_screen_xbm[T5_OFF_SCREEN_BYTES] PROGMEM = {
  0xFF, 0xFB, 0xEE, 0xEE, 0xDE, 0x6D, 0x77, 0x77, 0xF7, 0xBE, 0xB7, 0xFF, 0x77, 0x77, 0x77, 0xDF,
  0xBB, 0xDB, 0xEE, 0xDD, 0xED, 0xFF, 0xFF, 0xEE, 0xFD, 0xBB, 0xDB, 0x77, 0xF7, 0x6E, 0xBB, 0xDF,
  0xFB, 0x7B, 0xEF, 0x7B, 0xEF, 0xEE, 0xDE, 0xDB, 0x76, 0xEF, 0xDE, 0xDE, 0x7B, 0x77, 0xDB, 0xEE,
  0xEE, 0xEE, 0xFF, 0xDF, 0xED, 0xDE, 0xDE, 0xBB, 0xBB, 0x7B, 0xEF, 0x76, 0x77, 0xF7, 0xB6, 0xB6,
  0xDB, 0xEE, 0xDD, 0xED, 0x76, 0xF7, 0xEF, 0xDE, 0xDF, 0x7F, 0xEF, 0xEE, 0xEE, 0xDD, 0xDD, 0xDD,
  0xFF, 0xFF, 0xBD, 0xDF, 0xDE, 0xFD, 0xFD, 0xFF, 0xDE, 0x76, 0xEF, 0xFD, 0x7F, 0xEF, 0xEE, 0x7E,
  0xEF, 0xFE, 0xED, 0x7E, 0xEF, 0xFD, 0xFF, 0xFF, 0xFB, 0xEE, 0xEE, 0xFF, 0xFF, 0x7F, 0xB7, 0x7D,
  0xBF, 0xF7, 0xFE, 0xDE, 0xBF, 0xEF, 0xFF, 0xFE, 0x01, 0x00, 0x00, 0x00, 0x00, 0x00, 0x00, 0x00,
  0x00, 0x00, 0x00, 0x00, 0x00, 0x00, 0x00, 0x00, 0x00, 0x00, 0x00, 0x00, 0x00, 0x00, 0x00, 0x00,
  0x00, 0x00, 0x00, 0x00, 0x00, 0x00, 0x00, 0x00, 0x00, 0x00, 0x00, 0x00, 0x00, 0x00, 0x00, 0x00,
  0x00, 0x00, 0x00, 0x00, 0x00, 0x00, 0x00, 0x00, 0x00, 0x00, 0x00, 0x00, 0x00, 0x00, 0x00, 0x00,
  0x00, 0x00, 0x00, 0x00, 0x00, 0x00, 0x00, 0x00, 0x00, 0x00, 0x00, 0x00, 0x00, 0x00, 0x00, 0x00,
  0x00, 0x00, 0x00, 0x00, 0x00, 0x00, 0x00, 0x00, 0x00, 0x00, 0x00, 0x00, 0x00, 0x00, 0x00, 0x00,
  0x00, 0x00, 0x00, 0x00, 0x00, 0x00, 0x00, 0x00, 0x00, 0x00, 0x00, 0x00, 0x00, 0x00, 0x00, 0x00,
  0x00, 0x00, 0x00, 0x00, 0x00, 0x00, 0x00, 0x00, 0x00, 0x00, 0x00, 0x00, 0x00, 0x00, 0x00, 0x80,
  0x01, 0x00, 0x00, 0x00, 0x00, 0x00, 0x00, 0x00, 0x00, 0x00, 0x00, 0x00, 0x00, 0x00, 0x00, 0x00,
  0x00, 0x00, 0x00, 0x00, 0x00, 0x00, 0x00, 0x00, 0x00, 0x00, 0x00, 0x00, 0x00, 0x00, 0x00, 0x00,
  0x00, 0x00, 0x00, 0x00, 0x00, 0x00, 0x00, 0x00, 0x00, 0x00, 0x00, 0x00, 0x00, 0x00, 0x00, 0x00,
  0x00, 0x00, 0x00, 0x00, 0x00, 0x00, 0x00, 0x00, 0x00, 0x00, 0x00, 0x00, 0x00, 0x00, 0x00, 0x00,
  0x00, 0x00, 0x00, 0x00, 0x00, 0x00, 0x00, 0x00, 0x00, 0x00, 0x00, 0x00, 0x00, 0x00, 0x00, 0x00,
  0x00, 0x00, 0x00, 0x00, 0x00, 0x00, 0x00, 0x00, 0x00, 0x00, 0x00, 0x00, 0x00, 0x00, 0x00, 0x00,
  0x00, 0x00, 0x00, 0x00, 0x00, 0x00, 0x00, 0x00, 0x00, 0x00, 0x00, 0x00, 0x00, 0x00, 0x00, 0x00,
  0x00, 0x00, 0x00, 0x00, 0x00, 0x00, 0x00, 0x80, 0x01, 0x00, 0x00, 0x00, 0x00, 0x00, 0x00, 0x00,
  0x00, 0x00, 0x00, 0x00, 0x00, 0x00, 0x00, 0x00, 0x00, 0x00, 0x00, 0x00, 0x00, 0x00, 0x00, 0x00,
  0x00, 0x00, 0x00, 0x00, 0x00, 0x00, 0x00, 0x00, 0x00, 0x00, 0x00, 0x00, 0x00, 0x00, 0x00, 0x00,
  0x00, 0x00, 0x00, 0x00, 0x00, 0x00, 0x00, 0x00, 0x00, 0x00, 0x00, 0x00, 0x00, 0x00, 0x00, 0x00,
  0x00, 0x00, 0x00, 0x00, 0x00, 0x00, 0x00, 0x00, 0x00, 0x00, 0x00, 0x00, 0x00, 0x00, 0x00, 0x00,
  0x00, 0x00, 0x00, 0x00, 0x00, 0x00, 0x00, 0x00, 0x00, 0x00, 0x00, 0x00, 0x00, 0x00, 0x00, 0x00,
  0x00, 0x00, 0x00, 0x00, 0x00, 0x00, 0x00, 0x00, 0x00, 0x00, 0x00, 0x00, 0x00, 0x00, 0x00, 0x00,
  0x00, 0x00, 0x00, 0x00, 0x00, 0x00, 0x00, 0x00, 0x00, 0x00, 0x00, 0x00, 0x00, 0x00, 0x00, 0x80,
  0x01, 0x00, 0x00, 0x00, 0x00, 0x40, 0x40, 0x00, 0x00, 0x00, 0x00, 0x00, 0x00, 0x00, 0x00, 0x00,
  0x00, 0x08, 0x01, 0x02, 0x00, 0x00, 0x00, 0x00, 0x00, 0x00, 0x10, 0x00, 0x00, 0x00, 0x02, 0x00,
  0x00, 0x00, 0x00, 0x00, 0x00, 0x00, 0x00, 0x00, 0x00, 0x00, 0x00, 0x00, 0x00, 0x00, 0x21, 0x00,
  0x00, 0x00, 0x00, 0x00, 0x00, 0x00, 0x00, 0x80, 0x00, 0x00, 0x00, 0x00, 0x00, 0x00, 0x00, 0x00,
  0x40, 0x10, 0x10, 0x42, 0x08, 0x00, 0x00, 0x00, 0x00, 0x00, 0x00, 0x00, 0x01, 0x00, 0x00, 0x00,
  0x00, 0x00, 0x00, 0x00, 0x00, 0x00, 0x00, 0x00, 0x00, 0x00, 0x20, 0x00, 0x00, 0x00, 0x00, 0x00,
  0x00, 0x00, 0x08, 0x00, 0x00, 0x00, 0x00, 0x00, 0x00, 0x00, 0x00, 0x00, 0x00, 0x00, 0x08, 0x02,
  0x00, 0x00, 0x00, 0x00, 0x00, 0x00, 0x00, 0xC1, 0x41, 0xAA, 0xAA, 0xAA, 0xAA, 0x0A, 0x15, 0x55,
  0x55, 0x55, 0x55, 0x55, 0x55, 0x55, 0x55, 0x55, 0x55, 0x21, 0x54, 0xA8, 0xAA, 0xAA, 0xAA, 0xAA,
  0xAA, 0xAA, 0x42, 0x55, 0x55, 0x55, 0xA8, 0xAA, 0xAA, 0xAA, 0xAA, 0xAA, 0xAA, 0xAA, 0xAA, 0xAA,
  0xAA, 0xAA, 0xAA, 0xAA, 0xAA, 0x2A, 0x84, 0xAA, 0xAA, 0xAA, 0xAA, 0xAA, 0xAA, 0xAA, 0xAA, 0x2A,
  0xAA, 0xAA, 0xAA, 0xAA, 0xAA, 0xAA, 0xAA, 0xAA, 0x0A, 0x85, 0x42, 0x08, 0xA1, 0xAA, 0xAA, 0xAA,
  0xAA, 0xAA, 0xAA, 0x2A, 0x54, 0x55, 0x55, 0x55, 0x29, 0xA5, 0xAA, 0xAA, 0xAA, 0xAA, 0xAA, 0x52,
  0x55, 0x55, 0x05, 0x55, 0xAA, 0xAA, 0xAA, 0xAA, 0xAA, 0xAA, 0xA2, 0xAA, 0xAA, 0xAA, 0xAA, 0xAA,
  0xAA, 0xAA, 0xAA, 0x4A, 0xA9, 0xAA, 0xA2, 0xA8, 0xAA, 0xAA, 0xAA, 0xAA, 0x52, 0x55, 0x55, 0x88,
  0x41, 0x00, 0x00, 0x00, 0x00, 0x50, 0x00, 0x00, 0x00, 0x00, 0x00, 0x00, 0x00, 0x00, 0x00, 0x00,
  0x00, 0x4A, 0x81, 0x00, 0x00, 0x00, 0x00, 0x00, 0x00, 0x00, 0x04, 0x00, 0x00, 0x80, 0x00, 0x00,
  0x00, 0x00, 0x00, 0x00, 0x00, 0x00, 0x00, 0x00, 0x00, 0x00, 0x00, 0x00, 0x00, 0x80, 0x28, 0x00,
  0x00, 0x00, 0x00, 0x00, 0x00, 0x00, 0x00, 0x80, 0x00, 0x00, 0x00, 0x00, 0x00, 0x00, 0x00, 0x00,
  0x50, 0x20, 0x08, 0x11, 0x04, 0x00, 0x00, 0x00, 0x00, 0x00, 0x00, 0x40, 0x01, 0x00, 0x00, 0x00,
  0x82, 0x00, 0x00, 0x00, 0x00, 0x00, 0x00, 0x00, 0x00, 0x00, 0x48, 0x00, 0x00, 0x00, 0x00, 0x00,
  0x00, 0x00, 0x00, 0x00, 0x00, 0x00, 0x00, 0x00, 0x00, 0x00, 0x00, 0x00, 0x00, 0x00, 0x00, 0x02,
  0x00, 0x00, 0x00, 0x00, 0x00, 0x00, 0x00, 0x82, 0x11, 0x04, 0x04, 0x00, 0x00, 0x00, 0x20, 0x02,
  0x44, 0x84, 0x10, 0x00, 0x80, 0x00, 0x02, 0x40, 0x08, 0x00, 0x10, 0x24, 0x49, 0x04, 0x00, 0x44,
  0x24, 0x12, 0x21, 0x00, 0x00, 0x09, 0x84, 0x10, 0x00, 0x00, 0x24, 0x49, 0x84, 0x00, 0x00, 0x24,
  0x49, 0x42, 0x20, 0x04, 0x10, 0x20, 0x00, 0x92, 0x08, 0x10, 0x00, 0x00, 0x89, 0x80, 0x00, 0x20,
  0x40, 0x22, 0x22, 0x22, 0x44, 0x44, 0x88, 0x24, 0x01, 0x04, 0x00, 0x84, 0x40, 0x44, 0x00, 0x84,
  0x80, 0x00, 0x44, 0x04, 0x20, 0x22, 0x22, 0x22, 0x00, 0x10, 0x40, 0x22, 0x11, 0x49, 0x00, 0x04,
  0x00, 0x80, 0x00, 0x88, 0x08, 0x11, 0x21, 0x42, 0x00, 0x00, 0x04, 0x10, 0x22, 0x02, 0x00, 0x00,
  0x00, 0x22, 0x02, 0x10, 0x02, 0x04, 0x84, 0x40, 0x44, 0x88, 0x08, 0x00, 0x04, 0x00, 0x00, 0xC0,
  0x41, 0x80, 0x80, 0x10, 0x11, 0x01, 0x08, 0x80, 0x00, 0x00, 0x00, 0x02, 0x20, 0x48, 0x40, 0x04,
  0x00, 0x00, 0x00, 0x00, 0x00, 0x80, 0x08, 0x01, 0x00, 0x00, 0x00, 0x10, 0x11, 0x00, 0x00, 0x00,
  0x22, 0x22, 0x00, 0x00, 0x00, 0x20, 0x44, 0x00, 0x00, 0x00, 0x08, 0x80, 0x00, 0x01, 0x00, 0x00,
  0x00, 0x01, 0x44, 0x44, 0x00, 0x08, 0x10, 0x02, 0x00, 0x00, 0x00, 0x00, 0x00, 0x00, 0x00, 0x00,
  0x00, 0x00, 0x42, 0x00, 0x00, 0x00, 0x20, 0x00, 0x20, 0x20, 0x00, 0x00, 0x00, 0x00, 0x00, 0x00,
  0x00, 0x00, 0x02, 0x00, 0x00, 0x00, 0x88, 0x80, 0x20, 0x22, 0x00, 0x00, 0x00, 0x00, 0x00, 0x00,
  0x08, 0x11, 0x41, 0x04, 0x00, 0x20, 0x82, 0x08, 0x20, 0x00, 0x40, 0x00, 0x20, 0x80, 0x00, 0x00,
  0x00, 0x00, 0x00, 0x01, 0x00, 0x10, 0x21, 0x82, 0x01, 0x7E, 0x7F, 0xEF, 0xEE, 0xFE, 0xF7, 0x7F,
  0xFF, 0xFF, 0xFF, 0xFD, 0xBF, 0xB7, 0xBF, 0xFB, 0xFF, 0xFF, 0xFF, 0xFF, 0xFF, 0x7F, 0xF7, 0xFE,
  0xFF, 0xFF, 0xFF, 0xEF, 0xEE, 0xFF, 0xFF, 0xFF, 0xDD, 0xDD, 0xFF, 0xFF, 0xFF, 0xDF, 0xBB, 0xFF,
  0xFF, 0xFF, 0xF7, 0x7F, 0xFF, 0xFE, 0xFF, 0xFF, 0xFF, 0xFE, 0xBB, 0xBB, 0xFF, 0xF7, 0xEF, 0xFD,
  0xFF, 0xFF, 0xFF, 0xFF, 0xFF, 0xFF, 0xFF, 0xFF, 0xFF, 0xFF, 0xBD, 0xFF, 0xFF, 0xFF, 0xDF, 0xFF,
  0xDF, 0xDF, 0xFF, 0xFF, 0xFF, 0xFF, 0xFF, 0xFF, 0xFF, 0xFF, 0xFD, 0xFF, 0xFF, 0xFF, 0x77, 0x7F,
  0xDF, 0xDD, 0xFF, 0xFF, 0xFF, 0xFF, 0xFF, 0xFF, 0xF7, 0xEE, 0xBE, 0xFB, 0xFF, 0xDF, 0x7D, 0xF7,
  0xDF, 0xFF, 0xBF, 0xFF, 0xDF, 0x7F, 0xFF, 0xFF, 0xFF, 0xFF, 0xFF, 0xFE, 0xFF, 0xEF, 0x5E, 0x90,
  0x41, 0x44, 0x80, 0x28, 0x29, 0x09, 0x84, 0x90, 0x00, 0x20, 0x80, 0x22, 0x49, 0x2A, 0xA0, 0x04,
  0x40, 0x80, 0x00, 0x00, 0x00, 0xA0, 0x14, 0x01, 0x00, 0x00, 0x00, 0x92, 0x12, 0x80, 0x00, 0x00,
  0x51, 0x52, 0x02, 0x00, 0x00, 0x90, 0xA4, 0x00, 0x00, 0x00, 0x04, 0x40, 0x82, 0x02, 0x40, 0x00,
  0x80, 0x02, 0x4A, 0x4A, 0x00, 0x14, 0x28, 0x01, 0x08, 0x00, 0x00, 0x00, 0x00, 0x02, 0x00, 0x00,
  0x44, 0x00, 0x22, 0x00, 0x00, 0x00, 0x50, 0x00, 0x10, 0x50, 0x00, 0x00, 0x08, 0x00, 0x00, 0x00,
  0x10, 0x00, 0x25, 0x08, 0x00, 0x02, 0x4A, 0x41, 0x11, 0x25, 0x20, 0x00, 0x00, 0x00, 0x00, 0x00,
  0x84, 0x28, 0xA1, 0x04, 0x00, 0x10, 0x41, 0x0A, 0x11, 0x00, 0xA0, 0x08, 0x50, 0x40, 0x01, 0x00,
  0x00, 0x00, 0x80, 0x22, 0x81, 0x28, 0x31, 0x82, 0x01, 0x02, 0x00, 0x00, 0x00, 0x00, 0x00, 0x00,
  0x00, 0x00, 0x00, 0x00, 0x00, 0x00, 0x00, 0x00, 0x00, 0x00, 0x00, 0x00, 0x00, 0x00, 0x00, 0x00,
  0x00, 0x00, 0x00, 0x00, 0x00, 0x00, 0x00, 0x00, 0x00, 0x00, 0x00, 0x00, 0x00, 0x00, 0x00, 0x00,
  0x00, 0x00, 0x00, 0x00, 0x00, 0x00, 0x10, 0x00, 0x00, 0x00, 0x00, 0x00, 0x00, 0x00, 0x00, 0x00,
  0x00, 0x00, 0x00, 0x00, 0x00, 0x00, 0x00, 0x00, 0x00, 0x00, 0x00, 0x00, 0x00, 0x00, 0x00, 0x00,
  0x00, 0x00, 0x00, 0x00, 0x00, 0x00, 0x00, 0x00, 0x00, 0x00, 0x00, 0x00, 0x00, 0x00, 0x00, 0x00,
  0x00, 0x00, 0x00, 0x00, 0x00, 0x00, 0x00, 0x00, 0x00, 0x00, 0x00, 0x00, 0x00, 0x00, 0x00, 0x00,
  0x00, 0x00, 0x00, 0x00, 0x00, 0x00, 0x00, 0x00, 0x00, 0x00, 0x00, 0x00, 0x00, 0x00, 0x40, 0xC0,
  0x51, 0x04, 0x04, 0x00, 0x00, 0x00, 0x01, 0x00, 0x48, 0x04, 0x24, 0x00, 0x00, 0x00, 0x02, 0x20,
  0x09, 0x12, 0x08, 0x01, 0x84, 0x04, 0x00, 0x40, 0x84, 0x88, 0x08, 0x00, 0x80, 0x08, 0x10, 0x11,
  0x00, 0x00, 0x80, 0x08, 0x11, 0x01, 0x00, 0x00, 0x00, 0x24, 0x80, 0x00, 0x00, 0x20, 0x02, 0x08,
  0x10, 0x40, 0x00, 0x00, 0x10, 0x00, 0x00, 0x10, 0x81, 0x88, 0x88, 0x48, 0x12, 0x40, 0x92, 0x24,
  0x00, 0x08, 0x00, 0x00, 0x24, 0x42, 0x04, 0x24, 0x02, 0x01, 0x24, 0x49, 0x82, 0x24, 0x89, 0x08,
  0x01, 0x02, 0x00, 0x00, 0x91, 0x40, 0x00, 0x00, 0x00, 0x00, 0x04, 0x02, 0x42, 0x24, 0x92, 0x24,
  0x00, 0x00, 0x00, 0x80, 0x88, 0x00, 0x08, 0x00, 0x00, 0x49, 0x02, 0x00, 0x01, 0x04, 0x40, 0x24,
  0x11, 0x91, 0x04, 0x00, 0x20, 0x00, 0x20, 0x82, 0x01, 0x06, 0x01, 0x01, 0x00, 0x40, 0x20, 0x00,
  0x02, 0x00, 0x00, 0x00, 0x00, 0x00, 0x00, 0x00, 0x00, 0x00, 0x00, 0x90, 0x00, 0x00, 0x00, 0x08,
  0x00, 0x00, 0x40, 0x00, 0x00, 0x00, 0x00, 0x00, 0x00, 0x00, 0x20, 0x00, 0x00, 0x00, 0x00, 0x88,
  0x44, 0x00, 0x22, 0x08, 0x00, 0x00, 0x00, 0x82, 0x04, 0x00, 0x00, 0x00, 0x02, 0x81, 0x00, 0x04,
  0x00, 0x00, 0x00, 0x00, 0x00, 0x01, 0x00, 0x00, 0x01, 0x82, 0x00, 0x89, 0x00, 0x00, 0x00, 0x00,
  0x40, 0x00, 0x00, 0x00, 0x00, 0x00, 0x00, 0x00, 0x80, 0x20, 0x00, 0x41, 0x00, 0x00, 0x00, 0x10,
  0x40, 0x00, 0x00, 0x20, 0x00, 0x00, 0x00, 0x00, 0x10, 0x02, 0x00, 0x00, 0x00, 0x00, 0x00, 0x40,
  0x40, 0x00, 0x00, 0x00, 0x00, 0x00, 0x10, 0x00, 0x00, 0x00, 0x40, 0x00, 0x00, 0x00, 0x20, 0x80,
  0x41, 0x04, 0x40, 0x40, 0x84, 0x08, 0x00, 0x22, 0x00, 0x80, 0x00, 0x08, 0x01, 0x81, 0x00, 0x01,
  0x80, 0x00, 0x41, 0x00, 0x00, 0x00, 0x42, 0x00, 0x20, 0x00, 0x00, 0x08, 0x08, 0x40, 0x04, 0x00,
  0x09, 0x01, 0x08, 0x00, 0x00, 0x10, 0x04, 0x02, 0x00, 0x00, 0x00, 0x80, 0x08, 0x04, 0x00, 0x00,
  0x00, 0x08, 0x80, 0x40, 0x00, 0x20, 0x04, 0x01, 0x10, 0x00, 0x00, 0x00, 0x00, 0x10, 0x00, 0x00,
  0x10, 0x00, 0x08, 0x00, 0x00, 0x10, 0x00, 0x00, 0x00, 0x10, 0x01, 0x00, 0x00, 0x00, 0x00, 0x00,
  0x20, 0x00, 0x42, 0x10, 0x00, 0x10, 0x20, 0x04, 0x04, 0x40, 0x80, 0x00, 0x10, 0x00, 0x00, 0x00,
  0x01, 0x80, 0x08, 0x08, 0x00, 0x24, 0x81, 0x10, 0x04, 0x00, 0x20, 0x22, 0x88, 0x20, 0x04, 0x00,
  0x00, 0x00, 0x00, 0x08, 0x01, 0x02, 0x21, 0xA2, 0x01, 0x42, 0x00, 0x10, 0x00, 0x00, 0x00, 0x00,
  0x00, 0x20, 0x00, 0x02, 0x10, 0x20, 0x10, 0x10, 0x20, 0x00, 0x00, 0x00, 0x10, 0x20, 0x00, 0x00,
  0x00, 0x20, 0x04, 0x80, 0x00, 0x01, 0x00, 0x04, 0x00, 0x90, 0x00, 0x20, 0x42, 0x04, 0x41, 0x00,
  0x00, 0x00, 0x00, 0x00, 0x40, 0x00, 0x21, 0x00, 0x00, 0x02, 0x12, 0x08, 0x00, 0x00, 0x40, 0x00,
  0x04, 0x04, 0x02, 0x01, 0x00, 0x00, 0x00, 0x00, 0x00, 0x00, 0x00, 0x00, 0x00, 0x01, 0x40, 0x00,
  0x08, 0x00, 0x00, 0x00, 0x10, 0x00, 0x40, 0x20, 0x04, 0x00, 0x00, 0x00, 0x00, 0x00, 0x04, 0x00,
  0x01, 0x04, 0x20, 0x00, 0x00, 0x80, 0x00, 0x00, 0x80, 0x20, 0x40, 0x02, 0x42, 0x00, 0x20, 0x00,
  0x00, 0x00, 0x08, 0x00, 0x00, 0x00, 0x00, 0x00, 0x20, 0x04, 0x00, 0x00, 0x10, 0x20, 0x20, 0x80,
  0x21, 0x04, 0x00, 0x00, 0x20, 0x00, 0x08, 0x00, 0x40, 0x02, 0x88, 0x00, 0x00, 0x00, 0x00, 0x00,
  0x01, 0x10, 0x10, 0x04, 0x04, 0x01, 0x10, 0x42, 0x02, 0x02, 0x00, 0x01, 0x40, 0x10, 0x40, 0x40,
  0x40, 0x00, 0x00, 0x04, 0x00, 0x00, 0x00, 0x00, 0x20, 0x22, 0x02, 0x22, 0x00, 0x40, 0x00, 0x20,
  0x80, 0x80, 0x00, 0x00, 0x20, 0x04, 0x00, 0x80, 0x00, 0x41, 0x20, 0x10, 0x11, 0x00, 0x84, 0x10,
  0x80, 0x00, 0x40, 0x00, 0x44, 0x00, 0x11, 0x24, 0x01, 0x04, 0x20, 0x22, 0x01, 0x11, 0x11, 0x04,
  0x00, 0x10, 0x10, 0x00, 0x88, 0x00, 0x01, 0x00, 0x00, 0x00, 0x04, 0x80, 0x00, 0x09, 0x48, 0x22,
  0x20, 0x00, 0x00, 0x80, 0x00, 0x00, 0x00, 0x00, 0x00, 0x88, 0x00, 0x00, 0x02, 0x08, 0x01, 0x22,
  0x02, 0x40, 0x04, 0x41, 0x00, 0x00, 0x20, 0x82, 0x01, 0x06, 0x08, 0x04, 0x00, 0x00, 0x81, 0x88,
  0x08, 0x00, 0x00, 0x40, 0x00, 0x08, 0x00, 0x04, 0x00, 0x00, 0x02, 0x40, 0x00, 0x00, 0x04, 0x00,
  0x80, 0x00, 0x41, 0x00, 0x10, 0x00, 0x00, 0x00, 0x00, 0x00, 0x00, 0x00, 0x00, 0x00, 0x00, 0x20,
  0x09, 0x00, 0x20, 0x00, 0x00, 0x10, 0x00, 0x01, 0x10, 0x00, 0x00, 0x00, 0x08, 0x00, 0x00, 0x20,
  0x00, 0x00, 0x00, 0x00, 0x00, 0x81, 0x00, 0x00, 0x11, 0x90, 0x00, 0x24, 0x01, 0x00, 0x00, 0x00,
  0x00, 0x01, 0x04, 0x00, 0x00, 0x00, 0x00, 0x00, 0x00, 0x04, 0x01, 0x04, 0x02, 0x08, 0x00, 0x41,
  0x20, 0x00, 0x01, 0x08, 0x04, 0x00, 0x00, 0x00, 0x04, 0x00, 0x00, 0x00, 0x00, 0x00, 0x04, 0x04,
  0x11, 0x01, 0x00, 0x80, 0x00, 0x02, 0x80, 0x00, 0x00, 0x00, 0x20, 0x00, 0x00, 0x01, 0x24, 0x90,
  0x41, 0x04, 0x82, 0x00, 0x02, 0x12, 0x00, 0x00, 0x00, 0x00, 0x02, 0x00, 0x44, 0x02, 0x84, 0x00,
  0x08, 0x84, 0x00, 0x00, 0x00, 0x88, 0x00, 0x10, 0x10, 0x00, 0x00, 0x10, 0x02, 0x00, 0x09, 0x00,
  0x08, 0x04, 0x84, 0x00, 0x08, 0x40, 0x10, 0x08, 0x00, 0x00, 0x00, 0x00, 0x22, 0x02, 0x08, 0x00,
  0x01, 0x00, 0x00, 0x81, 0x00, 0x40, 0x04, 0x08, 0x40, 0x00, 0x00, 0x00, 0x00, 0x10, 0x00, 0x04,
  0x00, 0x00, 0x04, 0x00, 0x00, 0x10, 0x00, 0x00, 0x40, 0x40, 0x00, 0x00, 0x20, 0x00, 0x00, 0x80,
  0x00, 0x01, 0x00, 0x80, 0x00, 0x00, 0x40, 0x10, 0x00, 0x21, 0x00, 0x00, 0x40, 0x80, 0x00, 0x00,
  0x00, 0x08, 0x12, 0x00, 0x10, 0x11, 0x01, 0x40, 0x00, 0x00, 0x80, 0x24, 0x40, 0x00, 0x00, 0x00,
  0x80, 0x08, 0x00, 0x10, 0x44, 0x10, 0x20, 0x85, 0x11, 0x86, 0x00, 0x80, 0x80, 0x00, 0x00, 0x00,
  0x00, 0x90, 0x00, 0x00, 0x00, 0x00, 0x00, 0x40, 0x80, 0x00, 0x80, 0x10, 0x40, 0x00, 0x00, 0x04,
  0x00, 0x10, 0x00, 0x00, 0x00, 0x04, 0x00, 0x12, 0x02, 0x80, 0x00, 0x40, 0x82, 0x04, 0x04, 0x01,
  0x00, 0x08, 0x01, 0x04, 0x00, 0x00, 0x00, 0x08, 0x00, 0x10, 0x20, 0x10, 0x00, 0x11, 0x20, 0x02,
  0x10, 0x00, 0x82, 0x08, 0x04, 0x00, 0x20, 0x00, 0x00, 0x04, 0x00, 0x01, 0x00, 0x04, 0x02, 0x01,
  0x10, 0x00, 0x00, 0x11, 0x04, 0x84, 0x00, 0x21, 0x48, 0x00, 0x80, 0x00, 0x00, 0x00, 0x00, 0x00,
  0x00, 0x00, 0x00, 0x81, 0x00, 0x20, 0x00, 0x10, 0x01, 0x80, 0x00, 0x22, 0x00, 0x00, 0x80, 0x00,
  0x00, 0x40, 0x24, 0x00, 0x00, 0x00, 0x08, 0x00, 0x08, 0x00, 0x01, 0x00, 0x00, 0x00, 0x21, 0x80,
  0x41, 0x04, 0x00, 0x00, 0x20, 0x00, 0x08, 0x01, 0x21, 0x02, 0x20, 0x12, 0x01, 0x80, 0x20, 0x00,
  0x00, 0x00, 0x00, 0x00, 0x02, 0x00, 0x40, 0x00, 0x04, 0x00, 0x08, 0x80, 0x00, 0x40, 0x80, 0x00,
  0x00, 0x00, 0x00, 0x08, 0x00, 0x00, 0x00, 0x00, 0x00, 0x01, 0x10, 0x41, 0x00, 0x00, 0x40, 0x00,
  0x00, 0x04, 0x02, 0x00, 0x00, 0x00, 0x00, 0x00, 0x04, 0x48, 0x10, 0x80, 0x40, 0x00, 0x08, 0x40,
  0x04, 0x01, 0x20, 0x00, 0x10, 0x01, 0x40, 0x10, 0x01, 0x00, 0x20, 0x00, 0x01, 0x00, 0x08, 0x00,
  0x00, 0x00, 0x04, 0x20, 0x40, 0x44, 0x04, 0x00, 0x04, 0x08, 0x40, 0x20, 0x00, 0x04, 0x24, 0x02,
  0x00, 0x01, 0x80, 0x00, 0x02, 0x00, 0x20, 0x10, 0x40, 0x08, 0x00, 0x00, 0x10, 0x40, 0x02, 0x48,
  0x02, 0x00, 0x00, 0x01, 0x00, 0x00, 0x20, 0xC2, 0x01, 0x02, 0x00, 0x10, 0x00, 0x80, 0x40, 0x10,
  0x00, 0x00, 0x00, 0x00, 0x00, 0x00, 0x00, 0x08, 0x04, 0x00, 0x10, 0x04, 0x00, 0x22, 0x04, 0x00,
  0x01, 0x82, 0x80, 0x04, 0x40, 0x00, 0x00, 0x00, 0x80, 0x10, 0x20, 0x02, 0x00, 0x00, 0x00, 0x00,
  0x08, 0x00, 0x00, 0x00, 0x08, 0x00, 0x01, 0x40, 0x88, 0x00, 0x00, 0x00, 0x44, 0x00, 0x00, 0x00,
  0x01, 0x00, 0x00, 0x00, 0x00, 0x04, 0x02, 0x02, 0x40, 0x80, 0x00, 0x40, 0x00, 0x80, 0x10, 0x00,
  0x00, 0x10, 0x09, 0x00, 0x00, 0x21, 0x00, 0x08, 0x00, 0x40, 0x00, 0x08, 0x00, 0x00, 0x00, 0x04,
  0x40, 0x00, 0x08, 0x00, 0x08, 0x01, 0x00, 0x00, 0x10, 0x00, 0x00, 0x00, 0x80, 0x20, 0x00, 0x00,
  0x04, 0x00, 0x00, 0x00, 0x00, 0x08, 0x80, 0x00, 0x00, 0x22, 0x48, 0x40, 0x10, 0x04, 0x20, 0x80,
  0x41, 0x44, 0x20, 0x01, 0x08, 0x20, 0x00, 0x00, 0x08, 0x00, 0x00, 0x00, 0x10, 0x21, 0x00, 0x02,
  0x01, 0x10, 0x01, 0x00, 0x10, 0x00, 0x00, 0x40, 0x80, 0x00, 0x00, 0x00, 0x08, 0x10, 0x10, 0x80,
  0x00, 0x00, 0x08, 0x00, 0x40, 0x20, 0x41, 0x40, 0x02, 0x40, 0x00, 0x00, 0x80, 0x48, 0x10, 0x02,
  0x00, 0x80, 0x00, 0x82, 0x00, 0x00, 0x11, 0x40, 0x00, 0x02, 0x00, 0x10, 0x00, 0x40, 0x00, 0x00,
  0x00, 0x00, 0x08, 0x10, 0x00, 0x00, 0x00, 0x00, 0x00, 0x04, 0x00, 0x20, 0x40, 0x00, 0x40, 0x00,
  0x02, 0x10, 0x20, 0x00, 0x08, 0x00, 0x20, 0x81, 0x00, 0x00, 0x01, 0x00, 0x00, 0x00, 0x00, 0x00,
  0x04, 0x10, 0x10, 0x80, 0x20, 0x08, 0x04, 0x00, 0x00, 0x00, 0x00, 0x10, 0x02, 0x01, 0x00, 0x00,
  0x80, 0x00, 0x00, 0x10, 0x02, 0x40, 0x20, 0x82, 0x01, 0x06, 0x08, 0x00, 0x02, 0x08, 0x00, 0x00,
  0x02, 0x88, 0x88, 0x00, 0x04, 0x00, 0x04, 0x05, 0x40, 0x02, 0x00, 0x81, 0x00, 0x00, 0x01, 0x09,
  0x00, 0x20, 0x10, 0x40, 0x00, 0x02, 0x04, 0x20, 0x10, 0x00, 0x01, 0x00, 0x08, 0x08, 0x10, 0x04,
  0x80, 0x10, 0x04, 0x20, 0x02, 0x00, 0x00, 0x00, 0x00, 0x00, 0x10, 0x20, 0x00, 0x08, 0x00, 0x11,
  0x80, 0x00, 0x04, 0x01, 0x04, 0x01, 0x00, 0x10, 0x01, 0x10, 0x00, 0x04, 0x04, 0x00, 0x00, 0x40,
  0x08, 0x01, 0x00, 0x02, 0x10, 0x00, 0x02, 0x00, 0x00, 0x02, 0x00, 0x02, 0x02, 0x00, 0x01, 0x00,
  0x10, 0x40, 0x00, 0x04, 0x40, 0x80, 0x80, 0x90, 0x00, 0x04, 0x01, 0x08, 0x00, 0x00, 0x00, 0x82,
  0x00, 0x81, 0x44, 0x04, 0x00, 0x00, 0x00, 0x00, 0x20, 0x00, 0x02, 0x00, 0x00, 0x01, 0x24, 0xC0,
  0x51, 0x04, 0x00, 0x40, 0x00, 0x02, 0x04, 0x88, 0x80, 0x00, 0x00, 0x90, 0x00, 0x00, 0x40, 0x02,
  0x00, 0x00, 0x40, 0x20, 0x80, 0x08, 0x20, 0x00, 0x20, 0x00, 0x04, 0x00, 0x00, 0x00, 0x00, 0x04,
  0x00, 0x42, 0x00, 0x40, 0x02, 0x00, 0x00, 0x00, 0x00, 0x00, 0x40, 0x04, 0x00, 0x00, 0x00, 0x10,
  0x21, 0x10, 0x00, 0x00, 0x00, 0x02, 0x00, 0x00, 0x00, 0x80, 0x00, 0x00, 0x41, 0x00, 0x40, 0x00,
  0x10, 0x00, 0x02, 0x01, 0x40, 0x44, 0x00, 0x12, 0x00, 0x00, 0x00, 0x00, 0x04, 0x00, 0x00, 0x42,
  0x20, 0x00, 0x02, 0x00, 0x00, 0x49, 0x00, 0x00, 0x00, 0x02, 0x00, 0x40, 0x02, 0x20, 0x08, 0x00,
  0x80, 0x00, 0x00, 0x02, 0x08, 0x00, 0x81, 0x20, 0x10, 0x10, 0x00, 0x00, 0x20, 0x80, 0x10, 0x89,
  0x00, 0x80, 0x00, 0x04, 0x00, 0x00, 0x20, 0x82, 0x01, 0x02, 0x02, 0x08, 0x80, 0x00, 0x40, 0x00,
  0x00, 0x00, 0x00, 0x04, 0x00, 0x04, 0x80, 0x44, 0x10, 0x00, 0x12, 0x00, 0x08, 0x00, 0x00, 0x00,
  0x00, 0x00, 0x00, 0x11, 0x84, 0x80, 0x00, 0x01, 0x00, 0x00, 0x80, 0x08, 0x00, 0x00, 0x00, 0x00,
  0x20, 0x00, 0x00, 0x00, 0x20, 0x02, 0x08, 0x01, 0x00, 0x02, 0x80, 0x08, 0x48, 0x40, 0x04, 0x00,
  0x10, 0x20, 0x40, 0x40, 0x00, 0x00, 0x00, 0x04, 0x00, 0x02, 0x00, 0x00, 0x00, 0x00, 0x44, 0x00,
  0x00, 0x80, 0x88, 0x00, 0x01, 0x48, 0x20, 0x00, 0x00, 0x00, 0x80, 0x40, 0x40, 0x00, 0x10, 0x10,
  0x02, 0x00, 0x20, 0x00, 0x00, 0x08, 0x00, 0x00, 0x00, 0x00, 0x40, 0x00, 0x00, 0x00, 0x20, 0x00,
  0x00, 0x00, 0x00, 0x00, 0x01, 0x10, 0x00, 0x00, 0x08, 0x10, 0x40, 0x00, 0x20, 0x10, 0x20, 0x80,
  0x41, 0x44, 0x00, 0x02, 0x00, 0x00, 0x00, 0x00, 0x00, 0x10, 0x02, 0x00, 0x40, 0x40, 0xA0, 0x02,
  0x00, 0x20, 0x00, 0x00, 0x00, 0x80, 0x00, 0x00, 0x01, 0x04, 0x01, 0x00, 0x00, 0x00, 0x00, 0x00,
  0x42, 0x10, 0x20, 0x00, 0x00, 0x01, 0x02, 0x48, 0x04, 0x04, 0x01, 0x00, 0x00, 0x20, 0x02, 0x00,
  0x00, 0x00, 0x22, 0x00, 0x00, 0x00, 0x40, 0x00, 0x04, 0x08, 0x00, 0x08, 0x00, 0x10, 0x11, 0x00,
  0x04, 0x40, 0x20, 0x80, 0x10, 0x00, 0x00, 0x00, 0x22, 0x20, 0x00, 0x10, 0x00, 0x02, 0x00, 0x00,
  0x04, 0x80, 0x20, 0x00, 0x00, 0x00, 0x00, 0x02, 0x00, 0x10, 0x08, 0x02, 0x00, 0x02, 0x00, 0x02,
  0x08, 0x40, 0x04, 0x40, 0x02, 0x09, 0x00, 0x00, 0x00, 0x04, 0x10, 0x42, 0x00, 0x02, 0x00, 0x00,
  0x00, 0x04, 0x00, 0x40, 0x04, 0x00, 0x21, 0x92, 0x01, 0x06, 0x80, 0x00, 0x20, 0x80, 0x10, 0x42,
  0x10, 0x01, 0x20, 0x00, 0x08, 0x00, 0x52, 0x00, 0x04, 0x04, 0x00, 0x08, 0x02, 0x22, 0x08, 0x11,
  0x10, 0x40, 0x00, 0x00, 0x01, 0x10, 0x08, 0x00, 0x00, 0x00, 0x08, 0x00, 0x40, 0x20, 0x40, 0x02,
  0x00, 0x40, 0x10, 0x41, 0x04, 0x00, 0x00, 0x40, 0x08, 0x80, 0x00, 0x00, 0x01, 0x00, 0x00, 0x44,
  0x00, 0x02, 0x10, 0x00, 0x20, 0x00, 0x00, 0x40, 0x80, 0x00, 0x00, 0x00, 0x00, 0x08, 0x00, 0x00,
  0x00, 0x02, 0x00, 0x00, 0x00, 0x00, 0x04, 0x08, 0x81, 0x08, 0x00, 0x10, 0x00, 0x00, 0x84, 0x00,
  0x40, 0x00, 0x02, 0x00, 0x48, 0x00, 0x20, 0x90, 0x00, 0x10, 0x00, 0x00, 0x00, 0x80, 0x08, 0x00,
  0x42, 0x00, 0x02, 0x00, 0x10, 0x00, 0x44, 0x20, 0x00, 0x00, 0x08, 0x00, 0x00, 0x02, 0x20, 0x80,
  0x21, 0x04, 0x20, 0x00, 0x02, 0x10, 0x00, 0x00, 0x00, 0x80, 0x00, 0x81, 0x00, 0x08, 0x90, 0x02,
  0x00, 0x01, 0x00, 0x00, 0x40, 0x00, 0x00, 0x00, 0x00, 0x01, 0x20, 0x04, 0x20, 0x04, 0x40, 0x20,
  0x10, 0x00, 0x02, 0x80, 0x10, 0x00, 0x10, 0x00, 0x00, 0x01, 0x00, 0x10, 0x00, 0x00, 0x40, 0x08,
  0x80, 0x20, 0x00, 0x40, 0x00, 0x10, 0x10, 0x00, 0x80, 0x00, 0x04, 0x00, 0x08, 0x04, 0x00, 0x01,
  0x00, 0x00, 0x04, 0x04, 0x04, 0x81, 0x10, 0x20, 0x00, 0x00, 0x20, 0x04, 0x40, 0x00, 0x00, 0x01,
  0x00, 0x00, 0x00, 0x00, 0x12, 0x10, 0x00, 0x80, 0x10, 0x04, 0x00, 0x90, 0x00, 0x00, 0x02, 0x00,
  0x40, 0x02, 0x00, 0x04, 0x40, 0x00, 0x00, 0x24, 0x00, 0x80, 0x00, 0x00, 0x00, 0x00, 0x01, 0x04,
  0x82, 0x00, 0x00, 0x09, 0x00, 0x00, 0x20, 0xC2, 0x01, 0x02, 0x08, 0x80, 0x00, 0x04, 0x04, 0x10,
  0x04, 0x20, 0x00, 0x10, 0x00, 0x02, 0x24, 0x41, 0x00, 0x00, 0x11, 0x81, 0x00, 0x00, 0x00, 0x00,
  0x02, 0x00, 0x00, 0x41, 0x00, 0x00, 0x01, 0x08, 0x04, 0x82, 0x00, 0x04, 0x00, 0x00, 0x04, 0x00,
  0x42, 0x00, 0x00, 0x00, 0x40, 0x82, 0x00, 0x00, 0x00, 0x08, 0x00, 0x04, 0x20, 0x02, 0x01, 0x00,
  0x00, 0x00, 0x00, 0x02, 0x01, 0x00, 0x04, 0x10, 0x10, 0x08, 0x01, 0x41, 0x00, 0x00, 0x00, 0x09,
  0x80, 0x00, 0x02, 0x80, 0x08, 0x80, 0x40, 0x00, 0x00, 0x00, 0x04, 0x04, 0x00, 0x02, 0x01, 0x20,
  0x00, 0x80, 0x00, 0x01, 0x00, 0x80, 0x00, 0x00, 0x10, 0x00, 0x90, 0x00, 0x10, 0x00, 0x00, 0x00,
  0x10, 0x20, 0x80, 0x10, 0x80, 0x20, 0x00, 0x00, 0x00, 0x80, 0x00, 0x00, 0x41, 0x20, 0x24, 0x80,
  0x21, 0x84, 0x00, 0x20, 0x00, 0x00, 0x00, 0x01, 0x80, 0x08, 0x08, 0x00, 0x80, 0x00, 0xA9, 0x00,
  0x20, 0x40, 0x00, 0x00, 0x00, 0x00, 0x10, 0x42, 0x00, 0x10, 0x08, 0x00, 0x00, 0x00, 0x00, 0x00,
  0x00, 0x20, 0x00, 0x01, 0x00, 0x88, 0x00, 0x80, 0x00, 0x10, 0x04, 0x04, 0x10, 0x20, 0x10, 0x00,
  0x22, 0x00, 0x10, 0x01, 0x00, 0x00, 0x00, 0x82, 0x08, 0x80, 0x00, 0x20, 0x00, 0x40, 0x00, 0x00,
  0x02, 0x00, 0x40, 0x00, 0x00, 0x00, 0x04, 0x00, 0x12, 0x10, 0x00, 0x00, 0x00, 0x08, 0x00, 0x40,
  0x10, 0x42, 0x40, 0x00, 0x00, 0x00, 0x00, 0x00, 0x00, 0x00, 0x40, 0x00, 0x00, 0x20, 0x80, 0x04,
  0x02, 0x00, 0x02, 0x20, 0x02, 0x08, 0x81, 0x00, 0x00, 0x02, 0x00, 0x00, 0x02, 0x08, 0x00, 0x00,
  0x20, 0x10, 0x20, 0x00, 0x10, 0x08, 0x20, 0x82, 0x89, 0x06, 0x00, 0x08, 0x20, 0x00, 0x41, 0x00,
  0x01, 0x00, 0x00, 0x02, 0x24, 0x00, 0x92, 0x00, 0x02, 0x00, 0x00, 0x10, 0x08, 0x44, 0x82, 0x00,
  0x20, 0x00, 0x02, 0x00, 0x88, 0x40, 0x10, 0x02, 0x01, 0x00, 0x00, 0x40, 0x04, 0x02, 0x00, 0x08,
  0x00, 0x00, 0x41, 0x00, 0x01, 0x00, 0x00, 0x82, 0x00, 0x00, 0x04, 0x00, 0x04, 0x00, 0x80, 0x20,
  0x00, 0x10, 0x40, 0x00, 0x00, 0x01, 0x20, 0x04, 0x00, 0x41, 0x00, 0x00, 0x20, 0x08, 0x00, 0x00,
  0x00, 0x00, 0x80, 0x20, 0x00, 0x02, 0x08, 0x00, 0x04, 0x00, 0x00, 0x80, 0x80, 0x00, 0x90, 0x08,
  0x04, 0x00, 0x00, 0x00, 0x44, 0x04, 0x10, 0x40, 0x00, 0x80, 0x00, 0x00, 0x00, 0x40, 0x20, 0x00,
  0x01, 0x00, 0x10, 0x00, 0x20, 0x00, 0x90, 0x40, 0x08, 0x04, 0x04, 0x40, 0x00, 0x00, 0x20, 0x90,
  0x01, 0x04, 0x00, 0x02, 0x00, 0x41, 0x00, 0x40, 0x20, 0x00, 0x40, 0x00, 0x01, 0xC0, 0x54, 0x08,
  0x00, 0x04, 0x00, 0x04, 0x80, 0x00, 0x00, 0x00, 0x00, 0x02, 0x00, 0x00, 0x02, 0x08, 0x00, 0x00,
  0x80, 0x00, 0x20, 0x00, 0x80, 0x00, 0x00, 0x01, 0x10, 0x00, 0x00, 0x00, 0x00, 0x00, 0x00, 0x20,
  0x00, 0x02, 0x00, 0x40, 0x00, 0x10, 0x22, 0x00, 0x40, 0x04, 0x10, 0x00, 0x40, 0x10, 0x00, 0x00,
  0x00, 0x00, 0x00, 0x20, 0x02, 0x82, 0x00, 0x00, 0x00, 0x80, 0x08, 0x08, 0x80, 0x00, 0x02, 0x08,
  0x00, 0x00, 0x10, 0x00, 0x10, 0x20, 0x00, 0x00, 0x80, 0x08, 0x04, 0x10, 0x01, 0x00, 0x00, 0x00,
  0x00, 0x10, 0x00, 0x04, 0x00, 0x01, 0x00, 0x08, 0x80, 0x00, 0x00, 0x42, 0x00, 0x00, 0x00, 0x08,
  0x00, 0x00, 0x00, 0x04, 0x00, 0x02, 0x21, 0x82, 0x41, 0x84, 0x88, 0x00, 0x08, 0x10, 0x00, 0x08,
  0x00, 0x00, 0x01, 0x40, 0x00, 0x10, 0x89, 0x80, 0x80, 0x00, 0x24, 0x01, 0x01, 0x00, 0x00, 0x20,
  0x04, 0x40, 0x80, 0x48, 0x00, 0x00, 0x04, 0x40, 0x20, 0x08, 0x08, 0x00, 0x00, 0x00, 0x20, 0x00,
  0x00, 0x21, 0x00, 0x20, 0x00, 0x04, 0x02, 0x00, 0x00, 0x40, 0x00, 0x00, 0x40, 0x02, 0x00, 0x00,
  0x10, 0x00, 0x04, 0x04, 0x02, 0x00, 0x02, 0x81, 0x20, 0x10, 0x08, 0x08, 0x00, 0x00, 0x40, 0x42,
  0x00, 0x11, 0x00, 0x00, 0x12, 0x40, 0x00, 0x02, 0x80, 0x08, 0x01, 0x04, 0x04, 0x00, 0x02, 0x00,
  0x00, 0x80, 0x00, 0x04, 0x00, 0x00, 0x00, 0x00, 0x40, 0x04, 0x20, 0x80, 0x40, 0x00, 0x08, 0x00,
  0x08, 0x10, 0x01, 0x00, 0x08, 0x02, 0x01, 0x00, 0x02, 0x00, 0x00, 0x01, 0x00, 0x00, 0x20, 0xC0,
  0x01, 0x02, 0x00, 0x00, 0x02, 0x00, 0x10, 0x00, 0x00, 0x22, 0x10, 0x10, 0x00, 0x50, 0x52, 0x00,
  0x10, 0x20, 0x00, 0x00, 0x00, 0x00, 0x00, 0x08, 0x00, 0x00, 0x20, 0x00, 0x00, 0x02, 0x80, 0x10,
  0x00, 0x00, 0x01, 0x04, 0x21, 0x40, 0x04, 0x40, 0x04, 0x08, 0x20, 0x02, 0x24, 0x41, 0x20, 0x08,
  0x48, 0x00, 0x40, 0x08, 0x10, 0x80, 0x00, 0x00, 0x02, 0x00, 0x01, 0x40, 0x00, 0x00, 0x00, 0x00,
  0x08, 0x00, 0x00, 0x01, 0x40, 0x00, 0x08, 0x00, 0x44, 0x00, 0x00, 0x00, 0x00, 0x00, 0x80, 0x00,
  0x01, 0x00, 0x00, 0x41, 0x00, 0x04, 0x00, 0x40, 0x10, 0x00, 0x40, 0x00, 0x00, 0x00, 0x01, 0x11,
  0x04, 0x00, 0x08, 0x00, 0x08, 0x00, 0x00, 0x42, 0x00, 0x00, 0x40, 0x10, 0x00, 0x40, 0x00, 0x00,
  0x00, 0x81, 0x20, 0x00, 0x22, 0x40, 0x20, 0x82, 0x21, 0x04, 0x00, 0x80, 0x00, 0x00, 0x00, 0x01,
  0x08, 0x00, 0x00, 0x04, 0x00, 0x8A, 0x44, 0x00, 0x00, 0x00, 0x00, 0x00, 0x10, 0x24, 0x22, 0x02,
  0x40, 0x08, 0x08, 0x00, 0x20, 0x00, 0x01, 0x00, 0x00, 0x00, 0x00, 0x20, 0x00, 0x10, 0x00, 0x00,
  0x00, 0x00, 0x04, 0x00, 0x00, 0x00, 0x00, 0x01, 0x00, 0x10, 0x04, 0x00, 0x02, 0x00, 0x00, 0x24,
  0x00, 0x00, 0x00, 0x00, 0x20, 0x80, 0x20, 0x20, 0x00, 0x02, 0x42, 0x00, 0x08, 0x20, 0x00, 0x00,
  0x00, 0x00, 0x20, 0x02, 0x00, 0x00, 0x00, 0x00, 0x20, 0x00, 0x00, 0x00, 0x00, 0x00, 0x20, 0x12,
  0x04, 0x02, 0x10, 0x00, 0x90, 0x24, 0x48, 0x00, 0x01, 0x00, 0x02, 0x22, 0x00, 0x88, 0x00, 0x00,
  0x00, 0x04, 0x08, 0x00, 0x02, 0x00, 0x10, 0x41, 0x40, 0x20, 0x08, 0x40, 0x00, 0x10, 0x20, 0x90,
  0x01, 0x46, 0x20, 0x20, 0x80, 0x08, 0x02, 0x00, 0x81, 0x00, 0x00, 0x01, 0x10, 0x51, 0x2A, 0x08,
  0x04, 0x00, 0x01, 0x20, 0x04, 0x01, 0x00, 0x00, 0x02, 0x00, 0x02, 0x00, 0x08, 0x40, 0x00, 0x00,
  0x04, 0x42, 0x00, 0x01, 0x00, 0x00, 0x00, 0x04, 0x00, 0x00, 0x00, 0x80, 0x00, 0x00, 0x00, 0x00,
  0x02, 0x04, 0x00, 0x82, 0x00, 0x20, 0x88, 0x00, 0x00, 0x11, 0x80, 0x10, 0x00, 0x04, 0x00, 0x00,
  0x00, 0x80, 0x00, 0x00, 0x01, 0x08, 0x02, 0x88, 0x00, 0x00, 0x01, 0x40, 0x00, 0x12, 0x10, 0x40,
  0x00, 0x20, 0x44, 0x00, 0x80, 0x40, 0x08, 0x00, 0x00, 0x20, 0x04, 0x40, 0x04, 0x00, 0x00, 0x00,
  0x00, 0x41, 0x00, 0x00, 0x00, 0x00, 0x40, 0x00, 0x44, 0x00, 0x00, 0x04, 0x40, 0x08, 0x00, 0x10,
  0x00, 0x00, 0x00, 0x00, 0x00, 0x01, 0x28, 0x82, 0x41, 0x04, 0x04, 0x04, 0x00, 0x00, 0x00, 0x10,
  0x00, 0x00, 0x41, 0x00, 0x84, 0x84, 0x02, 0x80, 0x00, 0x42, 0x10, 0x01, 0x00, 0x00, 0x00, 0x00,
  0x00, 0x82, 0x00, 0x12, 0x01, 0x10, 0x20, 0x02, 0x40, 0x00, 0x40, 0x00, 0x08, 0x02, 0x80, 0x00,
  0x20, 0x81, 0x00, 0x24, 0x00, 0x00, 0x04, 0x80, 0x00, 0x00, 0x00, 0x00, 0x00, 0x04, 0x00, 0x00,
  0x40, 0x00, 0x00, 0x00, 0x04, 0x00, 0x00, 0x02, 0x02, 0x20, 0x00, 0x40, 0x00, 0x02, 0x00, 0x01,
  0x10, 0x24, 0x00, 0x00, 0x44, 0x00, 0x01, 0x10, 0x08, 0x02, 0x00, 0x00, 0x22, 0x00, 0x02, 0x00,
  0x00, 0x00, 0x00, 0x04, 0x00, 0x00, 0x00, 0x40, 0x20, 0x00, 0x00, 0x00, 0x00, 0x01, 0x04, 0x10,
  0x00, 0x40, 0x02, 0x00, 0x00, 0x00, 0x04, 0x00, 0x08, 0x08, 0x00, 0x08, 0x10, 0x00, 0x20, 0x80,
  0x41, 0x02, 0x00, 0x00, 0x20, 0x80, 0x20, 0x04, 0x00, 0x48, 0x08, 0x00, 0x41, 0x52, 0x29, 0x01,
  0x80, 0x00, 0x00, 0x00, 0x01, 0x00, 0x10, 0x40, 0x20, 0x00, 0x00, 0x00, 0x00, 0x02, 0x00, 0x20,
  0x00, 0x00, 0x08, 0x00, 0x82, 0x00, 0x11, 0x40, 0x02, 0x20, 0x40, 0x00, 0x88, 0x48, 0x40, 0x00,
  0x80, 0x00, 0x11, 0x00, 0x80, 0x00, 0x00, 0x80, 0x04, 0x80, 0x08, 0x04, 0x00, 0x21, 0x84, 0x80,
  0x40, 0x08, 0x00, 0x10, 0x80, 0x00, 0x40, 0x00, 0x00, 0x01, 0x08, 0x11, 0x00, 0x00, 0x00, 0x04,
  0x00, 0x00, 0x01, 0x90, 0x00, 0x08, 0x00, 0x00, 0x41, 0x00, 0x01, 0x00, 0x00, 0x00, 0x00, 0x04,
  0x00, 0x10, 0x40, 0x08, 0x49, 0x20, 0x00, 0x04, 0x01, 0x00, 0x80, 0x80, 0x00, 0x82, 0x00, 0x00,
  0x00, 0x00, 0x00, 0x02, 0x04, 0x00, 0x21, 0xC2, 0x11, 0x04, 0x01, 0x01, 0x08, 0x20, 0x00, 0x00,
  0x08, 0x00, 0x00, 0x40, 0x90, 0x24, 0x22, 0x00, 0x00, 0x00, 0x00, 0x08, 0x40, 0x40, 0x04, 0x11,
  0x00, 0x00, 0x80, 0x00, 0x00, 0x00, 0x08, 0x00, 0x02, 0x10, 0x02, 0x10, 0x00, 0x40, 0x00, 0x00,
  0x00, 0x00, 0x10, 0x00, 0x00, 0x00, 0x00, 0x08, 0x20, 0x00, 0x00, 0x11, 0x10, 0x00, 0x42, 0x08,
  0x00, 0x20, 0x00, 0x01, 0x41, 0x00, 0x00, 0x20, 0x00, 0x02, 0x10, 0x01, 0x00, 0x00, 0x11, 0x00,
  0x02, 0x00, 0x00, 0x00, 0x00, 0x00, 0x00, 0x01, 0x00, 0x40, 0x00, 0x04, 0x00, 0x00, 0x80, 0x44,
  0x00, 0x44, 0x80, 0x00, 0x00, 0x84, 0x44, 0x00, 0x00, 0x00, 0x10, 0x00, 0x00, 0x00, 0x80, 0x00,
  0x00, 0x11, 0x00, 0x20, 0x08, 0x00, 0x80, 0x04, 0x02, 0x01, 0x89, 0x80, 0x00, 0x44, 0x20, 0x90,
  0x41, 0x46, 0x00, 0x00, 0x01, 0x02, 0x00, 0x81, 0x80, 0x00, 0x00, 0x10, 0x48, 0x92, 0x04, 0x10,
  0x10, 0x10, 0x44, 0x00, 0x00, 0x08, 0x00, 0x00, 0x04, 0x10, 0x20, 0x80, 0x40, 0x00, 0x00, 0x00,
  0x00, 0x04, 0x00, 0x00, 0x00, 0x00, 0x00, 0x10, 0x00, 0x08, 0x04, 0x00, 0x02, 0x00, 0x10, 0x00,
  0x08, 0x10, 0x00, 0x00, 0x02, 0x80, 0x00, 0x00, 0x00, 0x04, 0x40, 0x00, 0x00, 0x00, 0x20, 0x00,
  0x00, 0x00, 0x00, 0x00, 0x10, 0x40, 0x00, 0x90, 0x00, 0x00, 0x40, 0x00, 0x08, 0x22, 0x44, 0x00,
  0x40, 0x08, 0x20, 0x00, 0x00, 0x80, 0x00, 0x00, 0x10, 0x00, 0x00, 0x20, 0x42, 0x00, 0x00, 0x00,
  0x04, 0x02, 0x02, 0x02, 0x00, 0x00, 0x11, 0x00, 0x10, 0x00, 0x10, 0x00, 0x80, 0x20, 0x00, 0x80,
  0x00, 0x40, 0x00, 0x00, 0x00, 0x01, 0x20, 0x82, 0x01, 0x04, 0x20, 0x20, 0x00, 0x00, 0x44, 0x00,
  0x00, 0x00, 0x00, 0x02, 0x22, 0x49, 0x29, 0x00, 0x01, 0x00, 0x01, 0x40, 0x08, 0x00, 0x00, 0x00,
  0x00, 0x01, 0x02, 0x20, 0x08, 0x80, 0x00, 0x09, 0x90, 0x00, 0x00, 0x82, 0x00, 0x10, 0x00, 0x02,
  0x10, 0x01, 0x00, 0x12, 0x00, 0x02, 0x02, 0x42, 0x00, 0x04, 0x04, 0x80, 0x00, 0x10, 0x00, 0x00,
  0x10, 0x01, 0x10, 0x40, 0x00, 0x80, 0x00, 0x08, 0x10, 0x00, 0x02, 0x00, 0x04, 0x10, 0x00, 0x00,
  0x20, 0x20, 0x02, 0x80, 0x80, 0x00, 0x00, 0x00, 0x09, 0x00, 0x00, 0x00, 0x10, 0x21, 0x20, 0x00,
  0x00, 0x00, 0x10, 0x08, 0x00, 0x00, 0x00, 0x20, 0x40, 0x80, 0x00, 0x40, 0x00, 0x04, 0x00, 0x00,
  0x00, 0x00, 0x04, 0x04, 0x00, 0x00, 0x10, 0x00, 0x20, 0x10, 0x00, 0x00, 0x40, 0x00, 0x20, 0x80,
  0x41, 0x02, 0x00, 0x08, 0x00, 0x00, 0x00, 0x00, 0x20, 0x44, 0x44, 0x80, 0x48, 0x24, 0x22, 0x02,
  0x00, 0x02, 0x00, 0x04, 0x00, 0x02, 0x00, 0x00, 0x40, 0x80, 0x00, 0x08, 0x00, 0x08, 0x40, 0x80,
  0x00, 0x80, 0x40, 0x00, 0x10, 0x01, 0x24, 0x00, 0x02, 0x00, 0x00, 0x00, 0x20, 0x20, 0x00, 0x00,
  0x00, 0x00, 0x41, 0x00, 0x00, 0x02, 0x10, 0x21, 0x02, 0x00, 0x02, 0x00, 0x10, 0x08, 0x08, 0x00,
  0x00, 0x80, 0x00, 0x84, 0x00, 0x02, 0x00, 0x04, 0x00, 0x04, 0x00, 0x08, 0x00, 0x00, 0x01, 0x00,
  0x00, 0x00, 0x08, 0x01, 0x04, 0x00, 0x08, 0x00, 0x00, 0x21, 0x00, 0x00, 0x00, 0x10, 0x00, 0x01,
  0x00, 0x20, 0x00, 0x00, 0x84, 0x40, 0x00, 0x90, 0x04, 0x84, 0x00, 0x00, 0x20, 0x00, 0x04, 0x20,
  0x00, 0x00, 0x00, 0x20, 0x10, 0x00, 0x24, 0xC1, 0x01, 0x04, 0x08, 0x02, 0x40, 0x88, 0x00, 0x10,
  0x02, 0x00, 0x00, 0x20, 0x92, 0x48, 0x09, 0x40, 0x40, 0x00, 0x00, 0x01, 0x80, 0x80, 0x48, 0x22,
  0x02, 0x00, 0x00, 0x00, 0x00, 0x02, 0x04, 0x00, 0x00, 0x00, 0x10, 0x00, 0x04, 0x00, 0x00, 0x00,
  0x00, 0x80, 0x00, 0x80, 0x00, 0x00, 0x00, 0x00, 0x02, 0x01, 0x00, 0x04, 0x40, 0x00, 0x00, 0x00,
  0x00, 0x00, 0x00, 0x10, 0x00, 0x02, 0x00, 0x02, 0x82, 0x10, 0x20, 0x01, 0x00, 0x00, 0x08, 0x01,
  0x00, 0x01, 0x20, 0x00, 0x20, 0x00, 0x00, 0x20, 0x00, 0x02, 0x01, 0x20, 0x01, 0x00, 0x00, 0x88,
  0x04, 0x00, 0x02, 0x01, 0x08, 0x01, 0x49, 0x00, 0x11, 0x00, 0x40, 0x10, 0x00, 0x00, 0x00, 0x01,
  0x80, 0x00, 0x00, 0x81, 0x04, 0x04, 0x01, 0x02, 0x00, 0x02, 0x10, 0x01, 0x04, 0x20, 0x20, 0x84,
  0x21, 0x86, 0x00, 0x00, 0x08, 0x00, 0x00, 0x00, 0x00, 0x00, 0x00, 0x88, 0x20, 0x25, 0x24, 0x00,
  0x08, 0x20, 0x10, 0x00, 0x22, 0x00, 0x00, 0x00, 0x00, 0x08, 0x20, 0x02, 0x80, 0x00, 0x00, 0x00,
  0x08, 0x20, 0x00, 0x10, 0x00, 0x80, 0x00, 0x40, 0x00, 0x20, 0x88, 0x00, 0x08, 0x00, 0x20, 0x08,
  0x40, 0x00, 0x00, 0x40, 0x10, 0x00, 0x02, 0x08, 0x00, 0x20, 0x00, 0x04, 0x04, 0x00, 0x02, 0x80,
  0x00, 0x00, 0x00, 0x00, 0x40, 0x00, 0x00, 0x00, 0x42, 0x00, 0x08, 0x02, 0x02, 0x10, 0x20, 0x04,
  0x00, 0x20, 0x00, 0x00, 0x00, 0x04, 0x00, 0x02, 0x00, 0x00, 0x00, 0x00, 0x01, 0x00, 0x00, 0x10,
  0x00, 0x04, 0x10, 0x04, 0x00, 0x00, 0x24, 0x00, 0x00, 0x00, 0x00, 0x20, 0x00, 0x40, 0x00, 0x00,
  0x08, 0x00, 0x02, 0x00, 0x01, 0x08, 0x20, 0x80, 0x41, 0x04, 0x80, 0x00, 0x02, 0x02, 0x48, 0x84,
  0x00, 0x01, 0x01, 0x49, 0x4A, 0x92, 0x02, 0x10, 0x00, 0x00, 0x02, 0x40, 0x00, 0x20, 0x00, 0x00,
  0x00, 0x00, 0x00, 0x00, 0x11, 0x80, 0x00, 0x10, 0x02, 0x01, 0x00, 0x00, 0x01, 0x04, 0x00, 0x11,
  0x20, 0x09, 0x00, 0x08, 0x00, 0x09, 0x09, 0x82, 0x10, 0x20, 0x00, 0x00, 0x00, 0x20, 0x00, 0x00,
  0x20, 0x09, 0x80, 0x00, 0x80, 0x80, 0x80, 0x00, 0x00, 0x00, 0x00, 0x40, 0x00, 0x80, 0x40, 0x40,
  0x10, 0x80, 0x00, 0x40, 0x00, 0x04, 0x08, 0x00, 0x44, 0x00, 0x00, 0x08, 0x00, 0x41, 0x00, 0x00,
  0x40, 0x04, 0x20, 0x20, 0x00, 0x40, 0x00, 0x00, 0x00, 0x01, 0x00, 0x00, 0x10, 0x08, 0x00, 0x00,
  0x00, 0x20, 0x10, 0x00, 0x00, 0x00, 0x80, 0x00, 0x82, 0x40, 0x00, 0x08, 0x00, 0x00, 0x22, 0xC2,
  0x01, 0x02, 0x00, 0x80, 0x00, 0x00, 0x02, 0x00, 0x10, 0x10, 0x10, 0x22, 0x90, 0x44, 0x08, 0x02,
  0x02, 0x04, 0x00, 0x10, 0x00, 0x00, 0x00, 0x80, 0x10, 0x81, 0x08, 0x00, 0x00, 0x00, 0x10, 0x01,
  0x00, 0x00, 0x02, 0x02, 0x80, 0x00, 0x10, 0x00, 0x04, 0x00, 0x00, 0x00, 0x00, 0x00, 0x00, 0x00,
  0x00, 0x00, 0x24, 0x01, 0x04, 0x08, 0x40, 0x82, 0x04, 0x00, 0x12, 0x00, 0x01, 0x20, 0x00, 0x20,
  0x10, 0x02, 0x04, 0x00, 0x08, 0x24, 0x00, 0x00, 0x00, 0x20, 0x00, 0x00, 0x00, 0x00, 0x01, 0x00,
  0x01, 0x00, 0x20, 0x02, 0x40, 0x00, 0x44, 0x00, 0x10, 0x40, 0x08, 0x08, 0x40, 0x08, 0x00, 0x04,
  0x42, 0x80, 0x00, 0x00, 0x01, 0x81, 0x00, 0x88, 0x88, 0x08, 0x02, 0x08, 0x80, 0x00, 0x00, 0x20,
  0x00, 0x10, 0x00, 0x00, 0x00, 0x01, 0x20, 0x90, 0x21, 0x44, 0x04, 0x20, 0x00, 0x20, 0x00, 0x00,
  0x00, 0x00, 0x00, 0x95, 0x2A, 0x29, 0x91, 0x00, 0x80, 0x00, 0x80, 0x00, 0x00, 0x04, 0x04, 0x24,
  0x00, 0x00, 0x00, 0x20, 0x00, 0x20, 0x00, 0x00, 0x40, 0x08, 0x20, 0x00, 0x20, 0x40, 0x04, 0x00,
  0x00, 0x00, 0x20, 0x80, 0x20, 0x00, 0x00, 0x00, 0x00, 0x00, 0x01, 0x10, 0x00, 0x02, 0x10, 0x00,
  0x00, 0x00, 0x00, 0x00, 0x00, 0x00, 0x20, 0x08, 0x00, 0x20, 0x40, 0x08, 0x00, 0x00, 0x08, 0x08,
  0x00, 0x00, 0x00, 0x10, 0x10, 0x01, 0x00, 0x02, 0x00, 0x04, 0x02, 0x00, 0x08, 0x00, 0x00, 0x20,
  0x01, 0x00, 0x00, 0x02, 0x10, 0x00, 0x10, 0x81, 0x00, 0x00, 0x08, 0x02, 0x00, 0x00, 0x00, 0x02,
  0x00, 0x00, 0x00, 0x01, 0x10, 0x08, 0x10, 0x08, 0x00, 0x00, 0x20, 0x01, 0x40, 0x80, 0x20, 0x85,
  0x41, 0x06, 0x20, 0x04, 0x40, 0x00, 0x00, 0x20, 0x04, 0x00, 0x80, 0x04, 0x20, 0x41, 0x0A, 0x00,
  0x20, 0x40, 0x20, 0x00, 0x24, 0x00, 0x41, 0x00, 0x00, 0x10, 0x80, 0x04, 0x08, 0x08, 0x00, 0x40,
  0x00, 0x00, 0x00, 0x20, 0x08, 0x00, 0x00, 0x00, 0x00, 0x00, 0x09, 0x22, 0x04, 0x20, 0x00, 0x20,
  0x04, 0x02, 0x00, 0x00, 0x81, 0x00, 0x01, 0x00, 0x00, 0x80, 0x00, 0x20, 0x10, 0x04, 0x00, 0x00,
  0x80, 0x00, 0x00, 0x00, 0x82, 0x00, 0x00, 0x00, 0x04, 0x04, 0x88, 0x04, 0x04, 0x00, 0x80, 0x40,
  0x00, 0x40, 0x00, 0x80, 0x00, 0x00, 0x00, 0x08, 0x00, 0x00, 0x02, 0x00, 0x04, 0x00, 0x04, 0x00,
  0x00, 0x10, 0x80, 0x40, 0x40, 0x00, 0x88, 0x00, 0x00, 0x00, 0x00, 0x00, 0x02, 0x00, 0x01, 0x00,
  0x20, 0x00, 0x08, 0x40, 0x04, 0x20, 0x20, 0x80, 0x01, 0x04, 0x00, 0x00, 0x00, 0x04, 0x40, 0x02,
  0x80, 0x44, 0x22, 0x51, 0x95, 0x14, 0x20, 0x40, 0x00, 0x00, 0x04, 0x08, 0x00, 0x00, 0x00, 0x00,
  0x08, 0x04, 0x20, 0x00, 0x02, 0x01, 0x42, 0x08, 0x04, 0x40, 0x00, 0x00, 0x02, 0x10, 0x00, 0x89,
  0x40, 0x40, 0x00, 0x00, 0x00, 0x04, 0x42, 0x02, 0x80, 0x20, 0x00, 0x00, 0x00, 0x00, 0x00, 0x20,
  0x40, 0x08, 0x00, 0x01, 0x00, 0x01, 0x08, 0x00, 0x02, 0x00, 0x01, 0x80, 0x00, 0x00, 0x82, 0x80,
  0x00, 0x01, 0x02, 0x00, 0x00, 0x20, 0x00, 0x00, 0x20, 0x00, 0x00, 0x20, 0x00, 0x10, 0x21, 0x02,
  0x00, 0x12, 0x00, 0x00, 0x01, 0x04, 0x01, 0x00, 0x10, 0x00, 0x02, 0x00, 0x08, 0x10, 0x02, 0x00,
  0x22, 0x00, 0x20, 0x00, 0x00, 0x40, 0x00, 0x01, 0x01, 0x02, 0x02, 0x10, 0x00, 0x08, 0x20, 0x82,
  0x21, 0x02, 0x00, 0x00, 0x08, 0x80, 0x04, 0x00, 0x00, 0x00, 0xA0, 0x02, 0x48, 0xA4, 0x0A, 0x00,
  0x04, 0x10, 0x00, 0x80, 0x00, 0x21, 0x00, 0x00, 0x82, 0x00, 0x02, 0x00, 0x00, 0x00, 0x00, 0x00,
  0x00, 0x02, 0x84, 0x08, 0x00, 0x04, 0x40, 0x00, 0x08, 0x04, 0x00, 0x00, 0x00, 0x01, 0x00, 0x00,
  0x20, 0x00, 0x80, 0x08, 0x10, 0x00, 0x00, 0x04, 0x04, 0x00, 0x10, 0x00, 0x02, 0x00, 0x01, 0x01,
  0x20, 0x40, 0x10, 0x02, 0x00, 0x88, 0x00, 0x20, 0x40, 0x80, 0x00, 0x00, 0x01, 0x00, 0x12, 0x00,
  0x00, 0x02, 0x90, 0x08, 0x00, 0x02, 0x00, 0x00, 0x88, 0x00, 0x40, 0x00, 0x00, 0x40, 0x00, 0x20,
  0x00, 0x01, 0x00, 0x00, 0x00, 0x00, 0x00, 0x40, 0x00, 0x22, 0x09, 0x20, 0x00, 0x01, 0x40, 0x00,
  0x00, 0x20, 0x00, 0x00, 0x00, 0x00, 0x20, 0xC0, 0x41, 0x44, 0x82, 0x00, 0x01, 0x01, 0x00, 0x80,
  0x20, 0x00, 0x40, 0x54, 0x92, 0x02, 0x22, 0x08, 0x00, 0x04, 0x00, 0x00, 0x00, 0x00, 0x00, 0x22,
  0x00, 0x80, 0x00, 0x40, 0x00, 0x00, 0x10, 0x00, 0x20, 0x00, 0x00, 0x00, 0x00, 0x00, 0x02, 0x00,
  0x00, 0x00, 0x00, 0x00, 0x40, 0x00, 0x10, 0x80, 0x00, 0x00, 0x04, 0x00, 0x00, 0x20, 0x44, 0x00,
  0x00, 0x02, 0x04, 0x88, 0x00, 0x40, 0x00, 0x20, 0x00, 0x08, 0x00, 0x20, 0x20, 0x00, 0x00, 0x04,
  0x00, 0x00, 0x00, 0x00, 0x40, 0x04, 0x00, 0x08, 0x04, 0x20, 0x04, 0x00, 0x48, 0x00, 0x00, 0x00,
  0x02, 0x00, 0x00, 0x08, 0x00, 0x01, 0x80, 0x08, 0x04, 0x40, 0x00, 0x08, 0x02, 0x04, 0x00, 0x10,
  0x00, 0x00, 0x00, 0x02, 0x20, 0x10, 0x08, 0x40, 0x10, 0x00, 0x00, 0x02, 0x20, 0x00, 0x24, 0x82,
  0x01, 0x06, 0x20, 0x48, 0x00, 0x20, 0x00, 0x10, 0x08, 0x00, 0x94, 0x80, 0x28, 0xA8, 0x08, 0x00,
  0x00, 0x01, 0x00, 0x01, 0x08, 0x08, 0x88, 0x00, 0x00, 0x00, 0x00, 0x08, 0x20, 0x20, 0x00, 0x42,
  0x08, 0x00, 0x01, 0x00, 0x80, 0x00, 0x00, 0x00, 0x00, 0x00, 0x40, 0x12, 0x11, 0x80, 0x00, 0x10,
  0x08, 0x80, 0x00, 0x40, 0x02, 0x04, 0x00, 0x00, 0x01, 0x40, 0x00, 0x00, 0x20, 0x10, 0x00, 0x08,
  0x08, 0x00, 0x00, 0x00, 0x00, 0x02, 0x20, 0x00, 0x10, 0x20, 0x40, 0x44, 0x00, 0x00, 0x00, 0x80,
  0x00, 0x00, 0x00, 0x00, 0x02, 0x00, 0x84, 0x80, 0x00, 0x80, 0x08, 0x80, 0x40, 0x00, 0x20, 0x00,
  0x00, 0x08, 0x90, 0x80, 0x00, 0x81, 0x20, 0x02, 0x00, 0x00, 0x00, 0x00, 0x09, 0x00, 0x00, 0x10,
  0x00, 0x08, 0x80, 0x00, 0x02, 0x02, 0x20, 0x80, 0x21, 0x04, 0x00, 0x00, 0x40, 0x00, 0x20, 0x02,
  0x00, 0x48, 0x22, 0x15, 0x42, 0x02, 0x11, 0x82, 0x20, 0x00, 0x49, 0x10, 0x82, 0x00, 0x01, 0x00,
  0x20, 0x10, 0x20, 0x02, 0x08, 0x02, 0x02, 0x00, 0x00, 0x10, 0x20, 0x80, 0x08, 0x80, 0x00, 0x10,
  0x01, 0x21, 0x04, 0x00, 0x00, 0x20, 0x00, 0x04, 0x00, 0x08, 0x20, 0x00, 0x80, 0x00, 0x00, 0x20,
  0x20, 0x00, 0x00, 0x01, 0x00, 0x02, 0x20, 0x00, 0x02, 0x02, 0x40, 0x00, 0x04, 0x00, 0x00, 0x00,
  0x04, 0x08, 0x10, 0x00, 0x10, 0x40, 0x80, 0x00, 0x40, 0x08, 0x00, 0x00, 0x00, 0x40, 0x00, 0x10,
  0x00, 0x20, 0x00, 0x01, 0x10, 0x00, 0x08, 0x00, 0x41, 0x00, 0x04, 0x00, 0x40, 0x00, 0x08, 0x00,
  0x44, 0x08, 0x00, 0x00, 0x00, 0x00, 0x00, 0x00, 0x00, 0x01, 0x11, 0x80, 0x00, 0x80, 0x20, 0x92,
  0x01, 0x06, 0x00, 0x00, 0x10, 0x00, 0x04, 0x00, 0x00, 0x02, 0x49, 0x40, 0x14, 0xA9, 0x04, 0x00,
  0x08, 0x00, 0x00, 0x00, 0x00, 0x00, 0x00, 0x80, 0x08, 0x02, 0x08, 0x00, 0x02, 0x00, 0x80, 0x00,
  0x02, 0x02, 0x00, 0x22, 0x00, 0x10, 0x10, 0x01, 0x10, 0x00, 0x00, 0x00, 0x00, 0x00, 0x00, 0x01,
  0x00, 0x02, 0x00, 0x02, 0x20, 0x00, 0x01, 0x09, 0x00, 0x10, 0x40, 0x00, 0x00, 0x00, 0x00, 0x02,
  0x00, 0x00, 0x12, 0x04, 0x00, 0x20, 0x02, 0x81, 0x00, 0x00, 0x00, 0x00, 0x00, 0x10, 0x04, 0x20,
  0x00, 0x00, 0x00, 0x11, 0x00, 0x08, 0x20, 0x00, 0x40, 0x04, 0x00, 0x00, 0x00, 0x10, 0x01, 0x00,
  0x00, 0x00, 0x00, 0x20, 0x00, 0x00, 0x00, 0x00, 0x00, 0x80, 0x88, 0x08, 0x00, 0x82, 0x00, 0x02,
  0x04, 0x00, 0x00, 0x00, 0x00, 0x20, 0x20, 0x80, 0x41, 0x04, 0x11, 0x02, 0x00, 0x84, 0x00, 0x00,
  0x81, 0x00, 0x12, 0x15, 0x49, 0x10, 0x28, 0x00, 0x00, 0x40, 0x00, 0x00, 0x00, 0x00, 0x00, 0x08,
  0x00, 0x00, 0x00, 0x80, 0x00, 0x80, 0x20, 0x10, 0x80, 0x00, 0x00, 0x00, 0x00, 0x02, 0x00, 0x00,
  0x00, 0x00, 0x00, 0x00, 0x00, 0x04, 0x44, 0x00, 0x82, 0x00, 0x08, 0x10, 0x00, 0x40, 0x10, 0x00,
  0x00, 0x01, 0x04, 0x10, 0x09, 0x00, 0x04, 0x00, 0x80, 0x40, 0x00, 0x40, 0x40, 0x00, 0x40, 0x10,
  0x00, 0x01, 0x02, 0x10, 0x04, 0x02, 0x00, 0x08, 0x08, 0x00, 0x11, 0x00, 0x01, 0x01, 0x00, 0x00,
  0x10, 0x00, 0x20, 0x10, 0x04, 0x00, 0x00, 0x22, 0x00, 0x84, 0x00, 0x04, 0x00, 0x20, 0x00, 0x20,
  0x00, 0x02, 0x00, 0x80, 0x00, 0x20, 0x24, 0x00, 0x40, 0x40, 0x00, 0x10, 0x20, 0x08, 0x20, 0x81,
  0x11, 0x42, 0x00, 0x40, 0x04, 0x20, 0x00, 0x20, 0x20, 0xC0, 0x24, 0x40, 0x10, 0x4A, 0x25, 0x08,
  0x01, 0x08, 0x00, 0x40, 0x20, 0x44, 0x10, 0x01, 0x00, 0x00, 0x01, 0x00, 0x00, 0x08, 0x00, 0x00,
  0x00, 0x80, 0x84, 0x00, 0x20, 0x00, 0x00, 0x00, 0x00, 0x84, 0x10, 0x91, 0x44, 0x00, 0x00, 0x80,
  0x20, 0x80, 0x00, 0x00, 0x02, 0x10, 0x00, 0x00, 0x04, 0x00, 0x00, 0x00, 0x80, 0x00, 0x01, 0x40,
  0x00, 0x10, 0x00, 0x00, 0x10, 0x04, 0x10, 0x00, 0x00, 0x00, 0x00, 0x01, 0x01, 0x00, 0x40, 0x00,
  0x00, 0x02, 0x00, 0x00, 0x20, 0x00, 0x02, 0x02, 0x02, 0x00, 0x02, 0x00, 0x01, 0x04, 0x00, 0x00,
  0x08, 0x01, 0x80, 0x00, 0x08, 0x08, 0x82, 0x04, 0x42, 0x00, 0x00, 0x00, 0x20, 0x00, 0x00, 0x80,
  0x00, 0x10, 0x00, 0x01, 0x08, 0x02, 0x28, 0xC2, 0x01, 0x04, 0x00, 0x10, 0x00, 0x00, 0x40, 0x02,
  0x00, 0x00, 0x49, 0x15, 0x8A, 0x00, 0x10, 0x02, 0x00, 0x01, 0x10, 0x12, 0x04, 0x00, 0x04, 0x00,
  0x02, 0x40, 0x00, 0x11, 0x40, 0x02, 0x00, 0x80, 0x20, 0x00, 0x00, 0x00, 0x02, 0x00, 0x42, 0x48,
  0x82, 0x00, 0x00, 0x00, 0x00, 0x80, 0x00, 0x00, 0x00, 0x00, 0x80, 0x00, 0x00, 0x04, 0x00, 0x00,
  0x41, 0x80, 0x00, 0x00, 0x00, 0x08, 0x40, 0x00, 0x04, 0x00, 0x00, 0x02, 0x04, 0x00, 0x01, 0x00,
  0x20, 0x20, 0x40, 0x00, 0x80, 0x00, 0x10, 0x00, 0x82, 0x20, 0x00, 0x04, 0x00, 0x00, 0x00, 0x20,
  0x00, 0x80, 0x00, 0x02, 0x00, 0x81, 0x20, 0x00, 0x02, 0x00, 0x10, 0x00, 0x02, 0x01, 0x20, 0x00,
  0x00, 0x20, 0x10, 0x02, 0x08, 0x08, 0x00, 0x10, 0x00, 0x00, 0x24, 0x00, 0x02, 0x00, 0x20, 0x90,
  0x41, 0x06, 0x80, 0x00, 0x80, 0x00, 0x10, 0x00, 0x08, 0x50, 0x02, 0x48, 0x24, 0x49, 0x05, 0x00,
  0x40, 0x00, 0x04, 0x00, 0x00, 0x00, 0x00, 0x40, 0x40, 0x02, 0x20, 0x00, 0x00, 0x00, 0x04, 0x02,
  0x08, 0x10, 0x00, 0x10, 0x00, 0x40, 0x00, 0x00, 0x20, 0x00, 0x04, 0x00, 0x00, 0x10, 0x00, 0x10,
  0x00, 0x20, 0x00, 0x40, 0x20, 0x00, 0x20, 0x21, 0x00, 0x08, 0x20, 0x42, 0x00, 0x00, 0x00, 0x04,
  0x40, 0x00, 0x88, 0x00, 0x01, 0x40, 0x00, 0x00, 0x02, 0x08, 0x08, 0x00, 0x00, 0x80, 0x04, 0x04,
  0x00, 0x00, 0x84, 0x40, 0x08, 0x40, 0x20, 0x00, 0x00, 0x09, 0x80, 0x00, 0x00, 0x00, 0x08, 0x08,
  0x00, 0x00, 0x02, 0x40, 0x00, 0x00, 0x00, 0x00, 0x10, 0x00, 0x02, 0x20, 0x00, 0x02, 0x00, 0x01,
  0x08, 0x02, 0x00, 0x80, 0x00, 0x00, 0x22, 0x82, 0x01, 0x04, 0x08, 0x00, 0x20, 0x08, 0x04, 0x00,
  0x02, 0xA4, 0x94, 0x82, 0x44, 0x20, 0x28, 0x40, 0x08, 0x00, 0x01, 0x00, 0x00, 0x01, 0x00, 0x10,
  0x00, 0x00, 0x00, 0x00, 0x02, 0x80, 0x40, 0x20, 0x00, 0x04, 0x10, 0x04, 0x80, 0x08, 0x00, 0x00,
  0x00, 0x20, 0x00, 0x04, 0x00, 0x01, 0x08, 0x01, 0x00, 0x08, 0x04, 0x08, 0x08, 0x00, 0x04, 0x00,
  0x00, 0x00, 0x08, 0x00, 0x08, 0x41, 0x00, 0x00, 0x01, 0x04, 0x02, 0x20, 0x00, 0x02, 0x00, 0x22,
  0x00, 0x02, 0x02, 0x10, 0x20, 0x10, 0x00, 0x80, 0x00, 0x00, 0x00, 0x00, 0x00, 0x04, 0x00, 0x08,
  0x40, 0x00, 0x10, 0x20, 0x20, 0x00, 0x00, 0x82, 0x40, 0x20, 0x00, 0x08, 0x40, 0x00, 0x00, 0x40,
  0x00, 0x00, 0x00, 0x00, 0x02, 0x00, 0x22, 0x00, 0x80, 0x00, 0x00, 0x08, 0x00, 0x80, 0x20, 0x80,
  0x51, 0x02, 0x01, 0x04, 0x09, 0x00, 0x01, 0x10, 0x00, 0x10, 0x41, 0x28, 0x12, 0x8A, 0x12, 0x00,
  0x00, 0x20, 0x00, 0x01, 0x00, 0x90, 0x80, 0x00, 0x10, 0x10, 0x04, 0x40, 0x20, 0x20, 0x00, 0x00,
  0x00, 0x00, 0x02, 0x01, 0x08, 0x00, 0x10, 0x01, 0x00, 0x00, 0x40, 0x00, 0x11, 0x00, 0x00, 0x00,
  0x12, 0x02, 0x40, 0x00, 0x00, 0x02, 0x01, 0x08, 0x10, 0x02, 0x02, 0x00, 0x42, 0x00, 0x08, 0x20,
  0x00, 0x80, 0x00, 0x00, 0x80, 0x00, 0x10, 0x00, 0x80, 0x00, 0x00, 0x04, 0x01, 0x00, 0x00, 0x00,
  0x20, 0x80, 0x00, 0x00, 0x80, 0x00, 0x04, 0x01, 0x09, 0x00, 0x00, 0x00, 0x04, 0x10, 0x02, 0x00,
  0x00, 0x08, 0x00, 0x01, 0x00, 0x20, 0x09, 0x08, 0x04, 0x42, 0x80, 0x00, 0x80, 0x80, 0x00, 0x00,
  0x01, 0x80, 0x00, 0x02, 0x00, 0x21, 0x20, 0x82, 0x01, 0x44, 0x00, 0x00, 0x00, 0x00, 0x00, 0x04,
  0x80, 0xA8, 0x14, 0x92, 0x88, 0x20, 0x25, 0x02, 0x02, 0x08, 0x00, 0x80, 0x08, 0x00, 0x10, 0x00,
  0x04, 0x00, 0x01, 0x12, 0x00, 0x08, 0x00, 0x00, 0x00, 0x81, 0x00, 0x80, 0x00, 0x00, 0x04, 0x10,
  0x04, 0x04, 0x02, 0x40, 0x00, 0x00, 0x41, 0x80, 0x00, 0x00, 0x00, 0x00, 0x02, 0x40, 0x00, 0x00,
  0x04, 0x40, 0x00, 0x08, 0x00, 0x00, 0x80, 0x00, 0x10, 0x00, 0x00, 0x08, 0x00, 0x20, 0x04, 0x00,
  0x08, 0x00, 0x00, 0x00, 0x00, 0x04, 0x00, 0x21, 0x00, 0x24, 0x20, 0x08, 0x01, 0x00, 0x00, 0x00,
  0x00, 0x40, 0x04, 0x00, 0x01, 0x04, 0x00, 0x00, 0x00, 0x00, 0x20, 0x00, 0x08, 0x08, 0x00, 0x01,
  0x00, 0x10, 0x20, 0x08, 0x00, 0x00, 0x00, 0x48, 0x00, 0x20, 0x48, 0x00, 0x20, 0x00, 0x20, 0x90,
  0x41, 0x06, 0x40, 0x20, 0x00, 0x20, 0x00, 0x81, 0x00, 0x04, 0x41, 0x42, 0x22, 0x4A, 0x08, 0x20,
  0x00, 0x02, 0x20, 0x10, 0x80, 0x00, 0x00, 0x04, 0x01, 0x02, 0x80, 0x00, 0x00, 0x02, 0x10, 0x04,
  0x09, 0x00, 0x00, 0x00, 0x00, 0x00, 0x01, 0x00, 0x01, 0x81, 0x00, 0x10, 0x00, 0x12, 0x00, 0x10,
  0x00, 0x00, 0x01, 0x80, 0x00, 0x00, 0x80, 0x00, 0x01, 0x00, 0x00, 0x81, 0x00, 0x10, 0x02, 0x08,
  0x00, 0x21, 0x40, 0x00, 0x08, 0x00, 0x00, 0x81, 0x00, 0x40, 0x40, 0x00, 0x08, 0x01, 0x40, 0x00,
  0x08, 0x00, 0x00, 0x02, 0x10, 0x20, 0x40, 0x40, 0x00, 0x10, 0x00, 0x04, 0x00, 0x01, 0x40, 0x00,
  0x08, 0x01, 0x09, 0x80, 0x00, 0x02, 0x00, 0x00, 0x80, 0x00, 0x08, 0x80, 0x10, 0x10, 0x00, 0x02,
  0x10, 0x08, 0x00, 0x00, 0x01, 0x00, 0x20, 0x85, 0x01, 0x04, 0x10, 0x00, 0x00, 0x09, 0x40, 0x00,
  0x10, 0xB2, 0x14, 0x14, 0x81, 0x90, 0x12, 0x00, 0x40, 0x00, 0x08, 0x00, 0x00, 0x00, 0x04, 0x40,
  0x00, 0x00, 0x00, 0x00, 0x84, 0x00, 0x00, 0x41, 0x00, 0x00, 0x40, 0x00, 0x20, 0x11, 0x00, 0x04,
  0x40, 0x00, 0x00, 0x01, 0x20, 0x00, 0x00, 0x04, 0x80, 0x00, 0x10, 0x12, 0x40, 0x08, 0x20, 0x40,
  0x80, 0x10, 0x00, 0x00, 0x00, 0x04, 0x00, 0x00, 0x02, 0x00, 0x00, 0x00, 0x01, 0x08, 0x00, 0x10,
  0x00, 0x00, 0x04, 0x40, 0x00, 0x00, 0x11, 0x00, 0x00, 0x00, 0x08, 0x00, 0x00, 0x08, 0x02, 0x00,
  0x00, 0x01, 0x80, 0x40, 0x40, 0x80, 0x00, 0x48, 0x02, 0x00, 0x00, 0x10, 0x80, 0x00, 0x20, 0x80,
  0x20, 0x00, 0x00, 0x00, 0x00, 0x04, 0x48, 0x00, 0x00, 0x01, 0x00, 0x40, 0x00, 0x08, 0x20, 0x80,
  0x11, 0x02, 0x00, 0x04, 0x42, 0x00, 0x04, 0x00, 0x00, 0x0A, 0x41, 0x49, 0x14, 0xA5, 0x04, 0x08,
  0x10, 0x00, 0x01, 0x04, 0x20, 0x88, 0x00, 0x00, 0x80, 0x20, 0x10, 0x00, 0x01, 0x00, 0x02, 0x00,
  0x80, 0x10, 0x10, 0x08, 0x02, 0x00, 0x80, 0x00, 0x00, 0x00, 0x10, 0x00, 0x08, 0x00, 0x04, 0x00,
  0x20, 0x10, 0x00, 0x00, 0x00, 0x00, 0x00, 0x08, 0x00, 0x00, 0x10, 0x00, 0x20, 0x00, 0x20, 0x02,
  0x00, 0x00, 0x08, 0x42, 0x40, 0x02, 0x41, 0x00, 0x20, 0x02, 0x00, 0x04, 0x00, 0x40, 0x00, 0x08,
  0x01, 0x01, 0x00, 0x40, 0x00, 0x01, 0x00, 0x08, 0x48, 0x00, 0x20, 0x00, 0x00, 0x00, 0x08, 0x02,
  0x00, 0x20, 0x00, 0x04, 0x00, 0x00, 0x02, 0x10, 0x08, 0x00, 0x01, 0x04, 0x04, 0x01, 0x02, 0x00,
  0x00, 0x00, 0x04, 0x08, 0x10, 0x02, 0x21, 0xC2, 0x41, 0x84, 0x00, 0x80, 0x00, 0x00, 0x01, 0x00,
  0x82, 0xA9, 0x2A, 0x12, 0xA1, 0x14, 0x02, 0x01, 0x02, 0x40, 0x00, 0x00, 0x09, 0x00, 0x80, 0x00,
  0x00, 0x00, 0x02, 0x20, 0x00, 0x80, 0x00, 0x00, 0x00, 0x00, 0x02, 0x80, 0x00, 0x00, 0x20, 0x80,
  0x00, 0x20, 0x00, 0x00, 0x02, 0x80, 0x40, 0x00, 0x04, 0x00, 0x04, 0x00, 0x10, 0x02, 0x02, 0x00,
  0x00, 0x00, 0x02, 0x08, 0x04, 0x80, 0x00, 0x40, 0x20, 0x04, 0x02, 0x00, 0x00, 0x00, 0x10, 0x00,
  0x04, 0x10, 0x01, 0x01, 0x20, 0x00, 0x00, 0x00, 0x00, 0x20, 0x82, 0x00, 0x04, 0x00, 0x00, 0x02,
  0x02, 0x00, 0x01, 0x00, 0x08, 0x20, 0x00, 0x00, 0x40, 0x08, 0x00, 0x01, 0x24, 0x80, 0x00, 0x02,
  0x00, 0x10, 0x00, 0x01, 0x01, 0x00, 0x00, 0x00, 0x42, 0x00, 0x81, 0x00, 0x00, 0x00, 0x20, 0x80,
  0x01, 0x06, 0x08, 0x01, 0x00, 0x00, 0x00, 0x90, 0x80, 0x22, 0x84, 0x24, 0x4A, 0xA2, 0x08, 0x80,
  0x00, 0x10, 0x00, 0x01, 0x00, 0x00, 0x00, 0x08, 0x10, 0x00, 0x00, 0x02, 0x20, 0x20, 0x20, 0x00,
  0x10, 0x00, 0x00, 0x00, 0x00, 0x40, 0x08, 0x20, 0x10, 0x08, 0x04, 0x44, 0x00, 0x11, 0x00, 0x80,
  0x00, 0x80, 0x80, 0x00, 0x02, 0x80, 0x00, 0x02, 0x10, 0x82, 0x80, 0x80, 0x00, 0x01, 0x08, 0x00,
  0x00, 0x40, 0x00, 0x10, 0x00, 0x00, 0x00, 0x08, 0x01, 0x00, 0x20, 0x00, 0x09, 0x04, 0x00, 0x40,
  0x20, 0x08, 0x00, 0x00, 0x40, 0x00, 0x90, 0x80, 0x00, 0x10, 0x00, 0x08, 0x02, 0x08, 0x00, 0x00,
  0x00, 0x00, 0x44, 0x00, 0x00, 0x20, 0x80, 0x00, 0x00, 0x04, 0x20, 0x40, 0x00, 0x80, 0x00, 0x10,
  0x00, 0x40, 0x00, 0x00, 0x00, 0x00, 0x28, 0x82, 0x41, 0x04, 0x00, 0x20, 0x10, 0x08, 0x40, 0x04,
  0x40, 0x95, 0x12, 0x4A, 0xA9, 0x14, 0x02, 0x00, 0x00, 0x02, 0x40, 0x40, 0x00, 0x02, 0x10, 0x80,
  0x04, 0x84, 0x80, 0x00, 0x00, 0x04, 0x00, 0x24, 0x02, 0x84, 0x00, 0x02, 0x10, 0x09, 0x00, 0x00,
  0x00, 0x02, 0x80, 0x00, 0x00, 0x00, 0x00, 0x22, 0x00, 0x04, 0x00, 0x88, 0x00, 0x00, 0x20, 0x00,
  0x02, 0x20, 0x00, 0x00, 0x00, 0x20, 0x00, 0x00, 0x04, 0x01, 0x80, 0x00, 0x08, 0x40, 0x00, 0x00,
  0x00, 0x00, 0x00, 0x40, 0x00, 0x00, 0x08, 0x01, 0x08, 0x00, 0x00, 0x08, 0x01, 0x40, 0x04, 0x00,
  0x00, 0x00, 0x08, 0x80, 0x00, 0x02, 0x44, 0x80, 0x10, 0x00, 0x00, 0x80, 0x00, 0x08, 0x20, 0x00,
  0x01, 0x01, 0x04, 0x00, 0x40, 0x20, 0x80, 0x00, 0x00, 0x08, 0x00, 0x00, 0x41, 0x40, 0x20, 0xC0,
  0x01, 0x02, 0x01, 0x00, 0x00, 0x81, 0x10, 0x00, 0xA0, 0xA4, 0x44, 0x89, 0x12, 0x81, 0x48, 0x08,
  0x80, 0x00, 0x08, 0x00, 0x00, 0x20, 0x02, 0x02, 0x00, 0x01, 0x00, 0x00, 0x04, 0x01, 0x00, 0x01,
  0x00, 0x01, 0x80, 0x20, 0x00, 0x00, 0x00, 0x04, 0x80, 0x00, 0x00, 0x00, 0x00, 0x00, 0x08, 0x00,
  0x00, 0x01, 0x00, 0x00, 0x00, 0x10, 0x00, 0x40, 0x00, 0x00, 0x00, 0x20, 0x00, 0x00, 0x80, 0x08,
  0x01, 0x00, 0x00, 0x00, 0x82, 0x08, 0x04, 0x01, 0x80, 0x00, 0x08, 0x00, 0x00, 0x40, 0x00, 0x10,
  0x00, 0x00, 0x10, 0x00, 0x00, 0x08, 0x00, 0x00, 0x00, 0x02, 0x00, 0x01, 0x80, 0x00, 0x00, 0x08,
  0x00, 0x82, 0x00, 0x00, 0x00, 0x02, 0x00, 0x40, 0x10, 0x00, 0x01, 0x00, 0x00, 0x08, 0x10, 0x80,
  0x08, 0x00, 0x10, 0x22, 0x10, 0x08, 0x20, 0x92, 0x51, 0x44, 0x40, 0x08, 0x04, 0x00, 0x00, 0x00,
  0x48, 0x09, 0x09, 0x12, 0x55, 0x2A, 0x02, 0x00, 0x10, 0x00, 0x02, 0x00, 0x20, 0x00, 0x00, 0x00,
  0x00, 0x00, 0x10, 0x10, 0x01, 0x00, 0x08, 0x00, 0x00, 0x00, 0x20, 0x00, 0x04, 0x00, 0x02, 0x01,
  0x04, 0x80, 0x20, 0x00, 0x10, 0x04, 0x81, 0x00, 0x10, 0x00, 0x08, 0x00, 0x40, 0x02, 0x08, 0x10,
  0x80, 0x08, 0x10, 0x02, 0x10, 0x04, 0x02, 0x00, 0x40, 0x20, 0x10, 0x84, 0x00, 0x00, 0x00, 0x40,
  0x20, 0x48, 0x02, 0x04, 0x80, 0x10, 0x00, 0x00, 0x00, 0x02, 0x01, 0x01, 0x10, 0x02, 0x00, 0x20,
  0x20, 0x80, 0x40, 0x00, 0x00, 0x00, 0x01, 0x02, 0x04, 0x00, 0x00, 0x10, 0x88, 0x00, 0x04, 0x00,
  0x00, 0x40, 0x00, 0x08, 0x10, 0x00, 0x00, 0x04, 0x80, 0x00, 0x00, 0x00, 0x00, 0x00, 0x22, 0x80,
  0x01, 0x02, 0x00, 0x00, 0x00, 0x00, 0x00, 0x00, 0xA2, 0x52, 0x52, 0x65, 0x49, 0x01, 0x08, 0x40,
  0x04, 0x80, 0x00, 0x08, 0x02, 0x00, 0x80, 0x20, 0x40, 0x20, 0x04, 0x00, 0x00, 0x00, 0x01, 0x00,
  0x20, 0x40, 0x08, 0x00, 0x00, 0x80, 0x40, 0x00, 0x01, 0x00, 0x08, 0x48, 0x82, 0x40, 0x00, 0x00,
  0x04, 0x20, 0x81, 0x20, 0x10, 0x00, 0x02, 0x01, 0x20, 0x00, 0x00, 0x00, 0x04, 0x01, 0x20, 0x40,
  0x00, 0x08, 0x04, 0x00, 0x00, 0x00, 0x20, 0x10, 0x08, 0x00, 0x00, 0x01, 0x00, 0x00, 0x44, 0x04,
  0x82, 0x40, 0x00, 0x20, 0x00, 0x00, 0x00, 0x04, 0x08, 0x20, 0x00, 0x10, 0x10, 0x00, 0x00, 0x00,
  0x00, 0x20, 0x88, 0x00, 0x00, 0x00, 0x00, 0x08, 0x00, 0x00, 0x80, 0x80, 0x00, 0x02, 0x00, 0x00,
  0x00, 0x00, 0x82, 0x00, 0x00, 0x02, 0x20, 0x82, 0x41, 0x04, 0x08, 0x00, 0x41, 0x08, 0x01, 0x91,
  0x50, 0xA4, 0x04, 0x4A, 0x12, 0x48, 0x02, 0x01, 0x00, 0x10, 0x00, 0x82, 0x00, 0x42, 0x10, 0x00,
  0x08, 0x00, 0x00, 0x02, 0x20, 0x20, 0x00, 0x40, 0x04, 0x10, 0x00, 0x80, 0x40, 0x04, 0x00, 0x40,
  0x00, 0x10, 0x00, 0x00, 0x00, 0x00, 0x00, 0x10, 0x01, 0x00, 0x00, 0x04, 0x04, 0x80, 0x00, 0x00,
  0x00, 0x00, 0x82, 0x00, 0x01, 0x40, 0x00, 0x10, 0x00, 0x00, 0x00, 0x20, 0x40, 0x40, 0x08, 0x00,
  0x00, 0x00, 0x00, 0x40, 0x04, 0x04, 0x00, 0x00, 0x00, 0x00, 0x00, 0x00, 0x02, 0x00, 0x11, 0x01,
  0x02, 0x08, 0x08, 0x00, 0x01, 0x20, 0x20, 0x40, 0x40, 0x08, 0x00, 0x00, 0x01, 0x80, 0x00, 0x01,
  0x84, 0x08, 0x20, 0x00, 0x00, 0x00, 0x02, 0x40, 0x00, 0x48, 0x00, 0x00, 0x01, 0x80, 0x20, 0x80,
  0x01, 0x06, 0x00, 0x41, 0x00, 0x40, 0x10, 0x00, 0x50, 0x15, 0x55, 0xA5, 0xAA, 0x02, 0x08, 0x08,
  0x00, 0x02, 0x40, 0x00, 0x80, 0x00, 0x04, 0x00, 0x01, 0x08, 0x80, 0x40, 0x00, 0x02, 0x40, 0x04,
  0x00, 0x00, 0x00, 0x08, 0x00, 0x00, 0x00, 0x00, 0x20, 0x02, 0x02, 0x02, 0x00, 0x00, 0x20, 0x04,
  0x00, 0x01, 0x00, 0x00, 0x00, 0x20, 0x00, 0x00, 0x04, 0x80, 0x00, 0x10, 0x00, 0x00, 0x00, 0x02,
  0x08, 0x02, 0x00, 0x01, 0x10, 0x04, 0x02, 0x04, 0x00, 0x04, 0x40, 0x00, 0x40, 0x00, 0x00, 0x80,
  0x20, 0x00, 0x10, 0x08, 0x80, 0x40, 0x00, 0x00, 0x00, 0x02, 0x00, 0x00, 0x00, 0x02, 0x08, 0x00,
  0x00, 0x00, 0x00, 0x04, 0x00, 0x20, 0x20, 0x80, 0x00, 0x00, 0x00, 0x20, 0x84, 0x80, 0x20, 0x02,
  0x44, 0x00, 0x00, 0x48, 0x10, 0x20, 0x20, 0xC2, 0x41, 0x44, 0x00, 0x10, 0x00, 0x02, 0x00, 0x00,
  0x90, 0x44, 0x84, 0x54, 0x02, 0x48, 0x41, 0x00, 0x41, 0x00, 0x10, 0x00, 0x10, 0x00, 0x00, 0x08,
  0x00, 0x00, 0x01, 0x00, 0x04, 0x00, 0x10, 0x00, 0x00, 0x01, 0x00, 0x02, 0x10, 0x20, 0x08, 0x08,
  0x00, 0x00, 0x00, 0x00, 0x00, 0x08, 0x08, 0x00, 0x00, 0x10, 0x10, 0x00, 0x01, 0x04, 0x40, 0x84,
  0x00, 0x04, 0x00, 0x00, 0x00, 0x10, 0x04, 0x00, 0x80, 0x80, 0x40, 0x00, 0x00, 0x00, 0x00, 0x01,
  0x02, 0x41, 0x08, 0x00, 0x00, 0x80, 0x00, 0x20, 0x00, 0x10, 0x04, 0x01, 0x20, 0x10, 0x00, 0x40,
  0x00, 0x00, 0x00, 0x41, 0x40, 0x00, 0x02, 0x02, 0x02, 0x02, 0x22, 0x40, 0x10, 0x01, 0x08, 0x00,
  0x00, 0x00, 0x02, 0x04, 0x00, 0x20, 0x00, 0x00, 0x00, 0x00, 0x10, 0x00, 0x80, 0x00, 0x20, 0x90,
  0x01, 0x04, 0x22, 0x00, 0x10, 0x00, 0x00, 0x04, 0xB4, 0x92, 0x2A, 0x92, 0x54, 0x21, 0x04, 0x00,
  0x10, 0x00, 0x04, 0x00, 0x00, 0x10, 0x00, 0x02, 0x00, 0x01, 0x10, 0x10, 0x00, 0x00, 0x04, 0x00,
  0x41, 0x00, 0x89, 0x00, 0x04, 0x08, 0x00, 0x01, 0x00, 0x80, 0x40, 0x40, 0x24, 0x02, 0x02, 0x00,
  0x20, 0x00, 0x02, 0x41, 0x80, 0x00, 0x10, 0x00, 0x80, 0x00, 0x10, 0x04, 0x20, 0x01, 0x40, 0x00,
  0x02, 0x00, 0x10, 0x10, 0x02, 0x00, 0x00, 0x00, 0x40, 0x00, 0x00, 0x88, 0x10, 0x20, 0x48, 0x02,
  0x00, 0x00, 0x00, 0x00, 0x08, 0x00, 0x40, 0x00, 0x40, 0x00, 0x21, 0x10, 0x08, 0x80, 0x00, 0x20,
  0x20, 0x00, 0x00, 0x00, 0x00, 0x00, 0x00, 0x10, 0x20, 0x20, 0x00, 0x00, 0x00, 0x00, 0x00, 0x20,
  0x00, 0x04, 0x04, 0x01, 0x00, 0x08, 0x20, 0x82, 0x51, 0x0C, 0x00, 0x04, 0x00, 0x00, 0x44, 0x80,
  0x28, 0x24, 0x81, 0xAA, 0x02, 0x84, 0x04, 0x40, 0x00, 0x20, 0x01, 0x90, 0x00, 0x00, 0x81, 0x00,
  0x08, 0x40, 0x00, 0x00, 0x40, 0x88, 0x00, 0x10, 0x10, 0x10, 0x00, 0x40, 0x00, 0x02, 0x02, 0x00,
  0x09, 0x21, 0x00, 0x10, 0x00, 0x80, 0x00, 0x40, 0x04, 0x80, 0x00, 0x10, 0x20, 0x00, 0x00, 0x20,
  0x20, 0x40, 0x00, 0x81, 0x08, 0x00, 0x00, 0x80, 0x00, 0x00, 0x04, 0x00, 0x00, 0x91, 0x00, 0x80,
  0x00, 0x00, 0x02, 0x02, 0x00, 0x04, 0x00, 0x00, 0x08, 0x82, 0x00, 0x80, 0x00, 0x00, 0x08, 0x08,
  0x10, 0x00, 0x00, 0x00, 0x00, 0x10, 0x00, 0x00, 0x00, 0x80, 0x00, 0x02, 0x04, 0x08, 0x00, 0x02,
  0x08, 0x02, 0x20, 0x00, 0x10, 0x04, 0x00, 0x08, 0x10, 0x80, 0x00, 0x00, 0x04, 0x00, 0x22, 0x80,
  0x01, 0x1A, 0x00, 0x00, 0x82, 0x10, 0x01, 0x20, 0x54, 0x55, 0x2C, 0x54, 0x48, 0x10, 0x20, 0x04,
  0x00, 0x08, 0x00, 0x04, 0x04, 0x04, 0x20, 0x40, 0x02, 0x10, 0x00, 0x01, 0x11, 0x00, 0x00, 0x02,
  0x00, 0x00, 0x00, 0x00, 0x00, 0x00, 0x40, 0x40, 0x00, 0x00, 0x10, 0x04, 0x00, 0x00, 0x00, 0x11,
  0x00, 0x02, 0x00, 0x00, 0x00, 0x00, 0x01, 0x00, 0x08, 0x00, 0x00, 0x00, 0x00, 0x80, 0x08, 0x04,
  0x40, 0x10, 0x00, 0x00, 0x40, 0x00, 0x10, 0x20, 0x10, 0x00, 0x00, 0x00, 0x00, 0x00, 0x00, 0x00,
  0x80, 0x00, 0x00, 0x20, 0x00, 0x04, 0x02, 0x00, 0x02, 0x48, 0x00, 0x00, 0x00, 0x04, 0x40, 0x08,
  0x08, 0x20, 0x80, 0x00, 0x01, 0x00, 0x81, 0x00, 0x01, 0x00, 0x04, 0x42, 0x02, 0x01, 0x24, 0x01,
  0x02, 0x01, 0x00, 0x20, 0x00, 0x02, 0x20, 0x82, 0x01, 0x94, 0x10, 0x01, 0x00, 0x00, 0x00, 0x00,
  0xAA, 0x84, 0x8A, 0x94, 0x02, 0x45, 0x05, 0x00, 0x04, 0x02, 0x00, 0x01, 0x40, 0x00, 0x00, 0x00,
  0x80, 0x00, 0x08, 0x00, 0x00, 0x00, 0x80, 0x00, 0x00, 0x00, 0x00, 0x00, 0x80, 0x00, 0x00, 0x00,
  0x00, 0x00, 0x00, 0x00, 0x00, 0x00, 0x00, 0x00, 0x00, 0x20, 0x40, 0x00, 0x08, 0x10, 0x00, 0x01,
  0x00, 0x10, 0x04, 0x00, 0x00, 0x08, 0x00, 0x00, 0x00, 0x00, 0x01, 0x42, 0x08, 0x00, 0x80, 0x08,
  0x00, 0x48, 0x40, 0x00, 0x82, 0x00, 0x00, 0x40, 0x00, 0x00, 0x90, 0x08, 0x00, 0x81, 0x00, 0x82,
  0x00, 0x00, 0x08, 0x02, 0x41, 0x00, 0x00, 0x00, 0x01, 0x02, 0x10, 0x20, 0x40, 0x02, 0x10, 0x00,
  0x00, 0x40, 0x00, 0x00, 0x00, 0x00, 0x01, 0x00, 0x00, 0x00, 0x00, 0x04, 0x20, 0x40, 0x20, 0xC0,
  0x41, 0x36, 0x00, 0x40, 0x20, 0x00, 0x00, 0x01, 0x92, 0x2A, 0x29, 0x25, 0x48, 0x10, 0x02, 0x00,
  0x81, 0x00, 0x40, 0x00, 0x00, 0x00, 0x04, 0x00, 0x00, 0x00, 0x02, 0x48, 0x00, 0x22, 0x20, 0x80,
  0x04, 0x42, 0x22, 0x22, 0x04, 0x40, 0x08, 0x08, 0x40, 0x04, 0x04, 0x00, 0x91, 0x08, 0x20, 0x00,
  0x40, 0x00, 0x10, 0x04, 0x02, 0x04, 0x08, 0x10, 0x02, 0x04, 0x40, 0x20, 0x00, 0x02, 0x80, 0x20,
  0x08, 0x04, 0x00, 0x00, 0x02, 0x00, 0x04, 0x00, 0x00, 0x00, 0x10, 0x20, 0x20, 0x00, 0x89, 0x08,
  0x04, 0x10, 0x04, 0x00, 0x20, 0x00, 0x00, 0x00, 0x00, 0x01, 0x80, 0x40, 0x10, 0x00, 0x08, 0x00,
  0x00, 0x00, 0x00, 0x00, 0x00, 0x40, 0x00, 0x20, 0x00, 0x04, 0x00, 0x00, 0x00, 0x40, 0x00, 0x00,
  0x00, 0x20, 0x20, 0x01, 0x02, 0x00, 0x20, 0x92, 0x01, 0x14, 0x00, 0x00, 0x08, 0x44, 0x10, 0x10,
  0x55, 0x24, 0x4A, 0x4A, 0x01, 0x44, 0x81, 0x48, 0x00, 0x00, 0x04, 0x00, 0x01, 0x20, 0x01, 0x08,
  0x20, 0x04, 0x80, 0x00, 0x00, 0x00, 0x02, 0x20, 0x80, 0x00, 0x00, 0x00, 0x00, 0x10, 0x00, 0x02,
  0x10, 0x40, 0x00, 0x01, 0x00, 0x80, 0x08, 0x04, 0x11, 0x00, 0x04, 0x80, 0x00, 0x01, 0x02, 0x00,
  0x00, 0x00, 0x00, 0x08, 0x22, 0x00, 0x20, 0x00, 0x00, 0x00, 0x40, 0x10, 0x00, 0x44, 0x00, 0x00,
  0x04, 0x01, 0x04, 0x08, 0x00, 0x10, 0x00, 0x00, 0x00, 0x00, 0x01, 0x00, 0x04, 0x20, 0x40, 0x00,
  0x40, 0x00, 0x00, 0x00, 0x00, 0x80, 0x00, 0x41, 0x40, 0x00, 0x02, 0x00, 0x00, 0x00, 0x00, 0x00,
  0x20, 0x01, 0x20, 0x44, 0x20, 0x10, 0x00, 0x40, 0x20, 0x08, 0x02, 0x00, 0x00, 0x10, 0x24, 0x80,
  0x21, 0x54, 0x04, 0x08, 0x00, 0x00, 0x00, 0x00, 0x55, 0x55, 0x15, 0x15, 0xA4, 0x10, 0x22, 0x00,
  0x00, 0x40, 0x00, 0x40, 0x10, 0x02, 0x00, 0x81, 0x08, 0x80, 0x00, 0x00, 0x44, 0x00, 0x00, 0x00,
  0x00, 0x00, 0x00, 0x00, 0x20, 0x04, 0x00, 0x00, 0x01, 0x00, 0x00, 0x20, 0x00, 0x00, 0x00, 0x00,
  0x00, 0x04, 0x01, 0x00, 0x00, 0x80, 0x80, 0x00, 0x80, 0x00, 0x01, 0x00, 0x00, 0x80, 0x04, 0x00,
  0x82, 0x40, 0x10, 0x00, 0x00, 0x01, 0x00, 0x00, 0x40, 0x00, 0x00, 0x00, 0x08, 0x00, 0x00, 0x00,
  0x20, 0x02, 0x00, 0x00, 0x01, 0x00, 0x10, 0x10, 0x10, 0x20, 0x02, 0x10, 0x00, 0x22, 0x00, 0x10,
  0x00, 0x88, 0x00, 0x22, 0x04, 0x10, 0x04, 0x02, 0x02, 0x00, 0x09, 0x00, 0x08, 0x02, 0x80, 0x08,
  0x04, 0x02, 0x00, 0x80, 0x80, 0x04, 0x20, 0x82, 0x01, 0x56, 0x40, 0x02, 0x01, 0x00, 0x02, 0x00,
  0xA9, 0x4A, 0x2A, 0x20, 0x09, 0x4A, 0x01, 0x00, 0x10, 0x10, 0x00, 0x10, 0x00, 0x00, 0x40, 0x00,
  0x00, 0x00, 0x00, 0x00, 0x00, 0x08, 0x00, 0x04, 0x20, 0x10, 0x10, 0x80, 0x08, 0x00, 0x42, 0x00,
  0x00, 0x10, 0x40, 0x00, 0x08, 0x10, 0x00, 0x40, 0x00, 0x40, 0x00, 0x10, 0x40, 0x00, 0x00, 0x40,
  0x10, 0x00, 0x10, 0x02, 0x00, 0x20, 0x00, 0x08, 0x00, 0x10, 0x04, 0x00, 0x20, 0x00, 0x20, 0x42,
  0x00, 0x20, 0x00, 0x02, 0x01, 0x04, 0x20, 0x80, 0x00, 0x00, 0x00, 0x11, 0x00, 0x08, 0x00, 0x04,
  0x01, 0x08, 0x20, 0x00, 0x04, 0x00, 0x20, 0x00, 0x08, 0x00, 0x40, 0x00, 0x20, 0x01, 0x40, 0x80,
  0x00, 0x40, 0x00, 0x00, 0x00, 0x00, 0x10, 0x00, 0x00, 0x00, 0x00, 0x20, 0x10, 0x00, 0x20, 0x80,
  0x41, 0xD4, 0x00, 0x00, 0x80, 0x10, 0x80, 0x84, 0x4A, 0x94, 0x94, 0x8A, 0xA0, 0x90, 0x02, 0x00,
  0x00, 0x01, 0x10, 0x01, 0x00, 0x00, 0x00, 0x00, 0x00, 0x10, 0x10, 0x22, 0x00, 0x82, 0x88, 0x00,
  0x08, 0x00, 0x01, 0x09, 0x00, 0x00, 0x00, 0x20, 0x00, 0x01, 0x02, 0x08, 0x02, 0x01, 0x00, 0x01,
  0x00, 0x00, 0x80, 0x04, 0x10, 0x00, 0x00, 0x04, 0x04, 0x10, 0x00, 0x00, 0x81, 0x08, 0x00, 0x80,
  0x00, 0x00, 0x00, 0x82, 0x08, 0x80, 0x08, 0x00, 0x00, 0x08, 0x82, 0x00, 0x00, 0x81, 0x08, 0x12,
  0x08, 0x20, 0x40, 0x00, 0x00, 0x01, 0x02, 0x00, 0x00, 0x00, 0x00, 0x02, 0x81, 0x00, 0x04, 0x00,
  0x00, 0x01, 0x10, 0x00, 0x00, 0x00, 0x00, 0x10, 0x00, 0x00, 0x00, 0x11, 0x02, 0x00, 0x04, 0x00,
  0x00, 0x00, 0x24, 0x02, 0x00, 0x00, 0x21, 0xC2, 0x01, 0x14, 0x11, 0x00, 0x10, 0x00, 0x20, 0x80,
  0x94, 0xAA, 0x2A, 0x21, 0x0A, 0x45, 0x01, 0x22, 0x02, 0x00, 0x02, 0x00, 0x40, 0x88, 0x08, 0x10,
  0x02, 0x01, 0x04, 0x00, 0x82, 0x00, 0x00, 0x80, 0x00, 0x00, 0x00, 0x00, 0x00, 0x81, 0x00, 0x08,
  0x44, 0x00, 0x00, 0x00, 0x00, 0x00, 0x11, 0x10, 0x44, 0x08, 0x00, 0x00, 0x04, 0x10, 0x10, 0x00,
  0x00, 0x04, 0x00, 0x40, 0x10, 0x00, 0x00, 0x01, 0x20, 0x02, 0x00, 0x20, 0x00, 0x10, 0x00, 0x10,
  0x04, 0x00, 0x00, 0x00, 0x00, 0x00, 0x00, 0x00, 0x00, 0x08, 0x04, 0x00, 0x20, 0x00, 0x00, 0x01,
  0x00, 0x00, 0x08, 0x00, 0x00, 0x00, 0x00, 0x02, 0x02, 0x20, 0x00, 0x10, 0x01, 0x80, 0x10, 0x00,
  0x10, 0x02, 0x00, 0x00, 0x80, 0x80, 0x00, 0x80, 0x40, 0x40, 0x00, 0x00, 0x00, 0x40, 0x20, 0x90,
  0x21, 0x6A, 0x01, 0x20, 0x02, 0x00, 0x01, 0x80, 0xA2, 0x52, 0x95, 0x84, 0x50, 0x12, 0x20, 0x00,
  0x40, 0x00, 0x00, 0x00, 0x12, 0x00, 0x00, 0x04, 0x40, 0x00, 0x01, 0x00, 0x20, 0x00, 0x00, 0x20,
  0x00, 0x02, 0x40, 0x00, 0x00, 0x20, 0x10, 0x02, 0x00, 0x00, 0x10, 0x00, 0x00, 0x00, 0x00, 0x00,
  0x00, 0x02, 0x10, 0x00, 0x01, 0x04, 0x01, 0x01, 0x00, 0x01, 0x41, 0x00, 0x00, 0x00, 0x10, 0x00,
  0x00, 0x00, 0x00, 0x00, 0x00, 0x00, 0x00, 0x00, 0x40, 0x00, 0x20, 0x20, 0x10, 0x00, 0x00, 0x00,
  0x80, 0x00, 0x00, 0x80, 0x08, 0x80, 0x40, 0x00, 0x44, 0x84, 0x00, 0x20, 0x00, 0x88, 0x00, 0x20,
  0x40, 0x00, 0x02, 0x04, 0x10, 0x04, 0x00, 0x04, 0x00, 0x20, 0x40, 0x00, 0x00, 0x08, 0x00, 0x11,
  0x08, 0x04, 0x00, 0x00, 0x02, 0x11, 0x20, 0x81, 0x01, 0x24, 0x02, 0x08, 0x00, 0x44, 0x00, 0x40,
  0x59, 0x95, 0x4A, 0x52, 0x4A, 0xA4, 0x00, 0x00, 0x00, 0x88, 0x40, 0x44, 0x00, 0x02, 0x00, 0x01,
  0x00, 0x40, 0x80, 0x08, 0x00, 0x00, 0x42, 0x00, 0x00, 0x20, 0x04, 0x40, 0x22, 0x00, 0x00, 0x00,
  0x00, 0x90, 0x00, 0x41, 0x40, 0x08, 0x00, 0x00, 0x00, 0x00, 0x02, 0x40, 0x00, 0x00, 0x00, 0x20,
  0x41, 0x00, 0x08, 0x04, 0x00, 0x00, 0x02, 0x10, 0x04, 0x40, 0x42, 0x08, 0x00, 0x01, 0x80, 0x00,
  0x00, 0x80, 0x00, 0x00, 0x02, 0x10, 0x02, 0x00, 0x01, 0x00, 0x01, 0x04, 0x00, 0x20, 0x10, 0x20,
  0x01, 0x00, 0x80, 0x00, 0x10, 0x02, 0x40, 0x00, 0x00, 0x00, 0x00, 0x00, 0x00, 0x01, 0x04, 0x01,
  0x02, 0x00, 0x04, 0x40, 0x10, 0x00, 0x00, 0x00, 0x00, 0x00, 0x80, 0x10, 0x20, 0x00, 0x20, 0x84,
  0x41, 0xD4, 0x04, 0x01, 0x00, 0x01, 0x00, 0x88, 0x54, 0x24, 0x29, 0x09, 0x11, 0x49, 0x04, 0x84,
  0x08, 0x00, 0x00, 0x00, 0x00, 0x00, 0x20, 0x80, 0x08, 0x10, 0x00, 0x80, 0x08, 0x90, 0x00, 0x04,
  0x44, 0x00, 0x00, 0x08, 0x00, 0x04, 0x80, 0x80, 0x00, 0x00, 0x00, 0x10, 0x08, 0x80, 0x40, 0x82,
  0x10, 0x80, 0x00, 0x02, 0x00, 0x01, 0x40, 0x00, 0x00, 0x00, 0x00, 0x00, 0x04, 0x11, 0x00, 0x04,
  0x01, 0x08, 0x00, 0x00, 0x22, 0x80, 0x04, 0x08, 0x01, 0x12, 0x08, 0x04, 0x00, 0x01, 0x40, 0x22,
  0x10, 0x00, 0x20, 0x00, 0x00, 0x08, 0x00, 0x00, 0x00, 0x00, 0x20, 0x08, 0x04, 0x00, 0x08, 0x00,
  0x00, 0x84, 0x40, 0x00, 0x04, 0x40, 0x00, 0x80, 0x80, 0x00, 0x00, 0x08, 0x04, 0x00, 0x10, 0x00,
  0x00, 0x00, 0x09, 0x00, 0x00, 0x00, 0x24, 0x82, 0x01, 0x2A, 0x41, 0x00, 0x10, 0x00, 0x88, 0x40,
  0xA9, 0xAA, 0x4A, 0x25, 0x44, 0x92, 0x80, 0x00, 0x00, 0x02, 0x08, 0x00, 0x00, 0x20, 0x09, 0x00,
  0x00, 0x04, 0x00, 0x00, 0x00, 0x00, 0x00, 0x00, 0x00, 0x00, 0x01, 0x02, 0x00, 0x00, 0x02, 0x00,
  0x88, 0x00, 0x08, 0x00, 0x00, 0x00, 0x08, 0x20, 0x00, 0x20, 0x80, 0x00, 0x40, 0x40, 0x08, 0x00,
  0x10, 0x20, 0x00, 0x40, 0x40, 0x00, 0x80, 0x00, 0x40, 0x02, 0x00, 0x02, 0x00, 0x08, 0x00, 0x00,
  0x10, 0x00, 0x00, 0x00, 0x00, 0x00, 0x00, 0x00, 0x00, 0x04, 0x00, 0x20, 0x00, 0x02, 0x00, 0x08,
  0x00, 0x10, 0x02, 0x00, 0x01, 0x00, 0x02, 0x04, 0x11, 0x00, 0x10, 0x40, 0x00, 0x00, 0x00, 0x00,
  0x00, 0x08, 0x01, 0x02, 0x00, 0x91, 0x04, 0x84, 0x88, 0x10, 0x00, 0x80, 0x00, 0x00, 0x20, 0xC0,
  0x51, 0x4C, 0x0E, 0x80, 0x04, 0x00, 0x00, 0x40, 0x95, 0x28, 0xA5, 0x4A, 0x29, 0x49, 0x00, 0x20,
  0x80, 0x00, 0x02, 0x08, 0x42, 0x00, 0x00, 0x00, 0x00, 0x01, 0x10, 0x02, 0x00, 0x02, 0x10, 0x40,
  0x00, 0x04, 0x20, 0x00, 0x80, 0x80, 0x20, 0x20, 0x00, 0x08, 0x00, 0x02, 0x02, 0x02, 0x00, 0x00,
  0x80, 0x08, 0x00, 0x00, 0x10, 0x00, 0x00, 0x08, 0x00, 0x00, 0x81, 0x10, 0x00, 0x80, 0x10, 0x00,
  0x00, 0x00, 0x10, 0x80, 0x00, 0x00, 0x20, 0x00, 0x00, 0x00, 0x00, 0x41, 0x20, 0x40, 0x08, 0x00,
  0x00, 0x41, 0x00, 0x01, 0x22, 0x00, 0x04, 0x02, 0x20, 0x01, 0x00, 0x00, 0x80, 0x20, 0x00, 0x40,
  0x00, 0x20, 0x00, 0x04, 0x40, 0x10, 0x20, 0x20, 0x20, 0x00, 0x40, 0x00, 0x00, 0x00, 0x00, 0x01,
  0x00, 0x00, 0x00, 0x02, 0x08, 0x89, 0x20, 0x82, 0x01, 0xD6, 0x08, 0x00, 0x00, 0x10, 0x01, 0xA0,
  0x54, 0x55, 0xB2, 0x12, 0x42, 0x52, 0x20, 0x00, 0x00, 0x20, 0x80, 0x80, 0x00, 0x04, 0x00, 0x88,
  0x40, 0x00, 0x04, 0x20, 0x82, 0x00, 0x00, 0x01, 0x08, 0x41, 0x00, 0x00, 0x04, 0x20, 0x00, 0x08,
  0x00, 0x00, 0x81, 0x00, 0x00, 0x20, 0x00, 0x00, 0x04, 0x00, 0x10, 0x10, 0x01, 0x10, 0x00, 0x02,
  0x01, 0x02, 0x10, 0x00, 0x10, 0x00, 0x00, 0x00, 0x10, 0x00, 0x02, 0x00, 0x00, 0x01, 0x00, 0x42,
  0x80, 0x00, 0x41, 0x00, 0x04, 0x04, 0x00, 0x10, 0x42, 0x00, 0x04, 0x00, 0x00, 0x00, 0x80, 0x00,
  0x08, 0x80, 0x00, 0x02, 0x00, 0x08, 0x00, 0x01, 0x80, 0x00, 0x00, 0x00, 0x00, 0x00, 0x02, 0x04,
  0x00, 0x00, 0x10, 0x80, 0x40, 0x00, 0x00, 0x00, 0x00, 0x04, 0x20, 0x20, 0x00, 0x00, 0xA0, 0x80,
  0x01, 0xA4, 0x12, 0x08, 0x80, 0x04, 0x40, 0x44, 0x55, 0x4A, 0x59, 0xA5, 0x94, 0x24, 0x00, 0x08,
  0x12, 0x00, 0x00, 0x00, 0x00, 0x00, 0x00, 0x01, 0x88, 0x01, 0x01, 0x00, 0x20, 0x80, 0x00, 0x10,
  0x02, 0x00, 0x00, 0x40, 0x00, 0x08, 0x00, 0x00, 0x20, 0x00, 0x00, 0x80, 0x40, 0x00, 0x82, 0x08,
  0x00, 0x00, 0x00, 0x00, 0x00, 0x00, 0x42, 0x00, 0x40, 0x00, 0x00, 0x00, 0x02, 0x04, 0x04, 0x90,
  0x00, 0x40, 0x00, 0x21, 0x48, 0x40, 0x04, 0x00, 0x04, 0x08, 0x10, 0x00, 0x00, 0x00, 0x82, 0x00,
  0x00, 0x00, 0x40, 0x10, 0x00, 0x80, 0x00, 0x80, 0x00, 0x00, 0x90, 0x20, 0x20, 0x00, 0x20, 0x00,
  0x00, 0x04, 0x02, 0x01, 0x11, 0x04, 0x00, 0x01, 0x04, 0x20, 0x00, 0x00, 0x08, 0x00, 0x00, 0x20,
  0x22, 0x40, 0x02, 0x00, 0x40, 0x00, 0x20, 0xC8, 0x41, 0x54, 0x25, 0x02, 0x00, 0x00, 0x10, 0xA0,
  0xA4, 0xA8, 0xAA, 0x48, 0x21, 0x28, 0x08, 0x02, 0x00, 0x00, 0x20, 0x08, 0x10, 0x41, 0x44, 0x00,
  0x52, 0x41, 0x80, 0x00, 0x00, 0x20, 0x08, 0x00, 0x00, 0x00, 0x84, 0x04, 0x20, 0x00, 0x00, 0x01,
  0x02, 0x42, 0x10, 0x20, 0x00, 0x00, 0x20, 0x80, 0x20, 0x00, 0x02, 0x04, 0x00, 0x04, 0x00, 0x40,
  0x08, 0x10, 0x04, 0x04, 0x00, 0x20, 0x00, 0x02, 0x00, 0x04, 0x00, 0x00, 0x00, 0x10, 0x00, 0x00,
  0x00, 0x00, 0x00, 0x10, 0x00, 0x81, 0x00, 0x00, 0x10, 0x00, 0x00, 0x00, 0x81, 0x08, 0x10, 0x00,
  0x00, 0x08, 0x00, 0x00, 0x02, 0x00, 0x09, 0x00, 0x08, 0x00, 0x20, 0x20, 0x00, 0x00, 0x00, 0x00,
  0x00, 0x09, 0x02, 0x10, 0x00, 0x24, 0x22, 0x00, 0x00, 0x00, 0x00, 0x04, 0x02, 0x40, 0x24, 0x82,
  0x01, 0x44, 0x52, 0x80, 0x08, 0x00, 0x04, 0x40, 0xA9, 0xAA, 0x54, 0x92, 0x4C, 0x15, 0x00, 0x00,
  0x00, 0x42, 0x04, 0x00, 0x04, 0x00, 0x00, 0x50, 0xA9, 0x00, 0x00, 0x08, 0x00, 0x00, 0x80, 0x00,
  0x40, 0x10, 0x00, 0x00, 0x00, 0x02, 0x48, 0x00, 0x00, 0x00, 0x00, 0x00, 0x00, 0x04, 0x00, 0x00,
  0x00, 0x42, 0x80, 0x00, 0x88, 0x00, 0x10, 0x00, 0x00, 0x00, 0x01, 0x81, 0x00, 0x01, 0x80, 0x00,
  0x84, 0x00, 0x20, 0x00, 0x00, 0x00, 0x40, 0x08, 0x21, 0x40, 0x00, 0x00, 0x41, 0x20, 0x00, 0x84,
  0x00, 0x10, 0x01, 0x04, 0x10, 0x00, 0x00, 0x20, 0x00, 0x02, 0x02, 0x00, 0x00, 0x00, 0x00, 0x10,
  0x01, 0x40, 0x00, 0x00, 0x00, 0x40, 0x08, 0x80, 0x40, 0x00, 0x00, 0x02, 0x00, 0x00, 0x00, 0x02,
  0x00, 0x01, 0x40, 0x00, 0x00, 0x04, 0x20, 0x80, 0x21, 0xAA, 0x25, 0x00, 0x00, 0x40, 0x00, 0x20,
  0xAA, 0xAA, 0x94, 0x2A, 0x11, 0x08, 0x00, 0x80, 0x80, 0x00, 0x00, 0x42, 0x00, 0x00, 0x00, 0x24,
  0x2A, 0x00, 0x00, 0x80, 0x04, 0x04, 0x00, 0x80, 0x00, 0x04, 0x20, 0x00, 0x01, 0x00, 0x02, 0x10,
  0x00, 0x00, 0x00, 0x02, 0x08, 0x40, 0x08, 0x20, 0x08, 0x00, 0x00, 0x80, 0x00, 0x80, 0x00, 0x10,
  0x00, 0x04, 0x00, 0x00, 0x40, 0x00, 0x21, 0x00, 0x00, 0x00, 0x04, 0x08, 0x02, 0x00, 0x10, 0x00,
  0x00, 0x02, 0x04, 0x04, 0x10, 0x00, 0x20, 0x00, 0x00, 0x04, 0x10, 0x00, 0x00, 0x00, 0x02, 0x02,
  0x88, 0x80, 0x00, 0x08, 0x00, 0x09, 0x00, 0x04, 0x40, 0x08, 0x08, 0x08, 0x80, 0x00, 0x80, 0x20,
  0x00, 0x00, 0x40, 0x00, 0x41, 0x00, 0x00, 0x80, 0x00, 0x10, 0x08, 0x40, 0x10, 0x00, 0x20, 0x82,
  0x01, 0x94, 0xA8, 0x20, 0x40, 0x04, 0x00, 0xA2, 0x52, 0x55, 0x55, 0x49, 0x4A, 0x09, 0x42, 0x20,
  0x10, 0x10, 0x00, 0x00, 0x90, 0x2A, 0x55, 0xC9, 0x12, 0x08, 0x10, 0x02, 0x40, 0x00, 0x02, 0x24,
  0x10, 0x00, 0x01, 0x20, 0x10, 0x80, 0x00, 0x80, 0x48, 0x08, 0x84, 0x00, 0x80, 0x00, 0x00, 0x02,
  0x00, 0x10, 0x10, 0x00, 0x00, 0x20, 0x00, 0x02, 0x40, 0x00, 0x40, 0x20, 0x10, 0x00, 0x00, 0x80,
  0x00, 0x20, 0x01, 0x00, 0x40, 0x04, 0x01, 0x40, 0x00, 0x00, 0x80, 0x00, 0x00, 0x00, 0x00, 0x00,
  0x08, 0x00, 0x00, 0x40, 0x00, 0x20, 0x80, 0x00, 0x02, 0x00, 0x20, 0x82, 0x08, 0x80, 0x00, 0x01,
  0x00, 0x02, 0x00, 0x02, 0x12, 0x08, 0x02, 0x00, 0x08, 0x00, 0x11, 0x00, 0x08, 0x80, 0x10, 0x10,
  0x48, 0x00, 0x01, 0x10, 0x00, 0x01, 0x21, 0xC0, 0x41, 0xA4, 0x4A, 0x01, 0x04, 0x00, 0x80, 0x20,
  0x95, 0x6A, 0xAA, 0x52, 0x10, 0x02, 0x00, 0x04, 0x00, 0x00, 0x20, 0xA9, 0xAA, 0x44, 0x22, 0x52,
  0x09, 0x80, 0x00, 0x00, 0x00, 0x40, 0x20, 0x00, 0x00, 0x00, 0x00, 0x04, 0x00, 0x20, 0x00, 0x04,
  0x00, 0x80, 0x00, 0x20, 0x02, 0x00, 0x02, 0x00, 0x00, 0x00, 0x00, 0x10, 0x00, 0x08, 0x08, 0x00,
  0x12, 0x40, 0x10, 0x00, 0x04, 0x10, 0x00, 0x10, 0x20, 0x08, 0x00, 0x81, 0x00, 0x00, 0x00, 0x02,
  0x00, 0x10, 0x00, 0x00, 0x00, 0x08, 0x08, 0x22, 0x82, 0x00, 0x80, 0x00, 0x84, 0x04, 0x20, 0x00,
  0x00, 0x20, 0x00, 0x00, 0x00, 0x00, 0x20, 0x00, 0x08, 0x00, 0x01, 0x00, 0x00, 0x00, 0x00, 0x08,
  0x00, 0x20, 0x00, 0x20, 0x00, 0x24, 0x00, 0x01, 0x00, 0x00, 0x00, 0x02, 0x00, 0x20, 0x20, 0x82,
  0x11, 0x4A, 0x15, 0x09, 0x00, 0x00, 0x22, 0x40, 0xA8, 0x28, 0x4B, 0x84, 0x42, 0x04, 0x00, 0x00,
  0x04, 0x00, 0x55, 0x02, 0x40, 0x92, 0x94, 0x54, 0x02, 0x00, 0x80, 0x20, 0x00, 0x10, 0x00, 0x00,
  0x00, 0x40, 0x10, 0x01, 0x80, 0x04, 0x00, 0x01, 0x00, 0x00, 0x00, 0x00, 0x00, 0x08, 0x80, 0x00,
  0x41, 0x04, 0x02, 0x01, 0x24, 0x01, 0x80, 0x80, 0x00, 0x00, 0x04, 0x00, 0x00, 0x00, 0x04, 0x04,
  0x00, 0x02, 0x00, 0x00, 0x10, 0x40, 0x00, 0x00, 0x48, 0x00, 0x21, 0x40, 0x04, 0x02, 0x01, 0x00,
  0x00, 0x80, 0x08, 0x08, 0x00, 0x00, 0x00, 0x20, 0x00, 0x00, 0x00, 0x00, 0x40, 0x00, 0x08, 0x80,
  0x00, 0x00, 0x40, 0x80, 0x00, 0x80, 0x20, 0x02, 0x00, 0x01, 0x00, 0x08, 0x00, 0x00, 0x00, 0x00,
  0x00, 0x44, 0x80, 0x00, 0x42, 0x00, 0x20, 0x90, 0x01, 0x94, 0x61, 0x02, 0x00, 0x21, 0x00, 0x90,
  0x52, 0xAB, 0xAA, 0x52, 0x94, 0x82, 0x10, 0x00, 0x00, 0x42, 0x40, 0x94, 0x2A, 0x21, 0x49, 0x15,
  0x01, 0x02, 0x04, 0x00, 0x22, 0x04, 0x00, 0x01, 0x84, 0x04, 0x00, 0x00, 0x04, 0x00, 0x20, 0x00,
  0x00, 0x21, 0x20, 0x08, 0x00, 0x80, 0x00, 0x10, 0x10, 0x00, 0x40, 0x00, 0x01, 0x00, 0x00, 0x00,
  0x00, 0x04, 0x00, 0x04, 0x01, 0x04, 0x81, 0x00, 0x04, 0x00, 0x20, 0x20, 0x00, 0x10, 0x88, 0x00,
  0x02, 0x04, 0x00, 0x10, 0x80, 0x00, 0x00, 0x00, 0x00, 0x20, 0x00, 0x00, 0x20, 0x00, 0x01, 0x00,
  0x20, 0x02, 0x84, 0x00, 0x02, 0x24, 0x02, 0x20, 0x00, 0x20, 0x10, 0x00, 0x00, 0x21, 0x00, 0x00,
  0x21, 0x00, 0x00, 0x02, 0x40, 0x00, 0x04, 0x80, 0x00, 0x00, 0x20, 0x00, 0x00, 0x08, 0x28, 0x81,
  0x41, 0x2A, 0x8D, 0x84, 0x10, 0x00, 0x00, 0x20, 0x25, 0x32, 0x25, 0x89, 0x20, 0x01, 0x00, 0x81,
  0x80, 0x10, 0x95, 0x20, 0x41, 0x94, 0x92, 0x4A, 0x89, 0x20, 0x00, 0x00, 0x00, 0x00, 0x04, 0x10,
  0x01, 0x00, 0x00, 0x80, 0x00, 0x00, 0x08, 0x40, 0x22, 0x00, 0x08, 0x00, 0x90, 0x00, 0x10, 0x00,
  0x00, 0x80, 0x00, 0x00, 0x00, 0x00, 0x21, 0x10, 0x00, 0x01, 0x01, 0x40, 0x00, 0x01, 0x00, 0x00,
  0x00, 0x00, 0x08, 0x08, 0x00, 0x01, 0x00, 0x90, 0x00, 0x00, 0x00, 0x04, 0x00, 0x00, 0x40, 0x08,
  0x00, 0x04, 0x00, 0x80, 0x00, 0x20, 0x10, 0x08, 0x02, 0x00, 0x01, 0x90, 0x00, 0x00, 0x00, 0x00,
  0x40, 0x02, 0x00, 0x10, 0x20, 0x00, 0x00, 0x00, 0x00, 0x08, 0x22, 0x00, 0x09, 0x04, 0x40, 0x08,
  0x88, 0x00, 0x08, 0x80, 0x10, 0x00, 0x22, 0x80, 0x01, 0x52, 0x31, 0x09, 0x00, 0x00, 0x00, 0x54,
  0xD2, 0xAA, 0x6A, 0x55, 0x8A, 0x20, 0x00, 0x10, 0x00, 0x4A, 0x22, 0x4A, 0x94, 0x24, 0xA4, 0x52,
  0x00, 0x00, 0x20, 0x04, 0x00, 0x00, 0x40, 0x00, 0x00, 0x00, 0x02, 0x20, 0x00, 0x00, 0x02, 0x00,
  0x00, 0x00, 0x00, 0x82, 0x00, 0x00, 0x00, 0x04, 0x02, 0x00, 0x10, 0x10, 0x00, 0x40, 0x00, 0x00,
  0x40, 0x40, 0x00, 0x01, 0x40, 0x00, 0x20, 0x80, 0x40, 0x80, 0x00, 0x00, 0x04, 0x00, 0x00, 0x00,
  0x00, 0x80, 0x08, 0x01, 0x10, 0x40, 0x10, 0x80, 0x48, 0x00, 0x40, 0x22, 0x08, 0x04, 0x00, 0x02,
  0x00, 0x10, 0x00, 0x00, 0x80, 0x00, 0x00, 0x02, 0x08, 0x00, 0x02, 0x04, 0x04, 0x08, 0x08, 0x20,
  0x00, 0x80, 0x00, 0x00, 0x00, 0x80, 0x00, 0x00, 0x00, 0x00, 0x02, 0x10, 0x00, 0x80, 0x20, 0xC2,
  0x41, 0x26, 0x47, 0x12, 0x00, 0x44, 0x24, 0x80, 0x48, 0x99, 0xAA, 0x1A, 0x90, 0x00, 0x04, 0x00,
  0x50, 0xA1, 0x08, 0x91, 0x12, 0x91, 0x52, 0x24, 0x00, 0x00, 0x01, 0x40, 0x08, 0x81, 0x00, 0x00,
  0x40, 0x20, 0x20, 0x02, 0x20, 0x22, 0x00, 0x04, 0x00, 0x08, 0x01, 0x00, 0x00, 0x08, 0x00, 0x81,
  0x00, 0x22, 0x00, 0x04, 0x40, 0x04, 0x00, 0x04, 0x04, 0x00, 0x40, 0x00, 0x10, 0x40, 0x00, 0x20,
  0x00, 0x04, 0x00, 0x01, 0x40, 0x00, 0x21, 0x00, 0x80, 0x20, 0x00, 0x00, 0x02, 0x10, 0x04, 0x00,
  0x00, 0x00, 0x12, 0x00, 0x00, 0x00, 0x00, 0x80, 0x80, 0x00, 0x20, 0x04, 0x10, 0x00, 0x80, 0x00,
  0x02, 0x00, 0x00, 0x01, 0x00, 0x00, 0x80, 0x08, 0x04, 0x02, 0x00, 0x00, 0x00, 0x00, 0x00, 0x02,
  0x02, 0x48, 0x00, 0x00, 0x00, 0x02, 0x20, 0x90, 0x01, 0xA4, 0xAA, 0x14, 0x42, 0x00, 0x00, 0x50,
  0xA2, 0x52, 0x55, 0x85, 0xA2, 0x08, 0x40, 0x00, 0x08, 0x14, 0x45, 0x24, 0x49, 0x4A, 0x94, 0x08,
  0x04, 0x08, 0x00, 0x00, 0x00, 0x20, 0x00, 0x04, 0x00, 0x08, 0x00, 0x00, 0x00, 0x00, 0x00, 0x01,
  0x00, 0x02, 0x00, 0x00, 0x04, 0x80, 0x04, 0x00, 0x80, 0x00, 0x00, 0x00, 0x11, 0x00, 0x08, 0x80,
  0x00, 0x00, 0x10, 0x00, 0x00, 0x00, 0x04, 0x04, 0x08, 0x00, 0x00, 0x00, 0x00, 0x08, 0x00, 0x02,
  0x10, 0x08, 0x00, 0x00, 0x00, 0x04, 0x00, 0x02, 0x00, 0x80, 0x00, 0x00, 0x00, 0x01, 0x82, 0x00,
  0x10, 0x00, 0x00, 0x00, 0x00, 0x10, 0x11, 0x20, 0x00, 0x10, 0x40, 0x00, 0x01, 0x00, 0x02, 0x00,
  0x40, 0x00, 0x80, 0x48, 0x80, 0x10, 0x08, 0x40, 0x40, 0x00, 0x00, 0x02, 0x84, 0x20, 0x20, 0x82,
  0x11, 0x25, 0x52, 0x81, 0x00, 0x00, 0x00, 0x21, 0xA4, 0xD6, 0x56, 0x11, 0x54, 0x00, 0x00, 0x04,
  0x26, 0xA1, 0x10, 0x48, 0xA4, 0x92, 0x22, 0x45, 0x40, 0x00, 0x10, 0x01, 0x02, 0x08, 0x08, 0x40,
  0x04, 0x00, 0x00, 0x00, 0x04, 0x00, 0x40, 0x40, 0x24, 0x00, 0x20, 0x10, 0x80, 0x00, 0x40, 0x00,
  0x20, 0x00, 0x04, 0x01, 0x00, 0x00, 0x80, 0x00, 0x00, 0x08, 0x04, 0x10, 0x01, 0x08, 0x00, 0x01,
  0x00, 0x21, 0x22, 0x20, 0x01, 0x00, 0x08, 0x20, 0x02, 0x00, 0x20, 0x40, 0x80, 0x00, 0x00, 0x20,
  0x00, 0x22, 0x00, 0x00, 0x42, 0x80, 0x20, 0x00, 0x00, 0x40, 0x04, 0x00, 0x01, 0x04, 0x00, 0x00,
  0x00, 0x01, 0x11, 0x00, 0x00, 0x81, 0x00, 0x00, 0x00, 0x00, 0x08, 0x00, 0x04, 0x00, 0x40, 0x00,
  0x00, 0x00, 0x80, 0x00, 0x01, 0x00, 0x20, 0x80, 0x01, 0x49, 0x15, 0x2A, 0x00, 0x08, 0x01, 0x90,
  0x52, 0xA5, 0xAA, 0xA2, 0x20, 0x00, 0x01, 0x80, 0x04, 0x14, 0x85, 0x92, 0x24, 0x24, 0x49, 0x08,
  0x00, 0x80, 0x00, 0x10, 0x40, 0x00, 0x80, 0x00, 0x00, 0x01, 0x09, 0x08, 0x01, 0x81, 0x08, 0x00,
  0x00, 0x80, 0x00, 0x82, 0x00, 0x20, 0x00, 0x20, 0x08, 0x00, 0x41, 0x00, 0x00, 0x10, 0x01, 0x00,
  0x20, 0x82, 0x00, 0x00, 0x00, 0x00, 0x00, 0x00, 0x00, 0x00, 0x00, 0x08, 0x10, 0x42, 0x00, 0x00,
  0x00, 0x00, 0x04, 0x04, 0x20, 0x00, 0x80, 0x00, 0x12, 0x00, 0x00, 0x88, 0x00, 0x20, 0x00, 0x20,
  0x04, 0x04, 0x80, 0x20, 0x00, 0x01, 0x00, 0x00, 0x40, 0x00, 0x00, 0x40, 0x20, 0x10, 0x40, 0x84,
  0x10, 0x20, 0x02, 0x00, 0x00, 0x04, 0x01, 0x10, 0x10, 0x04, 0x08, 0x40, 0x00, 0x00, 0x20, 0x82,
  0x41, 0x44, 0x6A, 0x11, 0x89, 0x00, 0x10, 0x40, 0x88, 0xAA, 0x2D, 0x04, 0x1A, 0x40, 0x10, 0x40,
  0xA0, 0xA0, 0x00, 0x04, 0x49, 0x49, 0x92, 0x06, 0x10, 0x22, 0x00, 0x00, 0x00, 0x00, 0x00, 0x00,
  0x20, 0x00, 0x80, 0x00, 0x40, 0x10, 0x00, 0x00, 0x00, 0x20, 0x08, 0x00, 0x10, 0x08, 0x00, 0x08,
  0x00, 0x10, 0x00, 0x20, 0x04, 0x01, 0x00, 0x08, 0x08, 0x00, 0x00, 0x04, 0x88, 0x80, 0x20, 0x00,
  0x21, 0x00, 0x00, 0x02, 0x00, 0x00, 0x80, 0x08, 0x00, 0x01, 0x00, 0x01, 0x04, 0x80, 0x08, 0x00,
  0x00, 0x00, 0x80, 0x00, 0x00, 0x00, 0x00, 0x08, 0x00, 0x00, 0x00, 0x08, 0x10, 0x00, 0x00, 0x04,
  0x11, 0x00, 0x00, 0x10, 0x00, 0x00, 0x00, 0x00, 0x00, 0x04, 0x00, 0x02, 0x20, 0x00, 0x00, 0x04,
  0x00, 0x40, 0x02, 0x10, 0x40, 0x10, 0x22, 0xC0, 0x01, 0x95, 0x8A, 0x22, 0x04, 0x40, 0x00, 0x10,
  0x41, 0xB5, 0x92, 0x92, 0x08, 0x08, 0x00, 0x11, 0x02, 0x0A, 0x52, 0x51, 0x12, 0x95, 0x24, 0x01,
  0x02, 0x00, 0x08, 0x00, 0x01, 0x04, 0x21, 0x08, 0x01, 0x20, 0x00, 0x00, 0x00, 0x00, 0x00, 0x08,
  0x81, 0x08, 0x00, 0x00, 0x00, 0x02, 0x08, 0x00, 0x02, 0x00, 0x00, 0x00, 0x00, 0x00, 0x10, 0x82,
  0x00, 0x00, 0x00, 0x01, 0x00, 0x20, 0x08, 0x20, 0x00, 0x00, 0x08, 0x00, 0x00, 0x00, 0x00, 0x00,
  0x10, 0x20, 0x00, 0x00, 0x01, 0x20, 0x00, 0x10, 0x00, 0x01, 0x08, 0x00, 0x00, 0x08, 0x00, 0x00,
  0x80, 0x00, 0x01, 0x00, 0x00, 0x80, 0x24, 0x40, 0x00, 0x10, 0x00, 0x04, 0x08, 0x00, 0x10, 0x00,
  0x04, 0x01, 0x40, 0x20, 0x01, 0x00, 0x20, 0x00, 0x02, 0x00, 0x00, 0x00, 0x10, 0x04, 0x20, 0x92,
  0x41, 0x24, 0x55, 0x44, 0x01, 0x10, 0x00, 0x21, 0xAA, 0x66, 0x45, 0x00, 0x02, 0x02, 0x00, 0xA0,
  0x48, 0xA4, 0x00, 0x8A, 0x44, 0x22, 0x49, 0x81, 0x00, 0x00, 0x80, 0x04, 0x10, 0x01, 0x00, 0x00,
  0x00, 0x08, 0x00, 0x20, 0x00, 0x00, 0x00, 0x01, 0x10, 0x00, 0x00, 0x21, 0x04, 0x00, 0x82, 0x00,
  0x00, 0x02, 0x00, 0x08, 0x41, 0x20, 0x00, 0x00, 0x00, 0x20, 0x20, 0x40, 0x02, 0x04, 0x00, 0x08,
  0x00, 0x92, 0x80, 0x00, 0x44, 0x00, 0x09, 0x80, 0x04, 0x08, 0x02, 0x40, 0x00, 0x04, 0x00, 0x04,
  0x00, 0x10, 0x01, 0x00, 0x10, 0x01, 0x24, 0x02, 0x02, 0x10, 0x10, 0x00, 0x04, 0x20, 0x00, 0x00,
  0x00, 0x00, 0x89, 0x00, 0x00, 0x04, 0x04, 0x10, 0x00, 0x00, 0x00, 0x00, 0x00, 0x21, 0x08, 0x00,
  0x80, 0x10, 0x80, 0x00, 0x00, 0x00, 0x20, 0x80, 0x91, 0x92, 0x94, 0x12, 0x14, 0x02, 0x40, 0x90,
  0x80, 0xB2, 0x10, 0x55, 0x00, 0x00, 0x40, 0x14, 0x00, 0x09, 0xA4, 0x90, 0x48, 0x49, 0x92, 0x00,
  0x00, 0x01, 0x00, 0x40, 0x00, 0x00, 0x08, 0x40, 0x10, 0x00, 0x04, 0x02, 0x04, 0x08, 0x49, 0x00,
  0x00, 0x00, 0x40, 0x00, 0x00, 0x00, 0x00, 0x80, 0x80, 0x80, 0x88, 0x00, 0x00, 0x08, 0x82, 0x00,
  0x80, 0x08, 0x02, 0x00, 0x00, 0x01, 0x00, 0x02, 0x08, 0x00, 0x00, 0x80, 0x00, 0x24, 0x00, 0x02,
  0x00, 0x00, 0x20, 0x10, 0x00, 0x01, 0x20, 0x00, 0x09, 0x00, 0x00, 0x24, 0x02, 0x00, 0x00, 0x80,
  0x20, 0x00, 0x00, 0x01, 0x81, 0x00, 0x00, 0x11, 0x00, 0x02, 0x00, 0x00, 0x00, 0x81, 0x00, 0x01,
  0x01, 0x40, 0x02, 0x00, 0x10, 0x00, 0x02, 0x80, 0x00, 0x00, 0x20, 0x08, 0x02, 0x00, 0x21, 0x81,
  0x01, 0x24, 0x55, 0x44, 0x10, 0x00, 0x04, 0x20, 0x2A, 0x15, 0x25, 0x80, 0x02, 0x00, 0x12, 0x42,
  0x52, 0x22, 0x01, 0x25, 0x15, 0x24, 0x49, 0x10, 0x20, 0x10, 0x01, 0x00, 0x00, 0x40, 0x00, 0x01,
  0x00, 0x01, 0x41, 0x00, 0x41, 0x00, 0x00, 0x40, 0x00, 0x00, 0x02, 0x00, 0x40, 0x80, 0x00, 0x04,
  0x20, 0x20, 0x00, 0x00, 0x00, 0x00, 0x00, 0x40, 0x04, 0x00, 0x00, 0x00, 0x20, 0x00, 0x80, 0x00,
  0x80, 0x00, 0x00, 0x20, 0x00, 0x00, 0x80, 0x00, 0x80, 0x00, 0x00, 0x02, 0x40, 0x00, 0x04, 0x00,
  0x80, 0x00, 0x40, 0x00, 0x00, 0x80, 0x00, 0x00, 0x00, 0x00, 0x00, 0x20, 0x00, 0x08, 0x00, 0x00,
  0x88, 0x00, 0x00, 0x00, 0x41, 0x00, 0x00, 0x00, 0x20, 0x10, 0x20, 0x04, 0x04, 0x00, 0x00, 0x22,
  0x10, 0x04, 0x08, 0x00, 0x00, 0x40, 0x20, 0x84, 0xC1, 0x12, 0xAA, 0x92, 0x22, 0x00, 0x00, 0x40,
  0x84, 0x5A, 0x88, 0x12, 0x40, 0x40, 0x80, 0x08, 0x00, 0x08, 0xA8, 0x4A, 0xA2, 0x92, 0x24, 0x00,
  0x08, 0x00, 0x10, 0x00, 0x08, 0x10, 0x00, 0x10, 0x04, 0x00, 0x00, 0x00, 0x00, 0x40, 0x00, 0x10,
  0x04, 0x41, 0x00, 0x88, 0x00, 0x08, 0x00, 0x00, 0x00, 0x00, 0x00, 0x00, 0x08, 0x00, 0x20, 0x10,
  0x00, 0x00, 0x00, 0x04, 0x00, 0x00, 0x11, 0x00, 0x02, 0x00, 0x44, 0x00, 0x00, 0x01, 0x20, 0x20,
  0x00, 0x80, 0x00, 0x00, 0x10, 0x00, 0x01, 0x01, 0x00, 0x08, 0x10, 0x00, 0x80, 0x20, 0x00, 0x10,
  0x00, 0x42, 0x04, 0x08, 0x00, 0x00, 0x20, 0x00, 0x02, 0x20, 0x00, 0x20, 0x10, 0x00, 0x00, 0x20,
  0x00, 0x02, 0x00, 0x40, 0x00, 0x04, 0x00, 0x00, 0x00, 0x00, 0x01, 0x80, 0x40, 0x02, 0x20, 0xC2,
  0x41, 0x44, 0x29, 0x44, 0x48, 0x40, 0x00, 0x24, 0x11, 0x49, 0x25, 0xA0, 0x00, 0x04, 0x40, 0x52,
  0xAA, 0x52, 0x02, 0x91, 0x44, 0x08, 0x00, 0x00, 0x01, 0x00, 0x00, 0x11, 0x82, 0x00, 0x42, 0x00,
  0x00, 0x20, 0x00, 0x10, 0x00, 0x02, 0x00, 0x00, 0x40, 0x10, 0x00, 0x00, 0x08, 0x02, 0x90, 0x20,
  0x08, 0x00, 0x20, 0x24, 0x81, 0x00, 0x00, 0x00, 0x20, 0x80, 0x48, 0x40, 0x04, 0x20, 0x00, 0x80,
  0x00, 0x80, 0x00, 0x08, 0x10, 0x00, 0x04, 0x00, 0x22, 0x04, 0x08, 0x00, 0x04, 0x40, 0x00, 0x10,
  0x01, 0x80, 0x04, 0x00, 0x20, 0x08, 0x90, 0x04, 0x00, 0x00, 0x40, 0x00, 0x20, 0x00, 0x02, 0x80,
  0x00, 0x00, 0x92, 0x04, 0x00, 0x20, 0x10, 0x02, 0x08, 0x00, 0x00, 0x00, 0x80, 0x40, 0x40, 0x00,
  0x00, 0x01, 0x00, 0x20, 0x10, 0x00, 0x20, 0x80, 0x21, 0x95, 0x54, 0x49, 0x82, 0x08, 0x88, 0x40,
  0x44, 0x95, 0x88, 0x14, 0x10, 0x00, 0x20, 0x09, 0x00, 0x09, 0x50, 0x52, 0x29, 0x21, 0x55, 0x04,
  0x00, 0x42, 0x00, 0x00, 0x00, 0x00, 0x00, 0x00, 0x80, 0x08, 0x10, 0x02, 0x10, 0x00, 0x08, 0x01,
  0x00, 0x00, 0x10, 0x01, 0x00, 0x00, 0x00, 0x00, 0x02, 0x04, 0x04, 0x00, 0x00, 0x88, 0x08, 0x00,
  0x00, 0x22, 0x00, 0x00, 0x00, 0x04, 0x00, 0x20, 0x40, 0x08, 0x00, 0x00, 0x04, 0x40, 0x00, 0x00,
  0x00, 0x00, 0x80, 0x00, 0x01, 0x10, 0x00, 0x00, 0x10, 0x00, 0x00, 0x44, 0x02, 0x00, 0x00, 0x00,
  0x12, 0x10, 0x00, 0x00, 0x08, 0x82, 0x00, 0x04, 0x00, 0x00, 0x00, 0x00, 0x00, 0x00, 0x02, 0x00,
  0x02, 0x00, 0x84, 0x08, 0x00, 0x00, 0x08, 0x08, 0x04, 0x40, 0x00, 0x09, 0x00, 0x20, 0x28, 0x82,
  0x41, 0x44, 0x28, 0x85, 0x28, 0x01, 0x02, 0x20, 0x11, 0xA9, 0x02, 0x09, 0x00, 0x00, 0x48, 0x44,
  0xA9, 0x84, 0xA4, 0x24, 0x02, 0x8A, 0x10, 0x40, 0x00, 0x00, 0x04, 0x80, 0x00, 0x04, 0x00, 0x08,
  0x21, 0x00, 0x04, 0x00, 0x01, 0x10, 0x02, 0x00, 0x01, 0x00, 0x00, 0x00, 0x02, 0x80, 0x00, 0x00,
  0x00, 0x80, 0x00, 0x00, 0x00, 0x00, 0x00, 0x02, 0x01, 0x00, 0x00, 0x10, 0x40, 0x00, 0x00, 0x08,
  0x00, 0x00, 0x00, 0x02, 0x00, 0x08, 0x00, 0x04, 0x00, 0x20, 0x00, 0x48, 0x00, 0x00, 0x20, 0x04,
  0x00, 0x21, 0x00, 0x00, 0x00, 0x00, 0x04, 0x00, 0x80, 0x00, 0x00, 0x00, 0x01, 0x00, 0x00, 0x01,
  0x40, 0x84, 0x00, 0x00, 0x02, 0x08, 0x00, 0x80, 0x80, 0x40, 0x00, 0x00, 0x11, 0x00, 0x02, 0x00,
  0x41, 0x00, 0x40, 0x00, 0x00, 0x00, 0x20, 0xC0, 0xA1, 0x24, 0x55, 0x28, 0x42, 0x01, 0x00, 0x40,
  0xA4, 0x24, 0x28, 0x02, 0x04, 0x91, 0x10, 0x11, 0x00, 0x21, 0x08, 0x49, 0xA9, 0x50, 0x0A, 0x00,
  0x40, 0x10, 0x40, 0x04, 0x00, 0x80, 0x10, 0x02, 0x00, 0x00, 0x00, 0x00, 0x00, 0x01, 0x00, 0x08,
  0x10, 0x04, 0x04, 0x90, 0x40, 0x20, 0x08, 0x04, 0x00, 0x01, 0x00, 0x01, 0x10, 0x02, 0x00, 0x20,
  0x10, 0x00, 0x00, 0x02, 0x10, 0x00, 0x22, 0x02, 0x10, 0x00, 0x88, 0x80, 0x00, 0x01, 0x00, 0x41,
  0x08, 0x01, 0x02, 0x00, 0x00, 0x02, 0x00, 0x00, 0x00, 0x00, 0x00, 0x01, 0x00, 0x00, 0x00, 0x80,
  0x00, 0x00, 0x09, 0x11, 0x00, 0x20, 0x20, 0x20, 0x10, 0x00, 0x00, 0x40, 0x80, 0x00, 0x40, 0x08,
  0x00, 0x08, 0x00, 0x00, 0x00, 0x08, 0x00, 0x02, 0x00, 0x10, 0x08, 0x00, 0x04, 0x04, 0x22, 0x92,
  0xA1, 0x84, 0x30, 0x45, 0x04, 0x81, 0x00, 0x44, 0x02, 0x95, 0x42, 0x45, 0x00, 0x00, 0xA4, 0x04,
  0x55, 0x0A, 0x51, 0x52, 0x42, 0x0A, 0x08, 0x00, 0x08, 0x00, 0x00, 0x00, 0x20, 0x00, 0x00, 0x00,
  0x00, 0x00, 0x01, 0x21, 0x40, 0x00, 0x40, 0x00, 0x00, 0x00, 0x81, 0x00, 0x00, 0x04, 0x80, 0x40,
  0x40, 0x20, 0x40, 0x10, 0x01, 0x00, 0x80, 0x00, 0x00, 0x02, 0x22, 0x00, 0x01, 0x40, 0x00, 0x00,
  0x00, 0x44, 0x00, 0x00, 0x40, 0x00, 0x22, 0x00, 0x00, 0x00, 0x20, 0x00, 0x80, 0x00, 0x04, 0x41,
  0x02, 0x00, 0x40, 0x00, 0x88, 0x84, 0x00, 0x21, 0x00, 0x04, 0x00, 0x00, 0x00, 0x08, 0x08, 0x00,
  0x04, 0x20, 0x10, 0x11, 0x20, 0x00, 0x00, 0x00, 0x00, 0x00, 0x10, 0x42, 0x00, 0x81, 0x80, 0x40,
  0x00, 0x00, 0x00, 0x00, 0x81, 0x00, 0x20, 0x80, 0x41, 0x11, 0xA5, 0x90, 0xA8, 0x12, 0x40, 0x40,
  0xA8, 0x4A, 0x90, 0x00, 0x00, 0x00, 0x08, 0x21, 0xA0, 0x00, 0x84, 0x90, 0x14, 0x41, 0x05, 0x12,
  0x00, 0x00, 0x00, 0x40, 0x08, 0x22, 0x80, 0x80, 0x08, 0x44, 0x00, 0x00, 0x08, 0x40, 0x00, 0x40,
  0x00, 0x41, 0x00, 0x00, 0x00, 0x00, 0x00, 0x00, 0x08, 0x00, 0x10, 0x00, 0x80, 0x20, 0x11, 0x00,
  0x80, 0x20, 0x00, 0x00, 0x00, 0x04, 0x00, 0x00, 0x02, 0x00, 0x00, 0x20, 0x10, 0x80, 0x00, 0x00,
  0x02, 0x88, 0x00, 0x02, 0x20, 0x80, 0x00, 0x00, 0x20, 0x04, 0x02, 0x90, 0x00, 0x00, 0x20, 0x00,
  0x20, 0x40, 0x00, 0x00, 0x40, 0x00, 0x00, 0x00, 0x00, 0x00, 0x00, 0x00, 0x00, 0x80, 0x04, 0x02,
  0x20, 0x00, 0x02, 0x00, 0x40, 0x00, 0x00, 0x00, 0x00, 0x02, 0x01, 0x40, 0x00, 0x40, 0x20, 0x82,
  0x91, 0x24, 0x2A, 0x05, 0x01, 0x06, 0x10, 0x88, 0x42, 0x12, 0x25, 0x00, 0x20, 0x04, 0x22, 0x02,
  0x0A, 0xA5, 0xA8, 0x04, 0x00, 0x08, 0x00, 0x00, 0x01, 0x82, 0x04, 0x10, 0x00, 0x00, 0x04, 0x20,
  0x80, 0x00, 0x40, 0x00, 0x02, 0x10, 0x08, 0x00, 0x04, 0x00, 0x00, 0x04, 0x10, 0x00, 0x02, 0x00,
  0x02, 0x00, 0x04, 0x00, 0x00, 0x00, 0x00, 0x00, 0x02, 0x00, 0x00, 0x20, 0x00, 0x01, 0x80, 0x80,
  0x80, 0x00, 0x02, 0x00, 0x04, 0x20, 0x00, 0x80, 0x40, 0x00, 0x00, 0x00, 0x04, 0x20, 0x40, 0x00,
  0x00, 0x40, 0x00, 0x00, 0x00, 0x20, 0x08, 0x00, 0x08, 0x00, 0x40, 0x88, 0x04, 0x00, 0x00, 0x08,
  0x01, 0x02, 0x04, 0x00, 0x08, 0x10, 0x80, 0x40, 0x04, 0x82, 0x00, 0x00, 0x04, 0x00, 0x10, 0x00,
  0x88, 0x00, 0x00, 0x11, 0x00, 0x00, 0x20, 0x80, 0x21, 0x47, 0x49, 0xA8, 0xD4, 0x08, 0x00, 0x05,
  0x28, 0x25, 0x28, 0x20, 0x02, 0x40, 0x49, 0x49, 0x50, 0x00, 0x15, 0x21, 0x51, 0xA1, 0x82, 0x00,
  0x80, 0x20, 0x40, 0x02, 0x00, 0x00, 0x00, 0x00, 0x00, 0x00, 0x10, 0x10, 0x00, 0x04, 0x00, 0x02,
  0x00, 0x00, 0x20, 0x40, 0x04, 0x81, 0x20, 0x84, 0x00, 0x08, 0x00, 0x40, 0x08, 0x00, 0x00, 0x48,
  0x20, 0x00, 0x88, 0x04, 0x44, 0x00, 0x24, 0x20, 0x00, 0x00, 0x20, 0x04, 0x00, 0x00, 0x00, 0x24,
  0x00, 0x00, 0x08, 0x20, 0x01, 0x00, 0x00, 0x10, 0x00, 0x01, 0x10, 0x00, 0x10, 0x00, 0x00, 0x08,
  0x00, 0x00, 0x10, 0x00, 0x00, 0x02, 0x01, 0x01, 0x80, 0x00, 0x81, 0x00, 0x02, 0x04, 0x00, 0x00,
  0x00, 0x20, 0x80, 0x08, 0x00, 0x10, 0x04, 0x10, 0x02, 0x20, 0x10, 0x00, 0x20, 0x08, 0x20, 0xC5,
  0x51, 0x04, 0x54, 0x05, 0x02, 0x02, 0x02, 0xC1, 0x40, 0x89, 0x02, 0x04, 0x00, 0x01, 0x12, 0x00,
  0x45, 0x55, 0x44, 0x08, 0x04, 0x04, 0x01, 0x00, 0x10, 0x00, 0x00, 0x00, 0x04, 0x00, 0x41, 0x08,
  0x00, 0x00, 0x00, 0x00, 0x00, 0x00, 0x80, 0x20, 0x20, 0x08, 0x08, 0x00, 0x00, 0x10, 0x00, 0x00,
  0x00, 0x02, 0x01, 0x04, 0x00, 0x04, 0x00, 0x02, 0x00, 0x88, 0x00, 0x00, 0x00, 0x40, 0x00, 0x08,
  0x20, 0x88, 0x00, 0x00, 0x00, 0x04, 0x10, 0x01, 0x00, 0x02, 0x80, 0x00, 0x00, 0x08, 0x10, 0x04,
  0x09, 0x00, 0x00, 0x02, 0x02, 0x01, 0x00, 0x02, 0x01, 0x09, 0x02, 0x00, 0x80, 0x40, 0x20, 0x00,
  0x00, 0x20, 0x00, 0x88, 0x00, 0x00, 0x10, 0x00, 0x00, 0x00, 0x20, 0x80, 0x00, 0x00, 0x01, 0x02,
  0x00, 0x00, 0x00, 0x00, 0x00, 0x02, 0x22, 0x80, 0x81, 0x4A, 0x51, 0x52, 0xC8, 0x14, 0x50, 0x0A,
  0x15, 0x25, 0x05, 0x00, 0x40, 0x80, 0x4A, 0x25, 0x28, 0x00, 0x29, 0x82, 0x80, 0x50, 0x20, 0x10,
  0x04, 0x00, 0x00, 0x00, 0x80, 0x44, 0x00, 0x00, 0x24, 0x88, 0x00, 0x04, 0x40, 0x00, 0x21, 0x00,
  0x00, 0x82, 0x00, 0x02, 0x00, 0x00, 0x00, 0x21, 0x80, 0x00, 0x00, 0x01, 0x40, 0x40, 0x44, 0x00,
  0x00, 0x00, 0x00, 0x00, 0x01, 0x00, 0x00, 0x00, 0x00, 0x00, 0x00, 0x81, 0x00, 0x01, 0x04, 0x00,
  0x10, 0x20, 0x01, 0x08, 0x00, 0x02, 0x04, 0x00, 0x00, 0x10, 0x80, 0x20, 0x00, 0x10, 0x01, 0x00,
  0x00, 0x80, 0x00, 0x02, 0x10, 0x00, 0x00, 0x40, 0x10, 0x00, 0x00, 0x00, 0x00, 0x01, 0x02, 0x08,
  0x41, 0x04, 0x00, 0x00, 0x10, 0x01, 0x00, 0x00, 0x00, 0x00, 0x02, 0x04, 0x04, 0x00, 0x20, 0x82,
  0x59, 0x12, 0x4A, 0x81, 0x92, 0x28, 0x80, 0x80, 0x60, 0xA1, 0x00, 0x01, 0x12, 0x10, 0x91, 0x80,
  0x4A, 0xA5, 0x02, 0x20, 0x28, 0xA4, 0x00, 0x00, 0x01, 0x08, 0x08, 0x80, 0x00, 0x00, 0x00, 0x00,
  0x01, 0x02, 0x08, 0x80, 0x08, 0x00, 0x00, 0x00, 0x02, 0x00, 0x00, 0x00, 0x01, 0x04, 0x10, 0x00,
  0x20, 0x00, 0x40, 0x00, 0x01, 0x00, 0x00, 0x00, 0x04, 0x02, 0x20, 0x40, 0x00, 0x08, 0x00, 0x00,
  0x08, 0x00, 0x00, 0x20, 0x08, 0x80, 0x00, 0x00, 0x04, 0x00, 0x00, 0x00, 0x20, 0x00, 0x00, 0x00,
  0x80, 0x00, 0x01, 0x00, 0x00, 0x00, 0x10, 0x00, 0x20, 0x00, 0x00, 0x20, 0x01, 0x10, 0x08, 0x00,
  0x04, 0x00, 0x20, 0x00, 0x40, 0x80, 0x00, 0x02, 0x10, 0x00, 0x04, 0x20, 0x00, 0x40, 0x80, 0x40,
  0x20, 0x42, 0x40, 0x00, 0x81, 0x40, 0x20, 0xC0, 0x81, 0x24, 0x50, 0x2A, 0x80, 0x12, 0x24, 0x15,
  0xA5, 0x14, 0x00, 0x40, 0x00, 0x60, 0x4A, 0x14, 0xAA, 0x00, 0x54, 0x09, 0x02, 0x11, 0x08, 0x02,
  0x00, 0x02, 0x81, 0x10, 0x20, 0x00, 0x10, 0x01, 0x00, 0x00, 0x80, 0x00, 0x00, 0x22, 0x08, 0x10,
  0x00, 0x00, 0x80, 0x20, 0x20, 0x01, 0x02, 0x00, 0x08, 0x40, 0x10, 0x20, 0x10, 0x00, 0x00, 0x80,
  0x40, 0x00, 0x02, 0x04, 0x20, 0x02, 0x11, 0x01, 0x02, 0x21, 0x08, 0x00, 0x00, 0x20, 0x00, 0x00,
  0x01, 0x01, 0x10, 0x00, 0x08, 0x80, 0x00, 0x41, 0x00, 0x00, 0x08, 0x00, 0x10, 0x02, 0x00, 0x21,
  0x04, 0x00, 0x80, 0x00, 0x00, 0x00, 0x00, 0x04, 0x00, 0x02, 0x08, 0x42, 0x00, 0x00, 0x80, 0x00,
  0x00, 0x80, 0x00, 0x02, 0x00, 0x10, 0x20, 0x00, 0x04, 0x10, 0x00, 0x40, 0x00, 0x00, 0x20, 0x82,
  0x29, 0x45, 0xA5, 0x80, 0xAA, 0x24, 0x00, 0x00, 0x51, 0x22, 0x20, 0x00, 0x00, 0x88, 0x90, 0x40,
  0x25, 0x54, 0x01, 0x82, 0x50, 0x64, 0x00, 0x40, 0x80, 0x00, 0x00, 0x00, 0x00, 0x00, 0x04, 0x10,
  0x00, 0x00, 0x01, 0x20, 0x00, 0x00, 0x00, 0x04, 0x90, 0x20, 0x22, 0x00, 0x00, 0x80, 0x00, 0x00,
  0x02, 0x00, 0x04, 0x00, 0x00, 0x04, 0x11, 0x08, 0x00, 0x40, 0x00, 0x00, 0x00, 0x00, 0x00, 0x20,
  0x00, 0x00, 0x40, 0x00, 0x40, 0x00, 0x40, 0x24, 0x00, 0x10, 0x00, 0x41, 0x02, 0x00, 0x00, 0x00,
  0x08, 0x08, 0x00, 0x88, 0x04, 0x00, 0x04, 0x00, 0x00, 0x24, 0x10, 0x00, 0x00, 0x02, 0x02, 0x01,
  0x80, 0x20, 0x01, 0x00, 0x08, 0x10, 0x00, 0x40, 0x00, 0x10, 0x80, 0x00, 0x42, 0x00, 0x00, 0x10,
  0x00, 0x00, 0x08, 0x10, 0x00, 0x00, 0x28, 0x90, 0x49, 0x2A, 0x88, 0x29, 0x00, 0x49, 0x24, 0x21,
  0xA2, 0x08, 0x00, 0x08, 0x00, 0x22, 0x25, 0x95, 0x54, 0x01, 0xA4, 0x20, 0x04, 0x09, 0x80, 0x00,
  0x20, 0x00, 0x00, 0x04, 0x08, 0x88, 0x00, 0x00, 0x40, 0x20, 0x00, 0x08, 0x10, 0x00, 0x02, 0x00,
  0x01, 0x00, 0x00, 0x08, 0x08, 0x00, 0x80, 0x88, 0x00, 0x10, 0x00, 0x00, 0x00, 0x40, 0x00, 0x01,
  0x00, 0x10, 0x80, 0x00, 0x04, 0x00, 0x00, 0x08, 0x00, 0x08, 0x02, 0x04, 0x02, 0x04, 0x00, 0x00,
  0x00, 0x00, 0x02, 0x10, 0x00, 0x22, 0x10, 0x10, 0x00, 0x02, 0x40, 0x00, 0x80, 0x20, 0x01, 0x00,
  0x01, 0x01, 0x02, 0x00, 0x88, 0x80, 0x00, 0x40, 0x00, 0x00, 0x00, 0x10, 0x00, 0x00, 0x10, 0x00,
  0x9A, 0x04, 0x20, 0x00, 0x00, 0x04, 0x04, 0x00, 0x00, 0x01, 0x00, 0x01, 0x20, 0x04, 0x22, 0x81,
  0x91, 0x44, 0xA1, 0x80, 0xA4, 0xA4, 0x00, 0x04, 0x54, 0x02, 0x02, 0x00, 0x88, 0x54, 0x52, 0x20,
  0x25, 0x54, 0x09, 0x04, 0x51, 0x22, 0x04, 0x10, 0x00, 0x40, 0x08, 0x01, 0x02, 0x02, 0x00, 0x04,
  0x11, 0x04, 0x10, 0x02, 0x02, 0x11, 0x80, 0x00, 0x00, 0x08, 0x00, 0x00, 0x02, 0x20, 0x00, 0x00,
  0x00, 0x04, 0x00, 0x04, 0x81, 0x00, 0x00, 0x00, 0x04, 0x04, 0x10, 0x20, 0x80, 0x20, 0x04, 0x00,
  0x40, 0x00, 0x00, 0x80, 0x00, 0x00, 0x04, 0x00, 0x20, 0x04, 0x40, 0x00, 0x80, 0x00, 0x04, 0x04,
  0x42, 0x80, 0x10, 0x00, 0x00, 0x00, 0x80, 0x10, 0x40, 0x00, 0x00, 0x48, 0x00, 0x00, 0x40, 0x00,
  0x04, 0x00, 0x00, 0x01, 0x00, 0x02, 0x02, 0x10, 0x51, 0x00, 0x08, 0x20, 0x10, 0x00, 0x00, 0x04,
  0x41, 0x00, 0x01, 0x00, 0x00, 0x20, 0x20, 0x84, 0x25, 0x15, 0x4A, 0x55, 0x00, 0x91, 0x40, 0x00,
  0x91, 0x04, 0x80, 0x80, 0x80, 0x4A, 0x89, 0x4A, 0x55, 0x00, 0x20, 0x51, 0x84, 0x08, 0x00, 0x00,
  0x04, 0x00, 0x40, 0x80, 0x00, 0x00, 0x80, 0x00, 0x00, 0x00, 0x04, 0x00, 0x00, 0x00, 0x00, 0x00,
  0x00, 0x02, 0x08, 0x80, 0x00, 0x01, 0x10, 0x00, 0x00, 0x01, 0x00, 0x41, 0x10, 0x00, 0x00, 0x40,
  0x40, 0x00, 0x04, 0x08, 0x00, 0x00, 0x40, 0x00, 0x02, 0x00, 0x00, 0x20, 0x80, 0x80, 0x00, 0x01,
  0x08, 0x80, 0x00, 0x00, 0x00, 0x00, 0x00, 0x01, 0x00, 0x00, 0x04, 0x22, 0x00, 0x08, 0x00, 0x00,
  0x00, 0x00, 0x00, 0x02, 0x00, 0x20, 0x00, 0x00, 0x20, 0x10, 0x20, 0x00, 0x42, 0x80, 0x00, 0x82,
  0x84, 0x00, 0x02, 0x00, 0x00, 0x80, 0x00, 0x01, 0x10, 0x10, 0x40, 0x00, 0x04, 0x01, 0x20, 0xC0,
  0x49, 0xA2, 0x04, 0x09, 0x55, 0x4A, 0x08, 0x12, 0x2A, 0x81, 0x20, 0x20, 0xA0, 0x08, 0x22, 0x52,
  0x1B, 0x55, 0x05, 0x84, 0x10, 0x00, 0x20, 0x04, 0x00, 0x08, 0x02, 0x00, 0x00, 0x00, 0x20, 0x00,
  0x00, 0x00, 0x80, 0x00, 0x00, 0x00, 0x21, 0x10, 0x12, 0x80, 0x00, 0x01, 0x00, 0x00, 0x04, 0x22,
  0x20, 0x00, 0x21, 0x00, 0x00, 0x08, 0x88, 0x10, 0x00, 0x00, 0x00, 0x00, 0x22, 0x08, 0x01, 0x82,
  0x00, 0x40, 0x10, 0x01, 0x10, 0x10, 0x20, 0x20, 0x02, 0x00, 0x10, 0x04, 0x10, 0x00, 0x01, 0x00,
  0x00, 0x20, 0x00, 0x00, 0x22, 0x00, 0x10, 0x00, 0x08, 0x40, 0x88, 0x00, 0x22, 0x08, 0x10, 0x08,
  0x01, 0x04, 0x02, 0x80, 0x00, 0x20, 0x80, 0x20, 0x52, 0x81, 0x00, 0x08, 0x02, 0x02, 0x20, 0x00,
  0x00, 0x00, 0x10, 0x88, 0x00, 0x00, 0x20, 0x82, 0x95, 0x44, 0xAA, 0x23, 0x80, 0x80, 0x80, 0x00,
  0xA4, 0x00, 0x00, 0x08, 0x50, 0x55, 0x49, 0xA1, 0x4A, 0x02, 0x48, 0x11, 0xA5, 0x0A, 0x01, 0x00,
  0x81, 0x00, 0x00, 0x20, 0x40, 0x20, 0x02, 0x40, 0x08, 0x21, 0x01, 0x40, 0x24, 0x42, 0x00, 0x84,
  0x80, 0x00, 0x40, 0x10, 0x40, 0x88, 0x00, 0x00, 0x02, 0x00, 0x00, 0x00, 0x00, 0x80, 0x00, 0x00,
  0x08, 0x82, 0x00, 0x02, 0x00, 0x00, 0x00, 0x00, 0x20, 0x12, 0x04, 0x00, 0x00, 0x00, 0x00, 0x08,
  0x00, 0x21, 0x00, 0x80, 0x04, 0x08, 0x40, 0x40, 0x08, 0x02, 0x00, 0x00, 0x00, 0x82, 0x00, 0x82,
  0x00, 0x08, 0x00, 0x00, 0x00, 0x00, 0x00, 0x00, 0x00, 0x00, 0x00, 0x10, 0x00, 0x08, 0x00, 0x90,
  0x24, 0x22, 0x00, 0x02, 0x80, 0x20, 0x08, 0x40, 0x00, 0x00, 0x04, 0x00, 0x40, 0x80, 0x20, 0x80,
  0x51, 0x96, 0x28, 0x4A, 0x09, 0x2A, 0x21, 0x40, 0x28, 0x20, 0x00, 0x00, 0x28, 0x24, 0x52, 0x54,
  0xA5, 0x54, 0x01, 0x24, 0x08, 0x04, 0x00, 0x00, 0x20, 0x80, 0x00, 0x00, 0x00, 0x04, 0x00, 0x10,
  0x00, 0x00, 0x00, 0x00, 0x00, 0x00, 0x00, 0x00, 0xF4, 0x1F, 0x04, 0x00, 0x00, 0x00, 0x00, 0x00,
  0x00, 0x00, 0x08, 0x10, 0x00, 0x01, 0x00, 0x00, 0x00, 0x00, 0x80, 0x00, 0x00, 0x00, 0x10, 0x20,
  0x00, 0x00, 0x00, 0x00, 0x00, 0x00, 0x08, 0x00, 0x00, 0x00, 0x00, 0x20, 0x00, 0x00, 0x00, 0x00,
  0x82, 0x00, 0x00, 0x00, 0x00, 0x00, 0x00, 0x20, 0x80, 0xFE, 0x07, 0x00, 0x00, 0x02, 0x02, 0x42,
  0x00, 0x01, 0x00, 0x02, 0x10, 0x02, 0x10, 0x04, 0x89, 0x0A, 0x80, 0x00, 0x20, 0x00, 0x00, 0x00,
  0x04, 0x22, 0x01, 0x00, 0x10, 0x08, 0x28, 0x92, 0x25, 0x09, 0x45, 0x11, 0xA2, 0x90, 0x02, 0x08,
  0x48, 0x08, 0x08, 0x02, 0x4C, 0x49, 0x25, 0xA9, 0x11, 0xA9, 0x5A, 0x80, 0xA2, 0x02, 0x08, 0x21,
  0x00, 0x20, 0x20, 0x02, 0x08, 0x00, 0x00, 0x04, 0xE0, 0x5E, 0x7B, 0xDF, 0xAA, 0x00, 0x10, 0x80,
  0xFF, 0xFF, 0x01, 0x00, 0x02, 0xAB, 0xDA, 0xAD, 0x00, 0x10, 0x02, 0x04, 0x12, 0x00, 0xC0, 0xEE,
  0x6B, 0x55, 0x10, 0x40, 0x80, 0x77, 0x0B, 0x08, 0x00, 0x00, 0x00, 0x44, 0xB4, 0xEF, 0x01, 0x00,
  0x00, 0x40, 0xF7, 0x03, 0x00, 0x41, 0x5C, 0x1F, 0x00, 0xDA, 0xFB, 0xFF, 0xDD, 0x5A, 0x8B, 0x00,
  0xE0, 0xFF, 0x7F, 0x20, 0x08, 0x00, 0x00, 0x00, 0x10, 0x80, 0x10, 0x00, 0x00, 0x00, 0x00, 0x52,
  0x22, 0x10, 0x20, 0x80, 0x00, 0x00, 0x02, 0x08, 0x80, 0x00, 0x00, 0x22, 0x04, 0x00, 0x20, 0x80,
  0x49, 0x52, 0xAA, 0xAA, 0x08, 0x45, 0x01, 0x00, 0x58, 0x00, 0x00, 0x00, 0x92, 0x2A, 0xA8, 0x52,
  0x44, 0x00, 0x00, 0x15, 0x84, 0x40, 0x00, 0x00, 0x08, 0x04, 0x00, 0x00, 0x02, 0x00, 0x44, 0x00,
  0xE2, 0xFF, 0xFF, 0xFF, 0xFF, 0x09, 0x04, 0xE1, 0xFF, 0xFE, 0x03, 0x42, 0x20, 0xFF, 0xFF, 0xFF,
  0x8F, 0x04, 0x80, 0x00, 0x00, 0x10, 0xC2, 0xFF, 0xFF, 0xFF, 0x03, 0x00, 0x24, 0xFF, 0x0F, 0x01,
  0x04, 0x00, 0x80, 0x00, 0xF0, 0xFF, 0x01, 0x81, 0x88, 0xC8, 0xFF, 0x03, 0x00, 0x00, 0xFC, 0x3F,
  0x00, 0xFF, 0xFF, 0xFF, 0xFF, 0xFF, 0x07, 0x00, 0xF8, 0xFF, 0xFF, 0x09, 0x82, 0x40, 0x20, 0x00,
  0x04, 0x20, 0x00, 0x00, 0x04, 0x00, 0x82, 0x84, 0x54, 0x25, 0x08, 0x00, 0x08, 0x00, 0x00, 0x01,
  0x20, 0x00, 0x80, 0x00, 0x00, 0x00, 0x21, 0x82, 0x91, 0x24, 0x51, 0x45, 0x42, 0x88, 0x02, 0x01,
  0x2C, 0x00, 0x82, 0x40, 0x55, 0xA2, 0x16, 0x14, 0x15, 0x55, 0x22, 0x40, 0xA9, 0x00, 0x00, 0x00,
  0x02, 0x00, 0x08, 0x90, 0x00, 0x41, 0x00, 0x00, 0xC0, 0xFF, 0xFF, 0xF7, 0xFF, 0x81, 0x00, 0xF8,
  0xDF, 0xF7, 0x9F, 0x00, 0x80, 0xFF, 0xFF, 0xFF, 0x3F, 0x00, 0x00, 0x00, 0x00, 0x04, 0xC0, 0x7F,
  0xFF, 0xFF, 0x1F, 0x00, 0x00, 0xFF, 0x0F, 0x00, 0x40, 0x84, 0x08, 0x00, 0xF0, 0xFB, 0x43, 0x10,
  0x00, 0xC0, 0x7F, 0x0F, 0x20, 0x00, 0xFC, 0x3B, 0x00, 0xFF, 0xBF, 0x6D, 0xFF, 0xFF, 0x07, 0x08,
  0xFE, 0xB7, 0xFB, 0x07, 0x00, 0x00, 0x00, 0x10, 0x00, 0x08, 0x80, 0x40, 0x80, 0x80, 0x80, 0x10,
  0x81, 0x24, 0x00, 0x20, 0x00, 0x24, 0x40, 0x80, 0x00, 0x00, 0x00, 0x00, 0x00, 0x22, 0x20, 0xC0,
  0x25, 0x95, 0x94, 0x16, 0x08, 0x51, 0x12, 0x40, 0x1C, 0x82, 0x00, 0x00, 0xA5, 0x4C, 0x69, 0x49,
  0xA1, 0x00, 0x88, 0x08, 0x52, 0x00, 0x22, 0x84, 0x00, 0x01, 0x00, 0x00, 0x00, 0x10, 0x00, 0x00,
  0xE0, 0xFB, 0xEE, 0xFD, 0xFF, 0x01, 0x00, 0xFC, 0xFD, 0xFF, 0x3F, 0x00, 0x00, 0xFF, 0x7F, 0xFF,
  0xFB, 0x80, 0x00, 0x40, 0x40, 0x00, 0xD0, 0xDF, 0xFF, 0xFF, 0x3F, 0x24, 0x80, 0xF7, 0x07, 0x00,
  0x00, 0x00, 0x00, 0x00, 0xF9, 0x7E, 0x03, 0x00, 0x00, 0x80, 0xFB, 0x87, 0x04, 0x08, 0xFC, 0x3F,
  0x22, 0x7F, 0xEF, 0xFF, 0xFF, 0xFF, 0x03, 0x00, 0x7F, 0xFF, 0xFF, 0x0F, 0x00, 0x10, 0x04, 0x02,
  0x80, 0x00, 0x04, 0x08, 0x00, 0x08, 0x20, 0x45, 0x52, 0x48, 0x00, 0x08, 0x00, 0x01, 0x10, 0x00,
  0x04, 0x88, 0x10, 0x80, 0x80, 0x00, 0x20, 0x82, 0x49, 0x4A, 0xA2, 0xA4, 0x22, 0xA2, 0x04, 0x10,
  0x14, 0x00, 0x00, 0x90, 0x55, 0x95, 0x4A, 0x45, 0x0A, 0x55, 0x21, 0x52, 0x05, 0x10, 0x00, 0x00,
  0x00, 0x80, 0x80, 0x00, 0x40, 0x00, 0x00, 0x21, 0xE0, 0xDF, 0xFF, 0x7F, 0xBB, 0x01, 0x40, 0xFE,
  0xFF, 0xBF, 0x3F, 0x00, 0x82, 0xEF, 0xDB, 0x77, 0xFF, 0x01, 0x08, 0x10, 0x04, 0x80, 0xC0, 0xFB,
  0xBB, 0xFF, 0xFF, 0x00, 0x02, 0x7F, 0x0F, 0x10, 0x01, 0x00, 0x00, 0x48, 0xF8, 0xFF, 0x03, 0x00,
  0x20, 0xC0, 0xBF, 0x1F, 0x00, 0x82, 0xDC, 0x3E, 0x00, 0xDF, 0xFB, 0xFF, 0xB7, 0xBB, 0x47, 0x80,
  0xF7, 0xFF, 0xBF, 0x1F, 0x00, 0x04, 0x80, 0x00, 0x01, 0x00, 0x00, 0x00, 0x20, 0x00, 0xA0, 0x88,
  0x14, 0x95, 0x04, 0x02, 0x40, 0x00, 0x02, 0x10, 0x00, 0x00, 0x00, 0x08, 0x08, 0x00, 0x20, 0x90,
  0x91, 0x94, 0x44, 0x15, 0x48, 0x94, 0x02, 0x04, 0x1C, 0x10, 0x20, 0x44, 0x95, 0x22, 0x99, 0x88,
  0x50, 0x00, 0x84, 0x88, 0x18, 0x04, 0x00, 0x00, 0x40, 0x20, 0x00, 0x04, 0x00, 0x00, 0x24, 0x00,
  0xC9, 0xFF, 0x7F, 0xFF, 0xFF, 0x41, 0x10, 0xBF, 0xEF, 0xEE, 0xED, 0x90, 0x10, 0xFF, 0xFE, 0xFF,
  0xFF, 0x07, 0x40, 0x02, 0x00, 0x00, 0xC0, 0xFE, 0xFF, 0xDB, 0xF6, 0x01, 0x80, 0xDF, 0x8F, 0x04,
  0x10, 0x10, 0x42, 0x00, 0xF8, 0xDF, 0x07, 0x84, 0x04, 0xC2, 0xFF, 0x1F, 0x00, 0x00, 0xFC, 0x3F,
  0x00, 0xFF, 0xFF, 0xF7, 0xFD, 0xFF, 0x07, 0xC2, 0xFF, 0xDD, 0xEE, 0x3B, 0x22, 0x00, 0x00, 0x00,
  0x20, 0x00, 0x20, 0x00, 0x02, 0x00, 0x08, 0x22, 0x22, 0x21, 0x81, 0x00, 0x12, 0x80, 0x00, 0x00,
  0x80, 0x00, 0x04, 0x02, 0x00, 0x00, 0x22, 0x82, 0x55, 0x22, 0x89, 0xAA, 0x80, 0x42, 0x8D, 0x00,
  0x06, 0x00, 0x08, 0xA0, 0x52, 0x69, 0x2A, 0x55, 0x02, 0x4A, 0x28, 0x22, 0x01, 0x01, 0x80, 0x10,
  0x00, 0x08, 0x08, 0x40, 0x08, 0x00, 0x01, 0x00, 0xE0, 0xFE, 0xDD, 0xEF, 0xFF, 0x01, 0x84, 0xFF,
  0xFB, 0xFF, 0xFF, 0x00, 0x80, 0xFF, 0xFF, 0xFF, 0xEF, 0x27, 0x00, 0x00, 0x00, 0x11, 0xC8, 0xFF,
  0xFE, 0xFF, 0xFF, 0x03, 0x20, 0xF7, 0x0B, 0x00, 0x00, 0x01, 0x00, 0x00, 0xBC, 0xF7, 0x87, 0x00,
  0x00, 0xD0, 0xED, 0x3D, 0x40, 0x00, 0xFC, 0x37, 0x00, 0xF7, 0xFF, 0x7E, 0xFF, 0xFF, 0x06, 0xE0,
  0xDF, 0xFF, 0xFF, 0x7F, 0x00, 0x00, 0x21, 0x40, 0x00, 0x88, 0x00, 0x82, 0x00, 0x42, 0xA8, 0x48,
  0x91, 0x4C, 0x00, 0x00, 0x00, 0x00, 0x00, 0x02, 0x21, 0x20, 0x80, 0x00, 0x02, 0x48, 0x20, 0x80,
  0x89, 0x54, 0x52, 0x2A, 0x2A, 0x94, 0x00, 0x00, 0x1A, 0x01, 0x02, 0xA0, 0x54, 0x95, 0x96, 0x20,
  0x94, 0x00, 0x81, 0x28, 0x4E, 0x80, 0x24, 0x00, 0x11, 0x00, 0x00, 0x00, 0x00, 0x22, 0x00, 0x08,
  0xC0, 0xB7, 0xFF, 0x7F, 0xF7, 0x01, 0xC0, 0xEF, 0xFF, 0xFF, 0xFF, 0x01, 0x00, 0xDB, 0xFF, 0xB6,
  0xFD, 0x0F, 0x02, 0x00, 0x22, 0x00, 0xC0, 0xDF, 0xEF, 0xFE, 0xBF, 0x47, 0x08, 0xFF, 0x0F, 0x00,
  0x04, 0x80, 0x00, 0x02, 0xFC, 0xFD, 0x06, 0x00, 0x00, 0x80, 0xFF, 0x3F, 0x08, 0x20, 0xDC, 0x3F,
  0x12, 0xFF, 0xBE, 0xFF, 0x7F, 0xDB, 0x07, 0xF0, 0xFB, 0xF7, 0xFF, 0x5E, 0x00, 0x41, 0x00, 0x10,
  0x00, 0x02, 0x08, 0x20, 0x00, 0x00, 0x04, 0x05, 0x22, 0x91, 0x02, 0x80, 0x00, 0x10, 0x80, 0x40,
  0x00, 0x08, 0x00, 0x80, 0x40, 0x02, 0x20, 0xC1, 0x25, 0x85, 0x94, 0x9A, 0x90, 0xA2, 0x0A, 0x80,
  0x0A, 0x40, 0x00, 0xB1, 0xAA, 0xA4, 0x4A, 0x96, 0x02, 0x52, 0x14, 0x92, 0x02, 0x00, 0x00, 0x00,
  0x00, 0x00, 0x40, 0x10, 0x80, 0x00, 0x00, 0x82, 0xE0, 0xFF, 0xFF, 0xFD, 0xBF, 0x11, 0xC1, 0xFF,
  0xBE, 0xDD, 0xFD, 0x03, 0x80, 0xFF, 0xDB, 0xFF, 0x7F, 0x1F, 0x20, 0x40, 0x00, 0x00, 0xC1, 0xFB,
  0xFF, 0xBF, 0xF7, 0x07, 0x80, 0xFF, 0x0E, 0x80, 0x00, 0x00, 0x10, 0x40, 0xFE, 0xFF, 0x0F, 0x20,
  0x40, 0xC0, 0x7F, 0x6F, 0x02, 0x08, 0xFC, 0x3E, 0x00, 0xBF, 0xEF, 0xDF, 0xDF, 0xFF, 0x03, 0xF4,
  0xFF, 0xFE, 0xF6, 0xFF, 0x40, 0x00, 0x00, 0x00, 0x08, 0x00, 0x00, 0x00, 0x20, 0x10, 0x2A, 0x48,
  0x89, 0x54, 0x12, 0x20, 0x00, 0x04, 0x10, 0x00, 0x00, 0x00, 0x10, 0x00, 0x00, 0x00, 0x20, 0x84,
  0xA9, 0x24, 0x49, 0x32, 0x8A, 0x88, 0x04, 0x20, 0x0E, 0x08, 0x00, 0x58, 0x25, 0xA9, 0x22, 0x49,
  0xA8, 0x00, 0x41, 0x49, 0x01, 0x00, 0x00, 0x44, 0x00, 0x01, 0x11, 0x04, 0x22, 0x00, 0x80, 0x00,
  0xE0, 0xFF, 0xDB, 0xEF, 0xFD, 0x01, 0xE0, 0xFD, 0xFF, 0xFF, 0xDF, 0x13, 0x09, 0xFF, 0xFE, 0xFF,
  0xFF, 0x1F, 0x00, 0x04, 0x00, 0x40, 0xC0, 0xFE, 0xFF, 0xF7, 0xFD, 0x0F, 0x00, 0xBF, 0x0F, 0x22,
  0x80, 0x08, 0x00, 0x10, 0xDC, 0xFF, 0x0F, 0x02, 0x02, 0xC4, 0xDF, 0xFF, 0x00, 0x02, 0xFC, 0x3F,
  0x00, 0xEF, 0xFF, 0xF7, 0xF7, 0xFF, 0x47, 0x70, 0xBF, 0xFF, 0xBF, 0xF7, 0x09, 0x10, 0x08, 0x02,
  0x80, 0x00, 0x82, 0x00, 0x00, 0x00, 0x41, 0x89, 0x52, 0x8A, 0x04, 0x01, 0x20, 0x00, 0x02, 0x00,
  0x08, 0x02, 0x01, 0x10, 0x00, 0x00, 0x24, 0x80, 0x09, 0x45, 0x52, 0x94, 0x50, 0x92, 0x48, 0x04,
  0x0E, 0x00, 0x00, 0xA8, 0x68, 0x55, 0x54, 0x92, 0x02, 0x14, 0x14, 0x92, 0x00, 0x08, 0x00, 0x00,
  0x00, 0x20, 0x00, 0x00, 0x00, 0x00, 0x08, 0x00, 0xC8, 0xFD, 0xFE, 0xFF, 0xFF, 0x01, 0xE0, 0xFF,
  0x2F, 0x7A, 0xFF, 0x07, 0x80, 0xF7, 0xFF, 0xEF, 0xF7, 0x3D, 0x01, 0x01, 0x00, 0x12, 0xC0, 0x7F,
  0xFF, 0xFF, 0xFF, 0x0E, 0x82, 0xFB, 0x87, 0x00, 0x20, 0x00, 0x00, 0x01, 0xFE, 0xDF, 0x4B, 0x00,
  0x00, 0xC0, 0xF6, 0xFF, 0x80, 0x00, 0xDD, 0x37, 0x00, 0xFF, 0xFF, 0xFD, 0xFF, 0xF7, 0x07, 0xF8,
  0xEF, 0x07, 0xFD, 0xFF, 0x01, 0x00, 0x80, 0x00, 0x02, 0x40, 0x00, 0x08, 0x04, 0x82, 0x0A, 0x12,
  0x89, 0x20, 0x0A, 0x00, 0x08, 0x00, 0x00, 0x08, 0x80, 0x00, 0x00, 0x02, 0x08, 0x80, 0x20, 0xC2,
  0x69, 0x94, 0x4A, 0x35, 0x05, 0x21, 0x05, 0x00, 0x04, 0x01, 0x10, 0x4C, 0x55, 0x2A, 0x55, 0x55,
  0x54, 0x41, 0xA0, 0x64, 0x80, 0x40, 0x82, 0x00, 0x24, 0x08, 0x00, 0x00, 0x00, 0x10, 0x01, 0x40,
  0xE0, 0xEF, 0x6F, 0x55, 0xAB, 0x00, 0x70, 0xDF, 0x03, 0xE0, 0xFF, 0x07, 0x00, 0xFF, 0x4F, 0xD8,
  0x7E, 0x7F, 0x10, 0x00, 0x44, 0x00, 0xC8, 0xDF, 0x03, 0x7C, 0xFF, 0x1F, 0x20, 0xFF, 0x0F, 0x00,
  0x00, 0x40, 0x42, 0x00, 0xFF, 0xF6, 0x1E, 0x80, 0x10, 0xC0, 0xFF, 0xBB, 0x01, 0x00, 0xFC, 0x3D,
  0x11, 0xBB, 0xAA, 0xFF, 0x5D, 0x5D, 0x05, 0xF8, 0xFB, 0x01, 0xF8, 0xFD, 0x01, 0x00, 0x02, 0x40,
  0x00, 0x10, 0x00, 0x00, 0x01, 0x80, 0xA0, 0xA4, 0x52, 0x4A, 0x11, 0x08, 0x00, 0x42, 0x00, 0x80,
  0x00, 0x40, 0x40, 0x00, 0x82, 0x08, 0x20, 0x90, 0x91, 0x82, 0x94, 0x52, 0x58, 0x94, 0x28, 0x00,
  0x0A, 0x80, 0x84, 0xB6, 0xAA, 0x4A, 0x55, 0x25, 0x09, 0x94, 0x0A, 0x29, 0x10, 0x00, 0x20, 0x00,
  0x00, 0x00, 0x00, 0x81, 0x00, 0x04, 0x00, 0x10, 0xC0, 0xFF, 0x03, 0x00, 0x00, 0x20, 0xE1, 0xFF,
  0x01, 0xC0, 0xF7, 0x0E, 0x80, 0xBF, 0x07, 0x80, 0xFF, 0x7F, 0x00, 0x20, 0x00, 0x00, 0xC0, 0xF7,
  0x07, 0xC0, 0xDF, 0x9F, 0x80, 0xDF, 0x0D, 0x00, 0x04, 0x00, 0x00, 0x00, 0xEE, 0xFF, 0x1F, 0x10,
  0x00, 0xC1, 0xFF, 0xFF, 0x21, 0x00, 0xFC, 0x3F, 0x00, 0x00, 0x80, 0x7F, 0x07, 0x00, 0x00, 0xB9,
  0xFF, 0x00, 0xB0, 0xBF, 0x03, 0x82, 0x00, 0x10, 0x20, 0x00, 0x20, 0x00, 0x40, 0x20, 0x0A, 0x09,
  0x89, 0x90, 0x04, 0x00, 0x01, 0x00, 0x20, 0x02, 0x10, 0x00, 0x08, 0x80, 0x00, 0x00, 0x20, 0x82,
  0x09, 0x15, 0x51, 0x95, 0x92, 0x20, 0x11, 0x00, 0x02, 0x10, 0x00, 0x4A, 0xAD, 0xD2, 0x8A, 0x48,
  0xA2, 0x00, 0xA2, 0x0C, 0x00, 0x00, 0x00, 0x48, 0x00, 0x00, 0x44, 0x20, 0x88, 0x00, 0x40, 0x04,
  0xE4, 0xFD, 0x03, 0x00, 0x00, 0x00, 0xF0, 0xF7, 0x01, 0xC0, 0xBF, 0x83, 0x08, 0xFB, 0x0F, 0x00,
  0xFE, 0x5F, 0x00, 0x00, 0x00, 0x00, 0xC0, 0xFD, 0x23, 0x81, 0xF7, 0x3D, 0x08, 0xF7, 0x0F, 0x88,
  0x00, 0x02, 0x00, 0x10, 0xFF, 0xFF, 0x1F, 0x04, 0x00, 0x90, 0x7F, 0xFF, 0x03, 0x10, 0x6C, 0x3F,
  0x40, 0x00, 0x80, 0xDF, 0x07, 0x00, 0x40, 0xFC, 0x7F, 0x00, 0xE0, 0xFF, 0x80, 0x20, 0x00, 0x00,
  0x00, 0x02, 0x08, 0x42, 0x00, 0x48, 0xA0, 0x54, 0x52, 0x2A, 0x95, 0x00, 0x80, 0x00, 0x04, 0x00,
  0x04, 0x10, 0x00, 0x20, 0x00, 0x00, 0x20, 0x80, 0x51, 0x22, 0x26, 0x69, 0x24, 0x8A, 0x24, 0x12,
  0x06, 0x04, 0x00, 0xAB, 0x5A, 0x29, 0x51, 0x12, 0x09, 0x55, 0x4A, 0x02, 0x04, 0x04, 0x00, 0x00,
  0x80, 0x00, 0x01, 0x00, 0x00, 0x00, 0x10, 0x00, 0xC0, 0xBF, 0x03, 0x00, 0x00, 0x00, 0xF0, 0xFF,
  0x48, 0x00, 0xFF, 0x00, 0x80, 0xFF, 0x0E, 0x00, 0xDC, 0xFB, 0x40, 0x04, 0x21, 0x84, 0xC0, 0xFF,
  0x07, 0x00, 0xFF, 0x1F, 0x80, 0xFF, 0x0F, 0x02, 0x80, 0x20, 0x10, 0x80, 0x7F, 0xDF, 0x37, 0x00,
  0x08, 0xC0, 0xED, 0x77, 0x07, 0x04, 0xFD, 0x3F, 0x08, 0x00, 0x80, 0xFD, 0x0F, 0x00, 0x00, 0xFC,
  0x7E, 0x48, 0xC0, 0x1F, 0x20, 0x00, 0x20, 0x02, 0x08, 0x00, 0x02, 0x00, 0x00, 0x20, 0x05, 0x21,
  0x8A, 0x44, 0x2A, 0x20, 0x10, 0x10, 0x00, 0x20, 0x00, 0x04, 0x00, 0x08, 0x20, 0x22, 0x21, 0x82,
  0x49, 0x95, 0x58, 0x55, 0x89, 0x10, 0x09, 0x00, 0x42, 0x00, 0x00, 0xAB, 0x16, 0xAA, 0x8A, 0x44,
  0x24, 0x80, 0x14, 0x00, 0x01, 0x21, 0x02, 0x02, 0x12, 0x08, 0x00, 0x08, 0x00, 0x40, 0x02, 0x00,
  0xE1, 0xEF, 0x01, 0x90, 0x00, 0x02, 0xF8, 0xFE, 0x00, 0x84, 0x1F, 0x00, 0x00, 0xDF, 0x07, 0x21,
  0xFC, 0x7E, 0x08, 0x00, 0x00, 0x00, 0xC4, 0xFF, 0x03, 0x00, 0x7E, 0x3F, 0x00, 0xFF, 0x86, 0x00,
  0x20, 0x00, 0x04, 0x02, 0xDF, 0xF7, 0x3D, 0x00, 0x82, 0xC0, 0xFF, 0xFF, 0x87, 0x00, 0xFC, 0x37,
  0x00, 0x00, 0x81, 0xFF, 0x87, 0x00, 0x08, 0xEC, 0x37, 0x00, 0xC0, 0x0B, 0x00, 0x00, 0x00, 0x00,
  0x02, 0x40, 0x00, 0x00, 0x08, 0x11, 0x10, 0x55, 0x29, 0xA9, 0x10, 0x08, 0x04, 0x00, 0x01, 0x00,
  0x00, 0x01, 0x82, 0x00, 0x00, 0x00, 0x20, 0xC0, 0x11, 0x4A, 0x52, 0x55, 0x2A, 0xA5, 0x24, 0x00,
  0x02, 0x00, 0x90, 0x55, 0xAD, 0x52, 0x24, 0x11, 0x80, 0x2A, 0x01, 0x10, 0x00, 0x00, 0x10, 0x00,
  0x00, 0x00, 0x00, 0x00, 0x22, 0x10, 0x00, 0x00, 0xE0, 0xFB, 0x83, 0x00, 0x48, 0x20, 0xF2, 0xDF,
  0x00, 0x00, 0x03, 0x20, 0x90, 0xF7, 0x0F, 0x00, 0xF8, 0xFF, 0x00, 0x40, 0x00, 0x20, 0xC0, 0xDF,
  0x06, 0x00, 0xEE, 0x37, 0x81, 0xDF, 0x0F, 0x00, 0x08, 0x00, 0x00, 0x80, 0xF7, 0xFB, 0x3F, 0x81,
  0x00, 0xC8, 0xFF, 0xFE, 0x0F, 0x00, 0xDC, 0x3D, 0x02, 0x12, 0x90, 0xF7, 0x06, 0x88, 0x00, 0xFC,
  0x3F, 0x00, 0xC2, 0x02, 0x02, 0x00, 0x04, 0x40, 0x00, 0x10, 0x00, 0x08, 0x02, 0x48, 0x49, 0xA4,
  0x44, 0x4A, 0x4A, 0x00, 0x00, 0x00, 0x40, 0x02, 0x41, 0x00, 0x20, 0x00, 0x08, 0x00, 0x28, 0x82,
  0x49, 0x85, 0xA4, 0xD5, 0x44, 0x08, 0x49, 0x40, 0x12, 0x80, 0x84, 0xAA, 0x43, 0x95, 0x49, 0x84,
  0x2A, 0x90, 0x4A, 0x02, 0x40, 0x00, 0x00, 0x40, 0x00, 0x40, 0x10, 0x01, 0x00, 0x02, 0x00, 0x22,
  0xC0, 0xFE, 0x23, 0x00, 0x00, 0x00, 0xF0, 0xF7, 0x00, 0x20, 0x00, 0x04, 0x02, 0xFF, 0x0F, 0x08,
  0xB8, 0xDF, 0x00, 0x10, 0x88, 0x00, 0xC0, 0xFD, 0x83, 0x08, 0xFC, 0x7F, 0x10, 0xFB, 0x0F, 0x40,
  0x02, 0x80, 0x00, 0xC0, 0xFF, 0xFB, 0x7F, 0x20, 0x00, 0xC0, 0xDE, 0xEF, 0x0E, 0x40, 0xFC, 0x3F,
  0x00, 0x00, 0x00, 0xBF, 0x0F, 0x00, 0x80, 0x7C, 0x3F, 0x00, 0x10, 0x80, 0x00, 0x44, 0x80, 0x10,
  0x80, 0x00, 0x40, 0x82, 0x00, 0x24, 0x80, 0x4A, 0x29, 0x95, 0x14, 0x00, 0x01, 0x42, 0x00, 0x40,
  0x00, 0x80, 0x00, 0x00, 0x02, 0x08, 0x20, 0x90, 0x91, 0x54, 0x42, 0x55, 0x89, 0xB2, 0x10, 0x12,
  0x02, 0x22, 0xC0, 0x6A, 0x11, 0x20, 0x2A, 0x49, 0x80, 0x0A, 0x01, 0x00, 0x10, 0x00, 0x81, 0x00,
  0x00, 0x01, 0x00, 0x40, 0x00, 0x00, 0x40, 0x00, 0xE0, 0x7F, 0x03, 0x04, 0x00, 0x00, 0xF0, 0xFD,
  0x40, 0x04, 0x00, 0x01, 0x00, 0xFF, 0x86, 0x00, 0xF8, 0xF7, 0x80, 0x00, 0x00, 0x08, 0xC0, 0xFF,
  0x07, 0x40, 0xFC, 0x3F, 0x80, 0xFF, 0x07, 0x10, 0x00, 0x24, 0x40, 0x88, 0xFF, 0xB9, 0x7F, 0x00,
  0x00, 0x81, 0xFF, 0xFF, 0x1F, 0x08, 0xFC, 0x3F, 0x40, 0x00, 0x82, 0xFF, 0x07, 0x02, 0x20, 0xFC,
  0x7B, 0x24, 0x00, 0x00, 0x20, 0x00, 0x00, 0x00, 0x00, 0x00, 0x10, 0x00, 0x40, 0x04, 0x89, 0x50,
  0x45, 0x52, 0xA2, 0x00, 0x80, 0x00, 0x08, 0x10, 0x10, 0x00, 0x00, 0x44, 0x00, 0x01, 0x21, 0x82,
  0x51, 0x02, 0x94, 0xDA, 0x2A, 0x44, 0x2A, 0x00, 0x05, 0x00, 0xC0, 0x6A, 0xEC, 0x57, 0x40, 0x12,
  0x09, 0xA0, 0x04, 0x80, 0x00, 0x10, 0x00, 0x08, 0x08, 0x10, 0x04, 0x00, 0x10, 0x00, 0x04, 0x00,
  0xE4, 0xFF, 0x03, 0x40, 0x02, 0x84, 0x78, 0xFF, 0x10, 0x00, 0x40, 0x00, 0x80, 0xBF, 0x0F, 0x00,
  0xF1, 0xFF, 0x10, 0x00, 0x00, 0x00, 0xC2, 0xF7, 0x03, 0x00, 0x7C, 0x7B, 0x00, 0x7F, 0x8F, 0x00,
  0x00, 0x00, 0x00, 0xC0, 0x7B, 0xF3, 0x6D, 0x00, 0x10, 0xC0, 0xF7, 0xFB, 0x3F, 0x01, 0x6C, 0x2F,
  0x10, 0x40, 0x80, 0xF7, 0x87, 0x40, 0x04, 0xFC, 0x7F, 0x00, 0x00, 0x00, 0x00, 0x00, 0x10, 0x00,
  0x10, 0x04, 0x02, 0x00, 0x00, 0x2A, 0x20, 0x2A, 0xA9, 0x24, 0x15, 0x49, 0x20, 0x10, 0x00, 0x00,
  0x00, 0x10, 0x08, 0x00, 0x00, 0x00, 0x20, 0x80, 0x11, 0x55, 0x21, 0x34, 0x45, 0x15, 0x41, 0x00,
  0x82, 0x00, 0x60, 0x0D, 0xAB, 0x94, 0x15, 0x20, 0x52, 0x15, 0x01, 0x20, 0x00, 0x04, 0x20, 0x00,
  0x02, 0x00, 0x00, 0x08, 0x04, 0x20, 0x00, 0x80, 0xC0, 0xF7, 0x03, 0x00, 0x20, 0x00, 0xF0, 0xBF,
  0x01, 0x00, 0x04, 0x80, 0x20, 0xF7, 0x0F, 0x40, 0xF8, 0xFD, 0x00, 0x04, 0x02, 0x02, 0xC0, 0xBD,
  0x03, 0x02, 0xDC, 0x3F, 0x80, 0xEF, 0x0F, 0x00, 0x80, 0x00, 0x08, 0xC0, 0xDF, 0xF1, 0xFF, 0x10,
  0x00, 0xD0, 0x7F, 0x7F, 0x3F, 0x00, 0xFC, 0x3B, 0x02, 0x08, 0x80, 0xFF, 0x0D, 0x00, 0x00, 0x6C,
  0xDF, 0x00, 0x01, 0x11, 0x08, 0x11, 0x02, 0x02, 0x02, 0x40, 0x00, 0x20, 0x00, 0x82, 0x8A, 0x44,
  0x45, 0x4A, 0xAA, 0x00, 0x00, 0x00, 0x00, 0x01, 0x00, 0x04, 0x00, 0x01, 0x40, 0x40, 0x20, 0xC2,
  0xA1, 0x24, 0x4A, 0x69, 0x8B, 0x4A, 0x2A, 0x00, 0x01, 0x00, 0x60, 0xD3, 0x6D, 0xAB, 0x4A, 0x85,
  0x00, 0xC8, 0x40, 0x04, 0x04, 0x00, 0x04, 0x80, 0x80, 0x00, 0x40, 0x02, 0x00, 0x09, 0x00, 0x24,
  0xE0, 0xBE, 0x21, 0x11, 0x00, 0x00, 0xF0, 0xEF, 0x07, 0x42, 0x00, 0x20, 0x08, 0xFF, 0x07, 0x04,
  0x78, 0x7F, 0x00, 0x80, 0x20, 0x80, 0xD0, 0xFF, 0x47, 0x20, 0xFE, 0x3F, 0x24, 0xFF, 0x07, 0x04,
  0x20, 0x00, 0x00, 0xE1, 0xFF, 0x71, 0x7F, 0x00, 0x02, 0xC4, 0xFD, 0xFF, 0x7B, 0x00, 0xFC, 0x3F,
  0x00, 0x02, 0x90, 0xBD, 0x07, 0x00, 0x00, 0xF8, 0xF7, 0x41, 0x10, 0x00, 0x01, 0x00, 0x00, 0x20,
  0x00, 0x00, 0x00, 0x08, 0x04, 0x25, 0x20, 0xA9, 0x28, 0x91, 0x48, 0x00, 0x08, 0x00, 0x41, 0x00,
  0x82, 0x00, 0x01, 0x00, 0x04, 0x10, 0x20, 0x80, 0x21, 0x45, 0x91, 0x42, 0x27, 0x95, 0x44, 0x10,
  0x03, 0x88, 0xB4, 0x74, 0xAB, 0x2A, 0xA9, 0x54, 0xAA, 0x12, 0x00, 0x00, 0x80, 0x80, 0x00, 0x04,
  0x00, 0x80, 0x00, 0x80, 0x00, 0x00, 0x22, 0x00, 0xE0, 0xFF, 0x03, 0x00, 0x08, 0x22, 0xB0, 0xFB,
  0x87, 0x00, 0x00, 0x00, 0x80, 0xFF, 0x0D, 0x01, 0xD8, 0xDF, 0x00, 0x00, 0x00, 0x00, 0xC0, 0xFF,
  0x03, 0x00, 0xFC, 0x3B, 0x80, 0xFB, 0x0D, 0x80, 0x08, 0x10, 0x02, 0xE0, 0xFB, 0xE0, 0xEF, 0x04,
  0x40, 0x80, 0xFF, 0xEF, 0x5F, 0x40, 0xFC, 0x3E, 0x00, 0x00, 0x04, 0xFF, 0x07, 0x08, 0x01, 0xFC,
  0xFF, 0x03, 0x00, 0x00, 0x00, 0x00, 0x80, 0x00, 0x80, 0x00, 0x80, 0x00, 0x20, 0x81, 0x82, 0x92,
  0x92, 0xA4, 0x2A, 0x01, 0x00, 0x00, 0x10, 0x10, 0x20, 0x00, 0x40, 0x90, 0x00, 0x04, 0x20, 0x89,
  0xA1, 0x14, 0x25, 0x54, 0x4A, 0x21, 0x11, 0x04, 0x22, 0x00, 0xB0, 0xDC, 0xDA, 0x6A, 0x12, 0x29,
  0x49, 0x0A, 0x00, 0x00, 0x20, 0x00, 0x00, 0x01, 0x00, 0x24, 0x08, 0x00, 0x40, 0x00, 0x00, 0x00,
  0xC0, 0xEF, 0x03, 0x00, 0x01, 0x00, 0xE1, 0xFF, 0x3F, 0x00, 0x20, 0x04, 0x00, 0x77, 0x0F, 0x00,
  0xF8, 0xFF, 0x10, 0x21, 0x00, 0x10, 0xC0, 0xEE, 0x06, 0x00, 0xBE, 0x3F, 0x01, 0x7F, 0x8F, 0x00,
  0x00, 0x00, 0x00, 0xF0, 0xFE, 0xE0, 0xFF, 0x01, 0x10, 0xC0, 0xDF, 0xFD, 0xFF, 0x00, 0xDC, 0x3F,
  0x40, 0x00, 0x81, 0xFF, 0x47, 0x00, 0x90, 0xF8, 0xFE, 0x0F, 0x00, 0x04, 0x80, 0x40, 0x10, 0x00,
  0x20, 0x08, 0x08, 0x00, 0x01, 0x14, 0x14, 0xA4, 0x24, 0x52, 0x42, 0x40, 0x00, 0x12, 0x00, 0x00,
  0x00, 0x00, 0x10, 0x00, 0x00, 0x00, 0x24, 0x80, 0x21, 0x25, 0x55, 0x89, 0x52, 0x55, 0x2A, 0x80,
  0x00, 0x00, 0x18, 0xB7, 0xD5, 0x96, 0x4A, 0x45, 0x95, 0x05, 0x10, 0x80, 0x00, 0x10, 0x40, 0x40,
  0x10, 0x00, 0x00, 0x00, 0x08, 0x80, 0x00, 0x01, 0xE4, 0xFB, 0x03, 0x00, 0x80, 0x00, 0xE0, 0xFF,
  0xFF, 0x00, 0x02, 0x00, 0x82, 0xFF, 0x0F, 0x40, 0xF8, 0x77, 0x00, 0x00, 0x10, 0x01, 0xC0, 0xFF,
  0x83, 0x08, 0xF6, 0x3F, 0x80, 0xFF, 0x0F, 0x20, 0x00, 0x04, 0x40, 0xE4, 0xFF, 0xE4, 0xFB, 0x81,
  0x00, 0xC0, 0xF7, 0x7B, 0xFB, 0x11, 0xFC, 0x3F, 0x12, 0x40, 0x80, 0xEF, 0x0E, 0x40, 0x00, 0xB8,
  0x7F, 0x7F, 0x40, 0x40, 0x10, 0x08, 0x04, 0x88, 0x04, 0x80, 0x00, 0x00, 0x80, 0xA2, 0xA2, 0x2A,
  0x45, 0x49, 0x94, 0x02, 0x84, 0x00, 0x04, 0x80, 0x08, 0x10, 0x04, 0x00, 0x20, 0x01, 0x20, 0xC2,
  0x41, 0x4A, 0x4A, 0xA5, 0xAA, 0x8A, 0x40, 0x00, 0x03, 0x11, 0xC4, 0x6D, 0xAB, 0xAA, 0x52, 0x55,
  0xD2, 0x00, 0x02, 0x09, 0x08, 0x00, 0x10, 0x00, 0x00, 0x01, 0x80, 0x10, 0x02, 0x08, 0x00, 0x20,
  0xE0, 0xFE, 0xBA, 0x7B, 0x15, 0x20, 0xE0, 0x7E, 0xFF, 0x17, 0x00, 0x80, 0x00, 0xFF, 0x07, 0x10,
  0x7C, 0x7F, 0x00, 0x00, 0x04, 0x00, 0xC2, 0xBF, 0x07, 0x00, 0xFF, 0x3D, 0x10, 0xEF, 0x0F, 0x08,
  0x00, 0x81, 0x10, 0xF0, 0xDF, 0xE0, 0x7F, 0x01, 0x00, 0xC2, 0xFD, 0xF3, 0xFF, 0x01, 0xFD, 0x3B,
  0x00, 0x10, 0x80, 0xFB, 0x07, 0x04, 0x00, 0xF0, 0xEF, 0xFF, 0x05, 0x00, 0x04, 0x00, 0x00, 0x00,
  0x00, 0x00, 0x00, 0x22, 0x00, 0x08, 0x08, 0xA4, 0x28, 0x92, 0x2A, 0x02, 0x00, 0x00, 0x01, 0x02,
  0x00, 0x04, 0x01, 0x04, 0x08, 0x00, 0x21, 0x80, 0x41, 0x95, 0x28, 0x29, 0x52, 0x51, 0x55, 0x80,
  0x00, 0x00, 0x75, 0x55, 0xB5, 0xAA, 0x8A, 0xA4, 0x3A, 0x40, 0x00, 0x00, 0x00, 0x04, 0x01, 0x00,
  0x04, 0x00, 0x04, 0x00, 0x00, 0x02, 0x08, 0x08, 0xC0, 0xFF, 0xFF, 0xFF, 0x3F, 0x08, 0xC8, 0xEF,
  0xF7, 0x3F, 0x40, 0x04, 0x80, 0xDB, 0x4D, 0x02, 0xDE, 0x7F, 0x42, 0x04, 0x01, 0x40, 0xC0, 0xED,
  0x03, 0x00, 0xFF, 0x1F, 0x80, 0xFF, 0x07, 0x02, 0x04, 0x00, 0x00, 0xF0, 0x77, 0xC0, 0xDE, 0x23,
  0x04, 0xC0, 0xFF, 0xE3, 0x6F, 0x03, 0x7C, 0x3F, 0x00, 0x04, 0x80, 0xFF, 0x07, 0x00, 0x08, 0xF0,
  0xFB, 0xFB, 0x0F, 0x02, 0x00, 0x00, 0x01, 0x02, 0x00, 0x02, 0x20, 0x00, 0x50, 0x25, 0x45, 0x49,
  0x85, 0x24, 0xA4, 0x10, 0x00, 0x00, 0x00, 0x20, 0x00, 0x00, 0x00, 0x80, 0x00, 0x40, 0x20, 0x82,
  0x91, 0x24, 0x51, 0x55, 0x55, 0x05, 0x4A, 0x04, 0x11, 0x00, 0xF9, 0xBF, 0x56, 0x55, 0x29, 0x89,
  0x06, 0x00, 0x00, 0x00, 0x01, 0x01, 0x00, 0x08, 0x00, 0x80, 0x00, 0x80, 0x80, 0x00, 0x80, 0x00,
  0xE2, 0xDF, 0xFF, 0xFF, 0x1F, 0x00, 0x80, 0xFF, 0xBF, 0xFF, 0x11, 0x00, 0x10, 0xFF, 0x0F, 0x00,
  0xFE, 0x6F, 0x10, 0x40, 0x00, 0x12, 0xC0, 0xFF, 0x27, 0xC1, 0xDB, 0x1F, 0x02, 0x7B, 0x8F, 0x00,
  0x40, 0x00, 0x00, 0x78, 0x7F, 0xC0, 0xFF, 0x03, 0x40, 0xC0, 0x7F, 0x63, 0xFB, 0x47, 0xDC, 0x2F,
  0x00, 0x00, 0x90, 0xBF, 0x87, 0x00, 0x02, 0xE0, 0xFE, 0xBE, 0x7F, 0x20, 0x00, 0x41, 0x80, 0x00,
  0x80, 0x20, 0x04, 0x00, 0x84, 0x10, 0x10, 0xA8, 0x54, 0x95, 0x4A, 0x03, 0x21, 0x20, 0x40, 0x00,
  0x80, 0x00, 0x00, 0x01, 0x00, 0x10, 0x20, 0xC0, 0x01, 0xA5, 0x2A, 0x55, 0xB5, 0xA8, 0x50, 0x80,
  0x02, 0x42, 0xBE, 0xF4, 0x55, 0x25, 0x25, 0x7A, 0x00, 0x08, 0x40, 0x20, 0x00, 0x00, 0x00, 0x80,
  0x00, 0x08, 0x40, 0x04, 0x00, 0x80, 0x00, 0x00, 0xE0, 0xF7, 0x77, 0xEF, 0x3F, 0x00, 0x82, 0xFF,
  0xFD, 0xED, 0x07, 0x20, 0x00, 0xFF, 0x07, 0x80, 0xFF, 0x3D, 0x00, 0x00, 0x40, 0x00, 0xC8, 0xFF,
  0x03, 0xF0, 0xFF, 0x1E, 0x80, 0xFF, 0x0F, 0x00, 0x00, 0x20, 0x02, 0xF9, 0x7F, 0xC0, 0xF7, 0x03,
  0x00, 0x90, 0xEF, 0xC3, 0xFF, 0x07, 0xFC, 0x3F, 0x42, 0x00, 0x04, 0xEF, 0x0D, 0x20, 0x80, 0xC0,
  0xFF, 0xFF, 0xFF, 0x01, 0x02, 0x10, 0x20, 0x40, 0x04, 0x00, 0x00, 0x08, 0x21, 0x42, 0x8A, 0x52,
  0x52, 0x22, 0xA9, 0x04, 0x00, 0x04, 0x00, 0x00, 0x22, 0x40, 0x40, 0x20, 0x00, 0x04, 0x20, 0x92,
  0x41, 0x8A, 0xD4, 0xA4, 0xAA, 0x92, 0x4A, 0x80, 0x80, 0xA0, 0x05, 0x80, 0xBF, 0x4A, 0xE9, 0x05,
  0x00, 0x02, 0x04, 0x08, 0x20, 0x40, 0x44, 0x00, 0x20, 0x01, 0x00, 0x00, 0x10, 0x20, 0x10, 0x80,
  0xC0, 0xFD, 0xFE, 0xFF, 0x1F, 0x82, 0x00, 0xBB, 0xFF, 0xFF, 0x0F, 0x02, 0x82, 0x6F, 0xAF, 0xFA,
  0x77, 0x3F, 0x00, 0x00, 0x00, 0x00, 0xC0, 0xFB, 0x56, 0x7D, 0xFF, 0x0F, 0x00, 0xFF, 0x0D, 0x80,
  0x10, 0x00, 0x20, 0xF8, 0x2D, 0x84, 0xFF, 0x06, 0x01, 0xC4, 0xFD, 0xC3, 0xFF, 0x0F, 0xFC, 0x3D,
  0x00, 0x00, 0x81, 0xFB, 0x07, 0x08, 0x00, 0xC4, 0xDF, 0xEF, 0xFB, 0x07, 0x40, 0x00, 0x00, 0x00,
  0x00, 0x00, 0x00, 0x01, 0xA0, 0x08, 0x20, 0x54, 0x95, 0x48, 0x52, 0x01, 0x00, 0x00, 0x04, 0x04,
  0x00, 0x10, 0x08, 0x00, 0x44, 0x00, 0x20, 0x80, 0x01, 0x25, 0x55, 0xA9, 0x5A, 0x22, 0x25, 0xA0,
  0x00, 0x50, 0x00, 0x00, 0xD0, 0xFD, 0x5E, 0x02, 0x81, 0x80, 0x00, 0x00, 0x08, 0x10, 0x00, 0x04,
  0x08, 0x00, 0x08, 0x20, 0x04, 0x00, 0x00, 0x04, 0xE0, 0xFF, 0xFF, 0x7D, 0x1B, 0x20, 0x00, 0xFE,
  0x6F, 0xFF, 0x3F, 0x00, 0x00, 0xFF, 0xFF, 0xFF, 0xFF, 0x1F, 0x02, 0x22, 0x10, 0x00, 0xC2, 0xBE,
  0xFF, 0xFF, 0xF7, 0x8B, 0x88, 0xEF, 0x0F, 0x20, 0x00, 0x04, 0x00, 0xDC, 0x7F, 0x80, 0xBF, 0x07,
  0x10, 0xC0, 0xFF, 0x82, 0xFF, 0x0F, 0xEC, 0x3F, 0x10, 0x44, 0x80, 0xFF, 0x07, 0x02, 0x20, 0x00,
  0xF7, 0xFB, 0xFE, 0x0F, 0x00, 0x00, 0x08, 0x10, 0x20, 0x80, 0x20, 0x00, 0x10, 0x51, 0x89, 0x52,
  0x52, 0x25, 0x95, 0x42, 0x84, 0x00, 0x01, 0x41, 0x00, 0x00, 0x00, 0x00, 0x00, 0x00, 0x24, 0x82,
  0x41, 0x4A, 0x64, 0x2B, 0xA9, 0x54, 0x48, 0x84, 0x08, 0x28, 0x00, 0x00, 0x00, 0x00, 0x00, 0x40,
  0x20, 0x00, 0x00, 0x02, 0x00, 0x04, 0x00, 0x00, 0x02, 0x40, 0x00, 0x00, 0x00, 0x04, 0x04, 0x01,
  0xE8, 0xFF, 0xB7, 0xDF, 0x3F, 0x00, 0x00, 0xFC, 0xFB, 0xDF, 0x7D, 0x00, 0x80, 0xFB, 0xFF, 0xFF,
  0xFF, 0x1F, 0x40, 0x00, 0x04, 0x84, 0xC0, 0xFF, 0xFF, 0xFF, 0xBF, 0x07, 0x00, 0x7F, 0x0F, 0x04,
  0x00, 0x00, 0x08, 0xFC, 0x3F, 0x80, 0xFB, 0x47, 0x00, 0xC1, 0xDF, 0x83, 0xDB, 0x9E, 0x7C, 0x2F,
  0x04, 0x00, 0x80, 0xFF, 0x26, 0x00, 0x01, 0x00, 0xFE, 0xFE, 0xBF, 0x9B, 0x10, 0x08, 0x02, 0x00,
  0x00, 0x24, 0x08, 0x40, 0x50, 0x02, 0x10, 0x54, 0x52, 0x88, 0xA8, 0x04, 0x00, 0x40, 0x40, 0x00,
  0x00, 0x02, 0x00, 0x84, 0x00, 0x00, 0x21, 0x80, 0x01, 0x92, 0x92, 0x56, 0x55, 0x89, 0x52, 0x40,
  0x01, 0x0A, 0x00, 0x44, 0x00, 0x00, 0x00, 0x00, 0x00, 0x00, 0x20, 0x00, 0x01, 0x01, 0x20, 0x20,
  0x00, 0x10, 0x80, 0x04, 0x00, 0x01, 0x00, 0x40, 0xC0, 0x6F, 0xFF, 0xFF, 0x1F, 0x04, 0x20, 0x70,
  0xFF, 0xFB, 0xFF, 0x44, 0x10, 0xFF, 0xF6, 0xB7, 0xDD, 0x8B, 0x00, 0x00, 0x00, 0x00, 0xC0, 0xFF,
  0xFF, 0xEF, 0xFE, 0x07, 0x80, 0xFF, 0x07, 0x01, 0x04, 0x41, 0x00, 0xFC, 0x1E, 0x10, 0xFF, 0x07,
  0x00, 0x80, 0xFB, 0x13, 0xFF, 0x3F, 0xFC, 0x3F, 0x01, 0x00, 0x80, 0xBD, 0x0F, 0x00, 0x00, 0x00,
  0xFC, 0xFF, 0xFF, 0x3F, 0x00, 0x02, 0x00, 0x02, 0x09, 0x00, 0x00, 0x00, 0x48, 0x54, 0x52, 0xA4,
  0xAA, 0x12, 0x55, 0x05, 0x20, 0x08, 0x00, 0x00, 0x44, 0x00, 0x81, 0x00, 0x10, 0x22, 0x20, 0xC2,
  0x41, 0x54, 0x24, 0x55, 0xB5, 0x54, 0x25, 0x80, 0x80, 0x04, 0x40, 0x00, 0x00, 0x88, 0x00, 0x10,
  0x00, 0x10, 0x08, 0x40, 0x00, 0x00, 0x02, 0x02, 0x00, 0x04, 0x04, 0x80, 0x40, 0x80, 0x40, 0x00,
  0xE0, 0xFE, 0xFF, 0xF7, 0x1B, 0x01, 0x08, 0xC0, 0xBF, 0xFF, 0xFF, 0x01, 0x84, 0xBF, 0x7F, 0xFF,
  0xFF, 0x0E, 0x10, 0x00, 0x01, 0x01, 0xC0, 0xF7, 0xB6, 0xFB, 0xEF, 0x01, 0x20, 0xF7, 0x0F, 0x00,
  0x40, 0x00, 0x00, 0xEE, 0x1F, 0x81, 0xDF, 0x0F, 0x04, 0xC0, 0xFF, 0x03, 0xFE, 0x3F, 0xDC, 0x3B,
  0x00, 0x11, 0x90, 0xFF, 0x07, 0x40, 0x08, 0x11, 0xF0, 0xBF, 0xF7, 0x7E, 0x00, 0x80, 0x00, 0x00,
  0x00, 0x01, 0x00, 0x04, 0xAA, 0x80, 0x80, 0xA8, 0x52, 0xA4, 0x92, 0x00, 0x01, 0x00, 0x00, 0x00,
  0x01, 0x40, 0x10, 0x00, 0x00, 0x00, 0x20, 0x80, 0x01, 0x46, 0x49, 0xAA, 0x16, 0xA9, 0x2A, 0xC0,
  0x80, 0x02, 0x04, 0x00, 0x04, 0x02, 0x24, 0x01, 0x08, 0x00, 0x01, 0x10, 0x40, 0x80, 0x00, 0x00,
  0x80, 0x00, 0x00, 0x00, 0x08, 0x00, 0x00, 0x10, 0xC4, 0xFF, 0xED, 0x7E, 0x3F, 0x00, 0x02, 0x00,
  0xEF, 0xBF, 0xF7, 0x03, 0x00, 0xEF, 0xFF, 0xFF, 0xFF, 0x07, 0x00, 0x24, 0x00, 0x20, 0xC8, 0xBD,
  0xFF, 0xFF, 0xFB, 0x21, 0x09, 0x7F, 0x0F, 0x00, 0x01, 0x00, 0x42, 0xFE, 0x17, 0x00, 0xF7, 0x0D,
  0x40, 0xC0, 0xBF, 0x03, 0xFE, 0x3B, 0xFC, 0x3F, 0x00, 0x00, 0x02, 0xEF, 0x07, 0x11, 0x00, 0x00,
  0xC1, 0xF7, 0xFD, 0xFF, 0x04, 0x00, 0x40, 0x20, 0x00, 0x00, 0x00, 0x01, 0x08, 0x55, 0x34, 0x55,
  0x2C, 0x49, 0x54, 0x25, 0x00, 0x00, 0x08, 0x48, 0x00, 0x10, 0x00, 0x20, 0x82, 0x00, 0x20, 0x82,
  0x21, 0x14, 0x55, 0x55, 0x65, 0x95, 0x54, 0x44, 0x64, 0x01, 0x01, 0x08, 0x21, 0x00, 0x00, 0x00,
  0x02, 0x01, 0x00, 0x02, 0x10, 0x00, 0x80, 0x80, 0x08, 0x00, 0x00, 0x00, 0x00, 0x20, 0x08, 0x00,
  0xE0, 0xDB, 0xFF, 0xFF, 0x1F, 0x40, 0x00, 0x00, 0xF8, 0xFB, 0xFD, 0x03, 0x00, 0xFF, 0xEF, 0xDD,
  0xBB, 0x03, 0x04, 0x00, 0x40, 0x00, 0xC2, 0xFF, 0xFF, 0xBE, 0xFF, 0x00, 0x80, 0xFF, 0x87, 0x40,
  0x00, 0x10, 0x00, 0xBE, 0x1F, 0x08, 0xFE, 0x8F, 0x00, 0xC4, 0xF6, 0x03, 0x7C, 0x7F, 0xFC, 0x3E,
  0x20, 0x00, 0x80, 0xFF, 0x05, 0x00, 0x00, 0x00, 0x00, 0xFE, 0xBF, 0xFF, 0x41, 0x00, 0x00, 0x00,
  0x40, 0x80, 0x44, 0x40, 0x48, 0x01, 0x41, 0xA2, 0x92, 0x90, 0xAA, 0x02, 0x00, 0x01, 0x82, 0x00,
  0x00, 0x04, 0x00, 0x08, 0x00, 0x00, 0x20, 0x90, 0x01, 0xA4, 0x94, 0xAA, 0xAD, 0x2C, 0x51, 0xC0,
  0xA0, 0x00, 0x80, 0x00, 0x00, 0x00, 0x00, 0x80, 0x00, 0x40, 0x00, 0x00, 0x00, 0x10, 0x10, 0x20,
  0x00, 0x00, 0x21, 0x22, 0x00, 0x08, 0x00, 0x02, 0xE1, 0xFF, 0x93, 0x44, 0x12, 0x00, 0x00, 0x01,
  0xE0, 0xFF, 0xBF, 0x87, 0x80, 0xFF, 0xFB, 0xFF, 0xFE, 0x80, 0x00, 0x01, 0x10, 0x00, 0xC0, 0xFF,
  0xEF, 0xFF, 0x3F, 0x00, 0x00, 0xF7, 0x0D, 0x10, 0x00, 0x00, 0x00, 0xF6, 0x0D, 0x02, 0x7F, 0x1F,
  0x00, 0xC0, 0xFF, 0x93, 0xD8, 0xEF, 0xBC, 0x3F, 0x02, 0x84, 0x80, 0x7F, 0x0F, 0x00, 0x20, 0x04,
  0x00, 0x78, 0xFF, 0xDB, 0x01, 0x44, 0x08, 0x04, 0x02, 0x08, 0x00, 0x00, 0x24, 0x4A, 0x94, 0x54,
  0x4B, 0x2A, 0x49, 0x0A, 0x48, 0x90, 0x00, 0x00, 0x20, 0x01, 0x08, 0x01, 0x00, 0x10, 0x21, 0x82,
  0x41, 0x0A, 0xA9, 0x54, 0x4D, 0x59, 0x2D, 0x40, 0x50, 0x20, 0x20, 0x40, 0x00, 0x20, 0x01, 0x04,
  0x00, 0x08, 0x40, 0x00, 0x02, 0x00, 0x00, 0x00, 0x00, 0x20, 0x00, 0x00, 0x02, 0x02, 0x80, 0x00,
  0xC0, 0x7F, 0x03, 0x00, 0x00, 0x08, 0x00, 0x08, 0x00, 0xDF, 0xFF, 0x05, 0x08, 0xF7, 0x7E, 0xFF,
  0x7F, 0x00, 0x00, 0x00, 0x04, 0x08, 0xC0, 0xFE, 0xFD, 0xF7, 0x2E, 0x08, 0x80, 0xBF, 0x0F, 0x00,
  0x10, 0x01, 0x08, 0xFF, 0x8F, 0x00, 0xF6, 0x1F, 0x08, 0xC0, 0x7F, 0x03, 0xF8, 0xFF, 0xFD, 0x2F,
  0x00, 0x00, 0x80, 0xFB, 0x87, 0x00, 0x02, 0x41, 0x08, 0xC0, 0xF7, 0xFF, 0x03, 0x00, 0x00, 0x80,
  0x00, 0x00, 0x00, 0x00, 0x94, 0x90, 0xA0, 0x4A, 0x10, 0x91, 0xAA, 0x04, 0x02, 0x00, 0x00, 0x00,
  0x08, 0x00, 0x02, 0x00, 0x55, 0x05, 0x20, 0x80, 0x01, 0x54, 0x8A, 0xAA, 0x5A, 0x56, 0x32, 0xA0,
  0x38, 0x00, 0x00, 0x00, 0x80, 0x04, 0x10, 0x01, 0x20, 0x02, 0x08, 0x80, 0x00, 0x02, 0x02, 0x04,
  0x20, 0x02, 0x00, 0x00, 0x20, 0x00, 0x21, 0x20, 0xE0, 0xDD, 0x03, 0x00, 0x00, 0x01, 0x20, 0x80,
  0x00, 0xF8, 0x7D, 0x0F, 0x80, 0xFF, 0xFF, 0xB7, 0x0F, 0x20, 0x20, 0x20, 0x00, 0x80, 0xC0, 0x6F,
  0x7F, 0xFF, 0x0B, 0x00, 0x01, 0xFF, 0x0F, 0x02, 0x00, 0x40, 0x02, 0xFF, 0x0F, 0x00, 0xFE, 0x1D,
  0x80, 0xC0, 0xFB, 0x03, 0xF0, 0xFD, 0xFD, 0x3F, 0x80, 0x00, 0x88, 0xDF, 0x07, 0x88, 0x00, 0x00,
  0x00, 0x00, 0xFE, 0xFE, 0x81, 0x00, 0x80, 0x00, 0x10, 0x02, 0x00, 0x08, 0x24, 0x4A, 0x2A, 0x49,
  0x25, 0x4A, 0x94, 0x02, 0x00, 0x00, 0x00, 0x22, 0x00, 0x00, 0x00, 0xA0, 0x92, 0x1A, 0x20, 0xC2,
  0x41, 0xA4, 0x10, 0x55, 0x4B, 0x9E, 0x2A, 0x62, 0x0C, 0x08, 0x02, 0x04, 0x08, 0x00, 0x00, 0x20,
  0x00, 0x00, 0x00, 0x08, 0x40, 0x80, 0x00, 0x01, 0x02, 0x00, 0x88, 0x08, 0x00, 0x00, 0x00, 0x00,
  0xC8, 0xFF, 0x03, 0x00, 0x00, 0x80, 0x08, 0x00, 0x08, 0xE0, 0xEF, 0x4F, 0x00, 0xBF, 0xFF, 0xFF,
  0x01, 0x08, 0x00, 0x08, 0x00, 0x02, 0xC0, 0xFF, 0xFF, 0xBF, 0x00, 0x40, 0x90, 0xF7, 0x87, 0x00,
  0x02, 0x10, 0x80, 0xDF, 0xFE, 0xFF, 0xDF, 0x3F, 0x02, 0xC8, 0xFE, 0x03, 0xF0, 0xDF, 0xDB, 0x3D,
  0x08, 0x20, 0x80, 0xFF, 0x07, 0x00, 0x00, 0x00, 0x82, 0x00, 0xF8, 0xDF, 0x23, 0x00, 0x21, 0x10,
  0x00, 0x40, 0x24, 0x82, 0x8A, 0x84, 0x40, 0x55, 0x4A, 0x91, 0x2A, 0x81, 0x00, 0x04, 0x90, 0x00,
  0x02, 0x40, 0x40, 0x54, 0x20, 0x35, 0x24, 0x80, 0x01, 0x04, 0xA5, 0xA8, 0x9A, 0xAB, 0x2A, 0x20,
  0x0E, 0x00, 0x00, 0x00, 0x02, 0x00, 0x04, 0x00, 0x04, 0x00, 0x01, 0x02, 0x00, 0x20, 0x40, 0x80,
  0x00, 0x00, 0x02, 0x80, 0x00, 0x40, 0x08, 0x00, 0xE2, 0xFF, 0x43, 0x08, 0x44, 0x00, 0x00, 0x10,
  0x00, 0xC0, 0xFF, 0x0F, 0xA2, 0xF7, 0x07, 0x00, 0x00, 0x00, 0x04, 0x02, 0x81, 0x00, 0xC8, 0xFB,
  0x83, 0x00, 0x00, 0x00, 0x00, 0xFF, 0x0E, 0x40, 0x00, 0x04, 0x80, 0xFB, 0xFF, 0xFF, 0xFB, 0x3F,
  0x00, 0x80, 0xDF, 0x13, 0xA1, 0xF7, 0xFF, 0x3F, 0x01, 0x08, 0x82, 0xFD, 0x26, 0x00, 0x10, 0x10,
  0x00, 0x00, 0xF0, 0xF7, 0x03, 0x48, 0x00, 0x00, 0x00, 0x00, 0x00, 0x00, 0x24, 0x11, 0x55, 0x55,
  0x11, 0xA2, 0xA4, 0x04, 0x00, 0x81, 0x00, 0x00, 0x00, 0x08, 0x00, 0x15, 0xAD, 0x12, 0x20, 0x82,
  0x11, 0x46, 0x08, 0xA2, 0x2A, 0x5B, 0x15, 0x60, 0x07, 0x82, 0x90, 0x20, 0x00, 0x40, 0x00, 0x00,
  0x01, 0x41, 0x80, 0x00, 0x08, 0x00, 0x00, 0x00, 0x00, 0x88, 0x00, 0x00, 0x08, 0x11, 0x00, 0x84,
  0xC0, 0xED, 0x01, 0x82, 0x00, 0x10, 0x00, 0x01, 0x40, 0x80, 0xFD, 0x0D, 0x00, 0xFF, 0x0D, 0x00,
  0x00, 0x01, 0x80, 0x00, 0x20, 0x40, 0xC0, 0xBE, 0x07, 0x00, 0x00, 0x02, 0x80, 0xBF, 0x0F, 0x00,
  0x20, 0x01, 0xA0, 0xFF, 0xDB, 0xFD, 0xFF, 0x36, 0x20, 0xC2, 0xFF, 0x03, 0xC0, 0xFF, 0xFF, 0x3F,
  0x00, 0x00, 0x80, 0xEF, 0x0F, 0x22, 0x00, 0x01, 0x20, 0x88, 0x60, 0xFF, 0x07, 0x00, 0x00, 0x00,
  0x41, 0x10, 0x00, 0x00, 0x4A, 0xA4, 0x92, 0x54, 0xA4, 0x94, 0x14, 0x01, 0x10, 0x00, 0x00, 0x00,
  0x80, 0x00, 0x88, 0x82, 0x50, 0x19, 0x20, 0x90, 0x41, 0x84, 0xA2, 0xA4, 0xD6, 0x5D, 0x15, 0xA4,
  0x83, 0x00, 0x00, 0x00, 0x40, 0x04, 0x40, 0x02, 0x40, 0x00, 0x20, 0x80, 0x00, 0x08, 0x10, 0x20,
  0x20, 0x01, 0x00, 0x04, 0x00, 0x00, 0x00, 0x01, 0xE0, 0x7F, 0x13, 0x00, 0x00, 0x00, 0x00, 0x00,
  0x11, 0x04, 0xDF, 0x1F, 0x00, 0x7F, 0x8F, 0x24, 0x24, 0x80, 0x00, 0x00, 0x08, 0x00, 0xC0, 0xFF,
  0x03, 0x00, 0x82, 0x20, 0x08, 0xF7, 0x0F, 0x08, 0x00, 0x00, 0x88, 0xFF, 0xFF, 0x7F, 0xBF, 0x7F,
  0x00, 0xC0, 0x7F, 0x03, 0xC0, 0xFD, 0xDE, 0x2D, 0x40, 0x00, 0x80, 0xFF, 0x07, 0x00, 0x04, 0x80,
  0x08, 0x00, 0xC0, 0xFF, 0x06, 0x00, 0x08, 0x42, 0x10, 0x04, 0x00, 0x00, 0x92, 0x08, 0x22, 0x55,
  0x09, 0x21, 0xA1, 0x22, 0x04, 0x00, 0x04, 0x48, 0x20, 0x00, 0xA2, 0x10, 0x55, 0x14, 0x20, 0x82,
  0x01, 0x84, 0x04, 0x96, 0x2A, 0xAF, 0x1A, 0xD1, 0x03, 0x00, 0x00, 0x08, 0x00, 0x00, 0x00, 0x20,
  0x00, 0x10, 0x00, 0x20, 0x00, 0x01, 0x00, 0x08, 0x00, 0x00, 0x40, 0x40, 0x40, 0x00, 0x40, 0x00,
  0xE0, 0xFF, 0x03, 0x00, 0x00, 0x02, 0x09, 0x20, 0x00, 0x00, 0xFF, 0x0F, 0x91, 0xF7, 0x0F, 0x00,
  0x00, 0x20, 0x10, 0x00, 0x00, 0x10, 0xC4, 0xFF, 0x03, 0x24, 0x20, 0x00, 0x80, 0xFF, 0x07, 0x01,
  0x04, 0x00, 0xC1, 0xBB, 0xFF, 0xEF, 0xEF, 0x7F, 0x04, 0xC0, 0xDB, 0x03, 0x80, 0xFF, 0xF7, 0x3F,
  0x10, 0x84, 0x90, 0x7D, 0x07, 0x00, 0x00, 0x00, 0x00, 0x00, 0xC0, 0xBF, 0x07, 0x01, 0x00, 0x00,
  0x00, 0x00, 0x22, 0x22, 0x56, 0x52, 0x4C, 0x55, 0xAA, 0x4A, 0x96, 0x02, 0x00, 0x10, 0x40, 0x00,
  0x04, 0x00, 0x50, 0x44, 0x0A, 0x09, 0x22, 0x80, 0x41, 0x02, 0x69, 0x55, 0x55, 0xAB, 0x14, 0xF0,
  0x01, 0x20, 0x04, 0x00, 0x09, 0x00, 0x11, 0x00, 0x00, 0x00, 0x04, 0x00, 0x40, 0x00, 0x02, 0x02,
  0x04, 0x00, 0x10, 0x00, 0x04, 0x00, 0x09, 0x20, 0xC0, 0xEE, 0x03, 0x20, 0x88, 0x00, 0x80, 0x14,
  0x00, 0x00, 0x7F, 0x1F, 0x00, 0xFF, 0x07, 0x00, 0x00, 0x08, 0x00, 0x20, 0x01, 0x00, 0xC0, 0x77,
  0x27, 0x00, 0x00, 0x00, 0x02, 0xFF, 0x0D, 0x00, 0x01, 0x00, 0xC0, 0xFE, 0xBD, 0xFD, 0xFB, 0x7F,
  0x00, 0xC0, 0xFE, 0x23, 0x02, 0xDF, 0xFF, 0x3F, 0x04, 0x00, 0x00, 0xDF, 0x07, 0x08, 0x41, 0x24,
  0x0E, 0x11, 0xC4, 0xED, 0x47, 0x10, 0x82, 0x10, 0x00, 0x00, 0x00, 0x00, 0x92, 0x90, 0x12, 0x55,
  0x51, 0xA8, 0x28, 0x05, 0x80, 0x00, 0x01, 0x00, 0x00, 0x88, 0x08, 0x91, 0xA2, 0x0C, 0x20, 0xC2,
  0x01, 0x04, 0x82, 0xAA, 0x2A, 0xAF, 0x15, 0x60, 0x21, 0x00, 0x80, 0x00, 0x00, 0x11, 0x00, 0x00,
  0x04, 0x04, 0x00, 0x08, 0x08, 0x80, 0x00, 0x00, 0x00, 0x10, 0x01, 0x10, 0x00, 0x24, 0x00, 0x00,
  0xE2, 0x7F, 0x03, 0x01, 0x02, 0x40, 0x00, 0x3E, 0x04, 0x21, 0xF7, 0x0F, 0x80, 0xDF, 0x0F, 0x80,
  0x00, 0x02, 0x00, 0x04, 0x00, 0x02, 0xC1, 0xFD, 0x03, 0x00, 0x00, 0x00, 0x80, 0xDB, 0x0F, 0x40,
  0x40, 0x08, 0xC0, 0xFF, 0xEF, 0xFF, 0xFE, 0xDB, 0x40, 0xC4, 0xFF, 0x03, 0x00, 0xFF, 0xFD, 0x3E,
  0x00, 0x00, 0x80, 0xFF, 0x47, 0x02, 0x00, 0x80, 0x0F, 0x00, 0xC1, 0xFF, 0x03, 0x00, 0x00, 0x00,
  0x00, 0x81, 0x00, 0x00, 0x2A, 0x25, 0x49, 0x55, 0x2A, 0x85, 0x42, 0x81, 0x00, 0x00, 0x00, 0x02,
  0x00, 0x00, 0x24, 0xA4, 0x08, 0x05, 0x20, 0x80, 0x11, 0x06, 0x54, 0x55, 0xA5, 0xB6, 0x0A, 0xD8,
  0x00, 0x04, 0x20, 0x20, 0x00, 0x00, 0x00, 0x42, 0x40, 0x00, 0x81, 0x00, 0x00, 0x00, 0x40, 0x00,
  0x40, 0x04, 0x00, 0x02, 0x00, 0x00, 0x00, 0x08, 0xE0, 0xFB, 0x03, 0x00, 0x00, 0x10, 0xC0, 0x3F,
  0x41, 0x00, 0xFF, 0x1B, 0x00, 0xFB, 0x8E, 0x08, 0x88, 0x00, 0x84, 0x00, 0x40, 0x00, 0xC0, 0xFF,
  0x07, 0x01, 0x09, 0x24, 0x20, 0xFF, 0x8F, 0x00, 0x00, 0x80, 0xE0, 0xEF, 0xFF, 0xDF, 0xFF, 0xFE,
  0x00, 0xC0, 0xFF, 0x03, 0x10, 0x7E, 0xBF, 0x2F, 0x00, 0x22, 0x82, 0xF7, 0x0D, 0x00, 0x00, 0xF0,
  0x1B, 0x00, 0xC0, 0xFF, 0x07, 0x00, 0x00, 0x00, 0x12, 0x20, 0x80, 0x00, 0x45, 0x48, 0x12, 0x2D,
  0x55, 0x30, 0x54, 0x01, 0x08, 0x04, 0x20, 0x40, 0x00, 0x01, 0x82, 0x52, 0x52, 0x86, 0x20, 0x82,
  0x41, 0x44, 0x08, 0x48, 0x1D, 0x6B, 0x0D, 0x72, 0x00, 0x80, 0x00, 0x08, 0x20, 0x00, 0x80, 0x00,
  0x00, 0x00, 0x20, 0x00, 0x02, 0x10, 0x00, 0x80, 0x10, 0x00, 0x00, 0x00, 0x11, 0x01, 0x00, 0x02,
  0x60, 0xFF, 0x41, 0x08, 0x00, 0x00, 0xF8, 0x7B, 0x00, 0x00, 0xDF, 0x0F, 0x89, 0xFF, 0x07, 0x00,
  0x00, 0x00, 0x01, 0x00, 0x08, 0x20, 0xC0, 0xDF, 0x03, 0x10, 0x00, 0x01, 0x80, 0xFF, 0x06, 0x08,
  0x00, 0x00, 0xE8, 0x7B, 0xFB, 0xFB, 0xBF, 0xFF, 0x10, 0xC0, 0xBB, 0x43, 0x80, 0xF6, 0xFF, 0x3F,
  0x81, 0x00, 0x90, 0xFF, 0x07, 0x40, 0x88, 0xFC, 0x1E, 0x22, 0xC0, 0x76, 0x03, 0x84, 0x10, 0x04,
  0x00, 0x00, 0x08, 0x48, 0x92, 0x92, 0xA4, 0x52, 0x89, 0x4A, 0x49, 0x22, 0x00, 0x40, 0x08, 0x00,
  0x44, 0x80, 0x14, 0x04, 0x48, 0x05, 0x28, 0x90, 0x02, 0x04, 0xB0, 0x92, 0x72, 0x5A, 0x45, 0x28,
  0x80, 0x00, 0x08, 0x00, 0x02, 0x40, 0x24, 0x00, 0x08, 0x20, 0x00, 0x80, 0x00, 0x02, 0x10, 0x08,
  0x00, 0x00, 0x44, 0x00, 0x00, 0x00, 0x22, 0x80, 0xC8, 0xDF, 0x03, 0x80, 0x20, 0x02, 0x7C, 0x7F,
  0x00, 0x88, 0xF7, 0x4E, 0x00, 0xFF, 0x0F, 0x00, 0x02, 0x00, 0x00, 0x80, 0x00, 0x00, 0xC8, 0xFB,
  0x06, 0x00, 0x00, 0x00, 0x02, 0xBF, 0x0F, 0x00, 0x08, 0x21, 0xE0, 0xFE, 0xFF, 0xFF, 0xFB, 0xFF,
  0x00, 0x88, 0xFF, 0x13, 0x04, 0xFC, 0xEF, 0x3F, 0x20, 0x00, 0x80, 0xBD, 0x07, 0x00, 0x00, 0xBF,
  0x1F, 0x00, 0xE8, 0xFF, 0x83, 0x00, 0x00, 0x41, 0x00, 0x08, 0x00, 0x00, 0x2A, 0x24, 0x29, 0x2D,
  0x35, 0x14, 0x94, 0x00, 0x40, 0x00, 0x00, 0x08, 0x00, 0x10, 0xA1, 0x92, 0x92, 0x02, 0x20, 0x82,
  0x45, 0x02, 0x20, 0xA9, 0xAA, 0xBE, 0x06, 0x28, 0x08, 0x10, 0x00, 0x02, 0x00, 0x12, 0x00, 0x10,
  0x01, 0x09, 0x00, 0x08, 0x40, 0x00, 0x04, 0x02, 0x04, 0x40, 0x00, 0x10, 0x00, 0x20, 0x00, 0x00,
  0xE0, 0xFF, 0x03, 0x00, 0x00, 0x00, 0xDD, 0xFF, 0x00, 0xC0, 0xFF, 0x0F, 0x80, 0xEF, 0x0E, 0x22,
  0x00, 0x20, 0x20, 0x08, 0x00, 0x04, 0xC0, 0xFE, 0x43, 0x00, 0x40, 0x00, 0x80, 0xF7, 0x0F, 0x00,
  0x01, 0x08, 0xF0, 0xFF, 0x6F, 0xB7, 0xFE, 0xEF, 0x01, 0xC1, 0xFF, 0x02, 0x00, 0xB8, 0xFB, 0x3D,
  0x00, 0x00, 0x81, 0xFF, 0x07, 0x04, 0x00, 0xFE, 0x7F, 0x00, 0xE2, 0xFF, 0x23, 0x00, 0x00, 0x00,
  0x80, 0x00, 0x00, 0x00, 0x43, 0x49, 0x52, 0xAA, 0xC6, 0x52, 0x51, 0x01, 0x02, 0x00, 0x00, 0x02,
  0x01, 0x40, 0x84, 0x20, 0xA4, 0x41, 0x20, 0x80, 0x05, 0x04, 0x41, 0x42, 0xED, 0xAE, 0x06, 0x0C,
  0x00, 0x00, 0x00, 0x00, 0x80, 0x00, 0x00, 0x00, 0x00, 0x00, 0x04, 0x02, 0x00, 0x80, 0x00, 0x00,
  0x00, 0x02, 0x00, 0x04, 0x84, 0x08, 0x00, 0x00, 0xC0, 0xFB, 0x93, 0x24, 0x04, 0x40, 0xF8, 0xEF,
  0x81, 0xC0, 0xFF, 0x0F, 0x00, 0xFB, 0x07, 0x00, 0x20, 0x04, 0x00, 0x02, 0x80, 0x00, 0xC1, 0xFF,
  0x07, 0x44, 0x04, 0x40, 0x10, 0xFF, 0x47, 0x12, 0x20, 0x00, 0xB0, 0xDF, 0x00, 0x00, 0xE0, 0xFB,
  0x01, 0xC0, 0xED, 0x03, 0x00, 0xF8, 0xFF, 0x2F, 0x08, 0x10, 0x80, 0xEF, 0x25, 0x01, 0x11, 0xEE,
  0x7F, 0x40, 0x70, 0xEF, 0x03, 0x20, 0x04, 0x00, 0x04, 0x00, 0x22, 0x01, 0x94, 0xA2, 0xA4, 0x5A,
  0x29, 0x0A, 0x0A, 0x00, 0x00, 0x04, 0x01, 0x00, 0x00, 0x80, 0x28, 0x8A, 0x2A, 0x11, 0x20, 0xC2,
  0x4D, 0x46, 0x80, 0x94, 0x9A, 0xDC, 0x22, 0x09, 0x01, 0x02, 0x41, 0x40, 0x24, 0x00, 0x00, 0x00,
  0x40, 0x00, 0x41, 0x00, 0x08, 0x20, 0x00, 0x40, 0x80, 0x00, 0x08, 0x01, 0x01, 0x00, 0x88, 0x88,
  0xE0, 0xBF, 0xFF, 0xFF, 0xFF, 0x01, 0xF8, 0xFB, 0x0B, 0xF0, 0xDD, 0x05, 0x88, 0xFF, 0x8F, 0x00,
  0x00, 0x00, 0x04, 0x00, 0x24, 0x00, 0xC0, 0xDF, 0x03, 0x00, 0x00, 0x10, 0x80, 0xFF, 0xFE, 0xFF,
  0xFF, 0x03, 0xF2, 0xF7, 0x00, 0x00, 0xE0, 0x7E, 0x23, 0xC0, 0xFF, 0x03, 0x20, 0xF0, 0x7F, 0x3F,
  0x02, 0x00, 0x90, 0xFD, 0x0F, 0x40, 0x00, 0xFE, 0xDD, 0x01, 0xFC, 0x7B, 0x01, 0x00, 0x40, 0x00,
  0x01, 0x80, 0x00, 0x10, 0x4A, 0x08, 0xA9, 0x32, 0x53, 0xA5, 0xA4, 0x44, 0x20, 0x40, 0x20, 0x40,
  0x10, 0x11, 0xA5, 0x20, 0xC9, 0x00, 0x24, 0x90, 0x09, 0x04, 0x10, 0x25, 0x75, 0xAD, 0x03, 0x14,
  0x20, 0x00, 0x10, 0x10, 0x00, 0x00, 0x09, 0x41, 0x10, 0x00, 0x00, 0x80, 0x00, 0x04, 0x40, 0x00,
  0x20, 0x20, 0x02, 0x00, 0x00, 0x00, 0x01, 0x00, 0xE8, 0xEE, 0xFF, 0xFF, 0xFF, 0x09, 0xF8, 0x7F,
  0x5F, 0xFD, 0xFF, 0x07, 0x01, 0xBF, 0x0F, 0x80, 0x08, 0x01, 0x81, 0x80, 0x00, 0x20, 0xC0, 0xF7,
  0x06, 0x00, 0x00, 0x04, 0x00, 0xDB, 0xFF, 0xFF, 0xFF, 0x01, 0xF0, 0xFD, 0x00, 0x00, 0xE0, 0xFF,
  0x01, 0x88, 0xBF, 0x13, 0x09, 0xF0, 0xDE, 0x3F, 0x00, 0x02, 0x04, 0x7F, 0x07, 0x00, 0x00, 0x7C,
  0xFF, 0xAF, 0xEF, 0xFF, 0x09, 0x04, 0x00, 0x48, 0x40, 0x08, 0x00, 0x00, 0x2A, 0x25, 0x4A, 0x55,
  0xA5, 0x02, 0x49, 0x01, 0x08, 0x00, 0x00, 0x00, 0x00, 0xA0, 0x08, 0x44, 0xD2, 0x00, 0x20, 0x82,
  0x36, 0x04, 0x00, 0x4A, 0xAA, 0x79, 0x01, 0x0A, 0x00, 0x20, 0x00, 0x04, 0x00, 0x40, 0x00, 0x08,
  0x04, 0x20, 0x00, 0x20, 0x80, 0x00, 0x00, 0x04, 0x02, 0x00, 0x00, 0x00, 0x20, 0x00, 0x00, 0x00,
  0xC0, 0xFF, 0xBB, 0xFF, 0xFF, 0x01, 0x70, 0xFF, 0xFF, 0xFF, 0x7F, 0x43, 0x80, 0xEF, 0x0D, 0x10,
  0x00, 0x40, 0x00, 0x20, 0x00, 0x00, 0xC8, 0xFD, 0x83, 0x10, 0x10, 0x01, 0x84, 0xFF, 0xFF, 0xFF,
  0xFF, 0x41, 0x78, 0xFF, 0x00, 0x00, 0xE1, 0xDF, 0x03, 0xC2, 0xFB, 0x03, 0x00, 0xE2, 0xFF, 0x37,
  0x00, 0x40, 0x80, 0xFF, 0x07, 0x00, 0x40, 0xDC, 0xFF, 0xFF, 0xFB, 0xFE, 0x01, 0x81, 0x10, 0x00,
  0x00, 0x00, 0x00, 0x00, 0x4A, 0x91, 0x54, 0x35, 0x89, 0xA8, 0x24, 0x00, 0x00, 0x08, 0x08, 0x02,
  0x00, 0x48, 0x8A, 0x28, 0x34, 0x00, 0x21, 0x80, 0x55, 0x04, 0x02, 0xA8, 0x64, 0x5D, 0x03, 0x02,
  0x08, 0x08, 0x00, 0x00, 0x00, 0x08, 0x00, 0x00, 0x00, 0x04, 0x00, 0x08, 0x00, 0x00, 0x04, 0x80,
  0x00, 0x00, 0x40, 0x20, 0x00, 0x22, 0x00, 0x22, 0xE2, 0xFF, 0xFE, 0xED, 0xEE, 0x01, 0xF1, 0xF7,
  0xFF, 0x7F, 0xF7, 0x03, 0x20, 0xFF, 0x0F, 0x04, 0x00, 0x00, 0x00, 0x00, 0x00, 0x04, 0xC2, 0xFF,
  0x07, 0x00, 0x01, 0x00, 0x00, 0xFF, 0xED, 0xEE, 0xEE, 0x01, 0xF8, 0x7F, 0x48, 0x12, 0xC0, 0xFB,
  0x83, 0xC0, 0xFF, 0x03, 0x00, 0xC0, 0xF7, 0x3D, 0x41, 0x00, 0x80, 0xEF, 0x07, 0x04, 0x04, 0xF8,
  0xF7, 0xFE, 0xFF, 0xDF, 0x00, 0x00, 0x00, 0x02, 0x00, 0x00, 0x88, 0x80, 0x92, 0x8A, 0xA0, 0x55,
  0x35, 0x02, 0x49, 0x81, 0x00, 0x01, 0x00, 0x10, 0x84, 0x94, 0x22, 0x81, 0x2A, 0x08, 0x20, 0x82,
  0x55, 0x82, 0x00, 0x90, 0xCA, 0xFA, 0x21, 0x0A, 0x01, 0x01, 0x02, 0x00, 0x11, 0x01, 0x20, 0x00,
  0x00, 0x00, 0x48, 0x02, 0x08, 0x80, 0x00, 0x21, 0x00, 0x08, 0x00, 0x08, 0x02, 0x00, 0x90, 0x00,
  0xE0, 0xDD, 0xFF, 0xFF, 0xFF, 0x11, 0xE0, 0xBD, 0xF7, 0xDF, 0xFF, 0x01, 0x00, 0xF7, 0x07, 0x01,
  0x40, 0x08, 0x10, 0x04, 0x10, 0x01, 0xC0, 0xBF, 0x03, 0x04, 0x00, 0x00, 0xA1, 0x77, 0xFF, 0xFF,
  0x7F, 0x11, 0xFC, 0x7F, 0x00, 0x00, 0xC0, 0xFF, 0x27, 0xC0, 0xDE, 0x43, 0x00, 0xC0, 0xFF, 0x3F,
  0x00, 0x10, 0x80, 0xFB, 0x46, 0x40, 0x00, 0xF0, 0xBF, 0x7F, 0xFF, 0x77, 0x40, 0x00, 0x04, 0x00,
  0x08, 0x21, 0x02, 0x08, 0x54, 0x22, 0x55, 0x2B, 0xC9, 0x54, 0x92, 0x20, 0x00, 0x00, 0x81, 0x00,
  0x01, 0x22, 0x09, 0x24, 0x19, 0x00, 0x20, 0xC0, 0x55, 0x04, 0x40, 0x40, 0x91, 0xD9, 0x00, 0x05,
  0x00, 0x00, 0x20, 0x01, 0x00, 0x00, 0x00, 0x82, 0x80, 0x00, 0x01, 0x00, 0x00, 0x24, 0x20, 0x00,
  0x20, 0x82, 0x08, 0x02, 0x80, 0x00, 0x02, 0x00, 0xC0, 0xFF, 0xDF, 0xBF, 0xBF, 0x01, 0x40, 0xFF,
  0x7F, 0xFB, 0xBF, 0x00, 0x84, 0xFF, 0x0E, 0x00, 0x12, 0x00, 0x00, 0x01, 0x04, 0x40, 0xC0, 0xF6,
  0x23, 0x00, 0x40, 0x40, 0x00, 0xFF, 0xFF, 0xFF, 0xFF, 0x01, 0xBD, 0x5B, 0x00, 0x00, 0xC2, 0xBE,
  0x07, 0xC0, 0xFF, 0x02, 0x20, 0x90, 0x7B, 0x3F, 0x10, 0x04, 0x92, 0xFF, 0x0F, 0x00, 0x00, 0xF0,
  0xFD, 0xF7, 0xBF, 0x7F, 0x10, 0x10, 0x01, 0x00, 0x02, 0x00, 0x00, 0x00, 0x8A, 0x44, 0x29, 0x6E,
  0x55, 0x80, 0xD4, 0x00, 0x08, 0x40, 0x00, 0x00, 0x00, 0x49, 0x40, 0x52, 0x0A, 0x42, 0x20, 0x82,
  0xD5, 0x06, 0x10, 0x00, 0x55, 0xFB, 0x00, 0x01, 0x00, 0x00, 0x00, 0x20, 0x00, 0x00, 0x02, 0x20,
  0x20, 0x40, 0x00, 0x00, 0x42, 0x00, 0x00, 0x00, 0x00, 0x00, 0x00, 0x00, 0x10, 0x10, 0x00, 0x00,
  0xE0, 0xF7, 0xF7, 0xFD, 0xFB, 0x01, 0x81, 0xFF, 0xFD, 0xFF, 0xFB, 0x10, 0x01, 0xFF, 0x0F, 0x80,
  0x00, 0x00, 0x01, 0x80, 0x00, 0x00, 0xC0, 0xFF, 0x07, 0x80, 0x08, 0x10, 0x80, 0xDF, 0xBF, 0xDB,
  0xF6, 0x01, 0xFC, 0x7F, 0x02, 0x40, 0x80, 0xEF, 0x05, 0xC0, 0xF7, 0x13, 0x04, 0x82, 0xFF, 0x3F,
  0x00, 0x00, 0x00, 0xBF, 0x07, 0x10, 0x90, 0x64, 0xFF, 0xFF, 0xFB, 0x1D, 0x00, 0x00, 0x80, 0x90,
  0x00, 0x08, 0x00, 0x02, 0x34, 0x49, 0x52, 0x99, 0x2A, 0x55, 0x89, 0x01, 0x40, 0x10, 0x20, 0x00,
  0xA0, 0x54, 0x12, 0x09, 0x05, 0x00, 0x24, 0x90, 0x55, 0x41, 0x00, 0x00, 0x24, 0x72, 0x84, 0x42,
  0x10, 0x90, 0x00, 0x00, 0x84, 0x90, 0x40, 0x00, 0x08, 0x08, 0x00, 0x80, 0x00, 0x00, 0x00, 0x00,
  0x04, 0x00, 0x80, 0x00, 0x00, 0x00, 0x00, 0x90, 0xE4, 0x7D, 0xFF, 0xEF, 0xDF, 0x41, 0x00, 0xDF,
  0xFF, 0x7F, 0x3F, 0x00, 0x80, 0xB7, 0x07, 0x00, 0x00, 0x20, 0x40, 0x20, 0x00, 0x00, 0xC0, 0x7F,
  0x03, 0x22, 0x00, 0x04, 0x00, 0xFB, 0xF7, 0xFF, 0xBF, 0x01, 0xFC, 0x3F, 0x20, 0x12, 0xC0, 0xFF,
  0x0F, 0xC0, 0xFE, 0x03, 0x00, 0x00, 0xDF, 0x37, 0x00, 0x00, 0x80, 0xF7, 0x07, 0x02, 0x02, 0xC0,
  0xEF, 0xBD, 0xFF, 0x0F, 0x04, 0x00, 0x00, 0x00, 0x40, 0x00, 0x20, 0x00, 0x44, 0x92, 0x8C, 0xB6,
  0x12, 0x00, 0xAA, 0x00, 0x02, 0x04, 0x00, 0x08, 0x40, 0x22, 0x40, 0xA4, 0x02, 0x00, 0x20, 0x82,
  0x55, 0x06, 0x00, 0x12, 0xA8, 0x76, 0x80, 0x00, 0x04, 0x01, 0x08, 0x08, 0x00, 0x00, 0x00, 0x00,
  0x00, 0x00, 0x20, 0x08, 0x00, 0x00, 0x04, 0x12, 0x01, 0x20, 0x04, 0x80, 0x04, 0x80, 0x00, 0x02,
  0xC0, 0xFF, 0x7F, 0xFF, 0xFE, 0x11, 0x00, 0xFE, 0xEF, 0xEE, 0x1F, 0x02, 0x00, 0xFF, 0x8F, 0x08,
  0x00, 0x09, 0x10, 0x00, 0x40, 0x04, 0xC2, 0xFB, 0x03, 0x00, 0x00, 0x00, 0x88, 0xFF, 0xFD, 0xFF,
  0xFF, 0x49, 0xDE, 0x36, 0x00, 0x00, 0x90, 0xFD, 0x0F, 0x91, 0xBF, 0x03, 0x00, 0x00, 0xF6, 0x3F,
  0x84, 0x40, 0x80, 0xFF, 0x85, 0x00, 0x00, 0x80, 0x7B, 0xFF, 0xEF, 0x07, 0x00, 0x02, 0x00, 0x00,
  0x00, 0x80, 0x08, 0x20, 0x2A, 0x49, 0x55, 0xA5, 0x4C, 0x52, 0x25, 0x90, 0x00, 0x00, 0x08, 0x40,
  0xA8, 0x2A, 0x84, 0x90, 0x01, 0x21, 0x20, 0x80, 0x55, 0x05, 0x02, 0x00, 0x40, 0x75, 0x90, 0x02,
  0x00, 0x00, 0x80, 0x00, 0x01, 0x00, 0x10, 0x08, 0x00, 0x00, 0x08, 0x02, 0x00, 0x89, 0x40, 0x00,
  0x40, 0x02, 0x00, 0x20, 0x00, 0x02, 0x48, 0x00, 0xE0, 0xDF, 0xED, 0xBF, 0xF7, 0x01, 0x10, 0xF8,
  0xFE, 0xFF, 0x87, 0x00, 0x80, 0xFF, 0x05, 0x00, 0x40, 0x00, 0x00, 0x00, 0x08, 0x20, 0xC0, 0xDE,
  0x87, 0x00, 0x80, 0x00, 0x00, 0x7F, 0xBF, 0xDD, 0xEF, 0x01, 0xFE, 0x3F, 0x00, 0x00, 0x04, 0xDF,
  0x0F, 0xC0, 0xEF, 0x03, 0x21, 0x08, 0xFE, 0x3D, 0x00, 0x10, 0x84, 0xBD, 0x0F, 0x80, 0x00, 0x00,
  0xFE, 0xFF, 0xFE, 0x21, 0x80, 0x20, 0x22, 0x04, 0x00, 0x02, 0x00, 0x00, 0x54, 0x12, 0x95, 0x5A,
  0x25, 0x88, 0xCA, 0x00, 0x00, 0x00, 0x02, 0x02, 0x0A, 0x09, 0x11, 0x4A, 0x41, 0x00, 0x20, 0xC2,
  0xD5, 0x0A, 0x40, 0x80, 0x80, 0x2A, 0x40, 0x01, 0x00, 0x08, 0x00, 0x00, 0x20, 0x02, 0x80, 0xA2,
  0x92, 0x02, 0x01, 0x00, 0x10, 0x00, 0x00, 0x00, 0x00, 0x00, 0x40, 0x08, 0x80, 0x20, 0x00, 0x00,
  0xC0, 0xFF, 0xFF, 0xFF, 0xFF, 0x01, 0x80, 0xF0, 0xBF, 0xFF, 0x01, 0x40, 0x10, 0xFF, 0x0F, 0x40,
  0x04, 0x00, 0x04, 0x04, 0x02, 0x00, 0xC0, 0xFF, 0x03, 0x00, 0x22, 0x00, 0x81, 0xFF, 0xFF, 0xFF,
  0xFF, 0x01, 0xFE, 0x1F, 0x44, 0x00, 0x00, 0xFF, 0x1F, 0xC0, 0xFF, 0x03, 0x00, 0x01, 0xFC, 0x3F,
  0x00, 0x04, 0x80, 0xFF, 0x07, 0x20, 0x20, 0x02, 0xF8, 0xEF, 0x7F, 0x08, 0x00, 0x00, 0x00, 0x00,
  0x24, 0x20, 0x00, 0x02, 0x94, 0xA8, 0x54, 0x3D, 0x85, 0xA2, 0x12, 0x01, 0x20, 0x01, 0x00, 0x00,
  0x51, 0x45, 0xA4, 0x50, 0x00, 0x00, 0x21, 0x80, 0x55, 0x85, 0x00, 0x00, 0x20, 0x35, 0x44, 0x21,
  0x41, 0x00, 0x11, 0x20, 0x00, 0x20, 0x55, 0x0A, 0x48, 0x54, 0x00, 0x80, 0x00, 0x00, 0x00, 0x40,
  0x00, 0x80, 0x10, 0x00, 0x20, 0x00, 0x00, 0x10, 0x21, 0x51, 0xAA, 0xA0, 0x14, 0x01, 0x02, 0x80,
  0xEF, 0x3F, 0x00, 0x10, 0x04, 0x11, 0x05, 0x01, 0x00, 0x00, 0x01, 0x40, 0x00, 0x02, 0x48, 0x55,
  0x02, 0x88, 0x00, 0x20, 0x00, 0xA2, 0x52, 0x25, 0x11, 0x01, 0x25, 0x09, 0x00, 0x84, 0x00, 0x55,
  0x04, 0x84, 0x28, 0x21, 0x08, 0x00, 0x14, 0x25, 0x10, 0x00, 0x00, 0xA1, 0x02, 0x08, 0x00, 0x00,
  0xC0, 0xFF, 0x17, 0x00, 0x22, 0x00, 0x00, 0x40, 0x00, 0x00, 0x80, 0x40, 0xA4, 0x22, 0x55, 0xAB,
  0x29, 0x08, 0x49, 0x01, 0x00, 0x20, 0x80, 0xA0, 0xA0, 0x12, 0x01, 0x2A, 0x00, 0x08, 0x20, 0x82,
  0x29, 0x15, 0x10, 0x10, 0x04, 0x24, 0x40, 0x00, 0x00, 0x00, 0x00, 0x02, 0x08, 0x00, 0x20, 0x80,
  0x04, 0x21, 0x80, 0x20, 0x00, 0x20, 0x08, 0x02, 0x08, 0x08, 0x00, 0x00, 0x08, 0x00, 0x00, 0x04,
  0x00, 0x00, 0x00, 0x00, 0x00, 0x10, 0x00, 0x00, 0x70, 0x05, 0x10, 0x00, 0x00, 0x00, 0x40, 0x00,
  0x00, 0x20, 0x80, 0x00, 0x80, 0x80, 0x00, 0x00, 0x40, 0x00, 0x00, 0x08, 0x00, 0x00, 0x00, 0x00,
  0x00, 0x00, 0x00, 0x00, 0x00, 0x00, 0x00, 0x00, 0x00, 0x01, 0x00, 0x00, 0x00, 0x40, 0x00, 0x00,
  0x02, 0x01, 0x10, 0x00, 0x40, 0x00, 0x08, 0x20, 0x00, 0x54, 0x01, 0x02, 0x00, 0x80, 0x80, 0x10,
  0x00, 0x00, 0x04, 0x00, 0xAC, 0x48, 0x64, 0x35, 0x85, 0x50, 0x25, 0x11, 0x02, 0x00, 0x20, 0x54,
  0x8A, 0x4A, 0x48, 0x22, 0x08, 0x00, 0x20, 0xC0, 0x55, 0x15, 0x00, 0x04, 0x00, 0x34, 0xA0, 0x00,
  0x10, 0x44, 0x00, 0x00, 0x42, 0xA7, 0x8A, 0x12, 0x51, 0x04, 0x15, 0x00, 0x88, 0x04, 0x82, 0x00,
  0x82, 0x00, 0x04, 0x04, 0x01, 0x00, 0x89, 0x00, 0x00, 0x00, 0x00, 0x00, 0x00, 0x00, 0x20, 0x02,
  0x00, 0x00, 0x04, 0x02, 0x00, 0x00, 0x00, 0x10, 0x10, 0x09, 0x00, 0x00, 0x20, 0x20, 0x00, 0x00,
  0x00, 0x00, 0x00, 0x02, 0x10, 0x00, 0x00, 0x00, 0x00, 0x20, 0x00, 0x00, 0x21, 0x20, 0x20, 0x00,
  0x00, 0x00, 0x00, 0x08, 0x02, 0x10, 0x00, 0x00, 0x00, 0x00, 0x01, 0x00, 0x00, 0x00, 0x00, 0x00,
  0x00, 0x00, 0x00, 0x80, 0x00, 0x24, 0x08, 0x00, 0x00, 0x11, 0x01, 0x10, 0x28, 0x45, 0xD9, 0xAA,
  0x10, 0x4A, 0x52, 0x01, 0x00, 0x08, 0x01, 0x0B, 0xD0, 0x00, 0x82, 0x94, 0x00, 0x41, 0x24, 0x92,
  0xA5, 0x2A, 0x00, 0x00, 0x00, 0x08, 0xE0, 0x08, 0x00, 0x00, 0x40, 0x00, 0xA8, 0x08, 0x01, 0x24,
  0x04, 0x21, 0xA0, 0x00, 0x00, 0x00, 0x00, 0x20, 0x00, 0x00, 0x00, 0x01, 0x00, 0x24, 0x00, 0x00,
  0x04, 0x00, 0x00, 0x04, 0x00, 0x80, 0x08, 0x00, 0x00, 0x80, 0x00, 0x00, 0x00, 0x02, 0x00, 0x00,
  0x01, 0x00, 0x20, 0x08, 0x02, 0x00, 0x00, 0x00, 0x10, 0x00, 0x10, 0x00, 0x04, 0x00, 0x00, 0x00,
  0x00, 0x08, 0x00, 0x00, 0x00, 0x02, 0x04, 0x00, 0x20, 0x20, 0x00, 0x00, 0x80, 0x04, 0x00, 0x00,
  0x00, 0x40, 0x00, 0x04, 0x10, 0x02, 0x81, 0x04, 0x12, 0x00, 0x00, 0x00, 0x00, 0x00, 0x00, 0x04,
  0x12, 0x00, 0x40, 0x00, 0xCC, 0x92, 0x52, 0x3B, 0xA5, 0x90, 0x24, 0x81, 0x10, 0x01, 0xD0, 0x50,
  0x49, 0x48, 0xA8, 0x0A, 0x40, 0x00, 0x20, 0x80, 0x49, 0x55, 0x84, 0x00, 0x41, 0x28, 0x11, 0x80,
  0x00, 0x00, 0x04, 0x48, 0x05, 0xA1, 0xA8, 0x40, 0x41, 0x94, 0x8A, 0x12, 0x00, 0x00, 0x00, 0x00,
  0x00, 0x20, 0x00, 0x40, 0x00, 0x01, 0x00, 0x40, 0x20, 0x04, 0x00, 0x00, 0x41, 0x04, 0x00, 0x20,
  0x00, 0x00, 0x00, 0x40, 0x22, 0x40, 0x08, 0x00, 0x00, 0x00, 0x08, 0x80, 0x00, 0x00, 0x04, 0x00,
  0x04, 0x12, 0x01, 0x00, 0x00, 0x11, 0x00, 0x20, 0x10, 0x01, 0x02, 0x20, 0x00, 0x00, 0x00, 0x00,
  0x01, 0x00, 0x80, 0x00, 0x00, 0x00, 0x40, 0x40, 0x10, 0x10, 0x80, 0x00, 0x04, 0x40, 0x00, 0x00,
  0x00, 0x02, 0x40, 0x10, 0x88, 0x00, 0x00, 0x00, 0x00, 0x00, 0x00, 0x00, 0x59, 0x21, 0xA9, 0xAD,
  0x04, 0x25, 0x54, 0x01, 0x00, 0x00, 0x3C, 0x05, 0x64, 0x02, 0x21, 0x11, 0x00, 0x00, 0x20, 0x82,
  0x55, 0x4A, 0x00, 0x40, 0x10, 0x08, 0x30, 0x00, 0x88, 0x00, 0x00, 0x20, 0x52, 0x14, 0x02, 0x0A,
  0x08, 0x21, 0x10, 0x04, 0x02, 0x40, 0x20, 0x08, 0x20, 0x02, 0x42, 0x00, 0x20, 0x00, 0x40, 0x10,
  0x00, 0x40, 0x22, 0x40, 0x10, 0x00, 0x00, 0x08, 0x84, 0x10, 0x40, 0x10, 0x00, 0x00, 0x80, 0x04,
  0x40, 0x00, 0x01, 0x00, 0x00, 0x04, 0x20, 0x22, 0x00, 0x00, 0x00, 0x81, 0x00, 0x00, 0x12, 0x09,
  0x02, 0x00, 0x20, 0x02, 0x84, 0x00, 0x01, 0x49, 0x00, 0x04, 0x12, 0x40, 0x10, 0x00, 0x12, 0x08,
  0x04, 0x01, 0x08, 0x40, 0x00, 0x00, 0x10, 0x40, 0x00, 0x20, 0x08, 0x04, 0x00, 0x00, 0x20, 0x80,
  0x00, 0x04, 0x00, 0x04, 0xAC, 0x4A, 0x52, 0x37, 0x29, 0x8A, 0x42, 0x11, 0x00, 0x80, 0x47, 0x52,
  0x29, 0x50, 0x44, 0x0A, 0x12, 0x08, 0x20, 0xC0, 0xA9, 0xAA, 0x00, 0x10, 0x00, 0x50, 0x50, 0x04,
  0x00, 0x48, 0x40, 0x4A, 0x81, 0x4A, 0x90, 0x20, 0x21, 0x8A, 0x4A, 0x29, 0x20, 0x11, 0x08, 0x00,
  0x02, 0x00, 0x00, 0x00, 0x08, 0x00, 0x08, 0x04, 0x00, 0x00, 0x00, 0x10, 0x00, 0x20, 0x04, 0x01,
  0x00, 0x00, 0x00, 0x04, 0x00, 0x08, 0x02, 0x40, 0x08, 0x08, 0x00, 0x22, 0x20, 0x40, 0x00, 0x00,
  0x00, 0x00, 0x40, 0x00, 0x00, 0x00, 0x00, 0x00, 0x00, 0x00, 0x00, 0x00, 0x00, 0x10, 0x40, 0x00,
  0x80, 0x00, 0x00, 0x08, 0x04, 0x80, 0x00, 0x00, 0x00, 0x00, 0x00, 0x00, 0x00, 0x08, 0x00, 0x00,
  0x80, 0x00, 0x02, 0x00, 0x02, 0x10, 0x01, 0x22, 0x80, 0x80, 0x08, 0x41, 0x28, 0x25, 0xD5, 0xAE,
  0x44, 0x11, 0x59, 0x02, 0x80, 0x60, 0x95, 0x20, 0x0A, 0x04, 0x29, 0x05, 0x00, 0x80, 0x20, 0x82,
  0x25, 0xD5, 0x20, 0x04, 0x00, 0x10, 0x18, 0x00, 0x02, 0x00, 0x08, 0x12, 0x34, 0x04, 0x01, 0x80,
  0x44, 0x50, 0x04, 0x40, 0x01, 0x00, 0x00, 0x82, 0x00, 0x80, 0x00, 0x08, 0x02, 0x80, 0x00, 0x00,
  0x82, 0x00, 0x00, 0x01, 0x00, 0x00, 0x00, 0x00, 0x00, 0x00, 0x02, 0x00, 0x40, 0x00, 0x00, 0x00,
  0x00, 0x00, 0x80, 0x00, 0x00, 0x00, 0x00, 0x00, 0x81, 0x00, 0x08, 0x20, 0x20, 0x84, 0x00, 0x00,
  0x00, 0x20, 0x00, 0x00, 0x01, 0x00, 0x00, 0x00, 0x08, 0x40, 0x00, 0x00, 0x00, 0x22, 0x00, 0x00,
  0x00, 0x00, 0x00, 0x10, 0x80, 0x00, 0x00, 0x08, 0x04, 0x00, 0x00, 0x00, 0x00, 0x04, 0x00, 0x00,
  0x20, 0x00, 0x00, 0x00, 0x54, 0x8A, 0xAA, 0x1A, 0x29, 0xA6, 0xA4, 0x02, 0x12, 0x50, 0x09, 0x95,
  0x94, 0x50, 0x44, 0x05, 0x00, 0x00, 0x24, 0x80, 0xA9, 0x2A, 0x09, 0x00, 0x08, 0x52, 0x28, 0x40,
  0x00, 0x00, 0xC2, 0x4A, 0x41, 0x51, 0x24, 0x2A, 0x88, 0x8A, 0x52, 0x15, 0x02, 0x00, 0x00, 0x00,
  0x00, 0x08, 0x10, 0x82, 0x00, 0x08, 0x00, 0x00, 0x20, 0x08, 0x00, 0x00, 0x00, 0x02, 0x40, 0x00,
  0x11, 0x42, 0x20, 0x00, 0x04, 0x80, 0x20, 0x00, 0x00, 0x42, 0x10, 0x00, 0x04, 0x11, 0x82, 0x00,
  0x20, 0x10, 0x01, 0x00, 0x08, 0x00, 0x00, 0x00, 0x20, 0x09, 0x02, 0x10, 0x20, 0x04, 0x08, 0x00,
  0x00, 0x00, 0x00, 0x01, 0x00, 0x00, 0x00, 0x02, 0x01, 0x84, 0x20, 0x02, 0x04, 0x00, 0x41, 0x02,
  0x00, 0x80, 0x00, 0x40, 0x40, 0x00, 0x08, 0x00, 0x08, 0x20, 0x40, 0x00, 0x94, 0x32, 0x4A, 0xB5,
  0xA2, 0x90, 0x94, 0x82, 0x00, 0x58, 0x25, 0x40, 0x05, 0x02, 0x51, 0x42, 0x00, 0x11, 0x40, 0xC4,
  0x55, 0x4A, 0x01, 0x00, 0x02, 0x20, 0x08, 0x10, 0x40, 0x02, 0x10, 0x11, 0xAA, 0x04, 0x81, 0x00,
  0x91, 0xA4, 0x08, 0xA0, 0x14, 0x00, 0x01, 0x00, 0x20, 0x01, 0x00, 0x00, 0x00, 0x02, 0x80, 0x00,
  0x00, 0x80, 0x08, 0x00, 0x84, 0x80, 0x10, 0x40, 0x00, 0x00, 0x00, 0x80, 0x00, 0x02, 0x00, 0x04,
  0x81, 0x00, 0x04, 0x00, 0x00, 0x00, 0x20, 0x08, 0x00, 0x00, 0x00, 0x08, 0x00, 0x00, 0x90, 0x40,
  0x04, 0x00, 0x20, 0x02, 0x00, 0x80, 0x00, 0x00, 0x01, 0x04, 0x44, 0x80, 0x40, 0x00, 0x80, 0x40,
  0x20, 0x01, 0x08, 0x00, 0x00, 0x20, 0x10, 0x00, 0x41, 0x08, 0x40, 0x02, 0x10, 0x00, 0x80, 0x00,
  0x02, 0x00, 0x00, 0x00, 0xA8, 0xA4, 0x54, 0xBF, 0x54, 0xA5, 0x2A, 0x05, 0x00, 0xD6, 0x48, 0x15,
  0x25, 0x48, 0xAA, 0x12, 0x44, 0x00, 0x20, 0x80, 0x89, 0xB2, 0x02, 0x81, 0x80, 0x50, 0x14, 0x02,
  0x10, 0x20, 0x54, 0xA2, 0x54, 0x10, 0x14, 0x4A, 0x2A, 0x11, 0x25, 0x09, 0x08, 0x22, 0x10, 0x21,
  0x08, 0x00, 0x04, 0x00, 0x80, 0x00, 0x09, 0x90, 0x00, 0x00, 0x40, 0x44, 0x00, 0x20, 0x00, 0x08,
  0x00, 0x10, 0x00, 0x11, 0x80, 0x20, 0x00, 0x41, 0x10, 0x00, 0x00, 0x10, 0x41, 0x00, 0x00, 0x80,
  0x08, 0x00, 0x00, 0x00, 0x02, 0x21, 0x04, 0x08, 0x00, 0x00, 0x00, 0x00, 0x00, 0x00, 0x00, 0x49,
  0x20, 0x01, 0x01, 0x20, 0x08, 0x00, 0x08, 0x00, 0x00, 0x00, 0x00, 0x00, 0x41, 0x04, 0x00, 0x00,
  0x00, 0x00, 0x00, 0x00, 0x04, 0x80, 0x00, 0x88, 0x00, 0x04, 0x02, 0x90, 0x24, 0x29, 0xB5, 0x28,
  0x95, 0x48, 0x52, 0x05, 0x00, 0x55, 0x02, 0xA0, 0x82, 0x22, 0x29, 0x05, 0x00, 0x00, 0x20, 0x82,
  0x55, 0xA5, 0x02, 0x20, 0x00, 0x20, 0x0C, 0x00, 0x04, 0x00, 0x95, 0x14, 0x25, 0x42, 0x41, 0x20,
  0x44, 0xAA, 0x00, 0x80, 0xA0, 0x00, 0x00, 0x00, 0x00, 0x40, 0x80, 0x20, 0x20, 0x40, 0x00, 0x04,
  0x08, 0x22, 0x00, 0x00, 0x00, 0x00, 0x00, 0x00, 0x40, 0x00, 0x04, 0x00, 0x10, 0x00, 0x08, 0x00,
  0x00, 0x00, 0x00, 0x04, 0x00, 0x80, 0x00, 0x00, 0x00, 0x04, 0x20, 0x02, 0x00, 0x00, 0x00, 0x00,
  0x00, 0x00, 0x00, 0x80, 0x88, 0x00, 0x20, 0x00, 0x00, 0x40, 0x00, 0x00, 0x00, 0x44, 0x00, 0x00,
  0x00, 0x20, 0x00, 0x40, 0x00, 0x00, 0x00, 0x40, 0x00, 0x00, 0x08, 0x20, 0x00, 0x04, 0x20, 0x00,
  0x00, 0x00, 0x10, 0x04, 0x54, 0xD5, 0x28, 0xB7, 0x2A, 0x92, 0x24, 0x05, 0x90, 0x55, 0xA4, 0x4A,
  0x49, 0x08, 0x56, 0x02, 0x00, 0x40, 0x22, 0xC0, 0x91, 0xAC, 0x06, 0x00, 0x00, 0x50, 0x0A, 0x00,
  0x00, 0x80, 0xA2, 0x42, 0x8A, 0x08, 0x28, 0x85, 0x92, 0x00, 0x4A, 0x22, 0x0A, 0x00, 0x00, 0x00,
  0x02, 0x10, 0x00, 0x08, 0x04, 0x00, 0x00, 0x00, 0x80, 0x00, 0x00, 0x00, 0x10, 0x08, 0x04, 0x02,
  0x08, 0x04, 0x40, 0x00, 0x00, 0x00, 0x00, 0x00, 0x00, 0x90, 0x80, 0x00, 0x10, 0x24, 0x08, 0x00,
  0x00, 0x41, 0x02, 0x80, 0x00, 0x00, 0x00, 0x00, 0x40, 0x40, 0x82, 0x20, 0x00, 0x08, 0x01, 0x00,
  0x00, 0x00, 0x00, 0x08, 0x00, 0x00, 0x00, 0x08, 0x04, 0x00, 0x82, 0x08, 0x00, 0x00, 0x02, 0x10,
  0x10, 0x22, 0x02, 0x00, 0x00, 0x00, 0x08, 0x00, 0x80, 0x40, 0x00, 0x01, 0x56, 0x29, 0xD5, 0x9C,
  0xAA, 0x34, 0x55, 0x42, 0x44, 0xA9, 0x10, 0x54, 0x01, 0xA5, 0x49, 0x01, 0x02, 0x04, 0x20, 0x92,
  0x25, 0xA5, 0x42, 0x04, 0x10, 0x44, 0x8A, 0x40, 0x00, 0x64, 0x55, 0x54, 0x25, 0xA2, 0x44, 0xA8,
  0x54, 0x55, 0x00, 0x08, 0xA0, 0x0A, 0x02, 0x08, 0x00, 0x04, 0x20, 0x00, 0x00, 0x00, 0x40, 0x00,
  0x00, 0x00, 0x12, 0x10, 0x02, 0x01, 0x80, 0x00, 0x01, 0x00, 0x01, 0x00, 0x01, 0x08, 0x01, 0x10,
  0x04, 0x04, 0x08, 0x00, 0x00, 0x00, 0x00, 0x11, 0x00, 0x00, 0x00, 0x00, 0x20, 0x88, 0x00, 0x81,
  0x08, 0x04, 0x20, 0x08, 0x00, 0x40, 0x00, 0x00, 0x08, 0x10, 0x20, 0x02, 0x84, 0x00, 0x22, 0x82,
  0x40, 0x04, 0x00, 0x00, 0x10, 0x21, 0x20, 0x02, 0x00, 0x00, 0x00, 0x01, 0x80, 0x20, 0x02, 0x04,
  0x20, 0x00, 0x00, 0x00, 0x4A, 0x55, 0x51, 0xAB, 0x2A, 0xA5, 0x8A, 0x06, 0x40, 0x35, 0x45, 0x29,
  0x54, 0x68, 0xAA, 0x02, 0x20, 0x00, 0x20, 0x80, 0x55, 0xAA, 0x0E, 0x00, 0x00, 0x61, 0x06, 0x08,
  0x80, 0xB0, 0x24, 0xA9, 0x8A, 0x08, 0x8A, 0x12, 0x25, 0x00, 0xA9, 0xA2, 0x0A, 0x10, 0x20, 0x81,
  0x80, 0x00, 0x04, 0x00, 0x00, 0x08, 0x08, 0x00, 0x21, 0x00, 0x00, 0x01, 0x00, 0x00, 0x01, 0x40,
  0x00, 0x40, 0x00, 0x24, 0x00, 0x01, 0x20, 0x01, 0x40, 0x00, 0x00, 0x40, 0x04, 0x00, 0x00, 0x00,
  0x22, 0x00, 0x00, 0x20, 0x00, 0x02, 0x08, 0x10, 0x00, 0x00, 0x00, 0x00, 0x00, 0x00, 0x10, 0x42,
  0x00, 0x02, 0x08, 0x00, 0x01, 0x10, 0x00, 0x00, 0x00, 0x00, 0x10, 0x00, 0x00, 0x00, 0x00, 0x00,
  0x04, 0x00, 0x40, 0x80, 0x08, 0x00, 0x00, 0x40, 0x04, 0x08, 0x00, 0x00, 0x52, 0xA5, 0xA6, 0xBB,
  0x4A, 0x49, 0xB2, 0x02, 0x70, 0x0D, 0x00, 0x52, 0x81, 0x96, 0xAA, 0x40, 0x00, 0x00, 0x20, 0x82,
  0x49, 0x55, 0x09, 0x80, 0x00, 0xA0, 0x02, 0x00, 0x22, 0x2C, 0x49, 0x4A, 0x21, 0xA2, 0x50, 0x54,
  0x49, 0x55, 0x00, 0x04, 0x20, 0x45, 0x00, 0x00, 0x20, 0x00, 0x00, 0x82, 0x00, 0x81, 0x00, 0x22,
  0x00, 0x10, 0x00, 0x00, 0x00, 0x00, 0x20, 0x00, 0x80, 0x00, 0x10, 0x00, 0x48, 0x00, 0x00, 0x00,
  0x01, 0x00, 0x00, 0x08, 0x00, 0x01, 0x20, 0x00, 0x00, 0x00, 0x90, 0x08, 0x08, 0x00, 0x00, 0x00,
  0x00, 0x00, 0x00, 0x00, 0x24, 0x01, 0x00, 0x00, 0x40, 0x00, 0x00, 0x00, 0x00, 0x00, 0x00, 0x00,
  0x00, 0x40, 0x00, 0x04, 0x01, 0x00, 0x08, 0x00, 0x80, 0x00, 0x00, 0x10, 0x00, 0x08, 0x00, 0x01,
  0x00, 0x00, 0x12, 0x00, 0x56, 0x95, 0xAC, 0x96, 0xAA, 0xAA, 0x44, 0x25, 0xA9, 0x5A, 0xA9, 0x14,
  0xA8, 0x21, 0x55, 0x01, 0x00, 0x21, 0x22, 0xC0, 0x95, 0xAA, 0x16, 0x10, 0x08, 0xE0, 0x45, 0x00,
  0x00, 0xAA, 0xAA, 0x6A, 0x8A, 0x08, 0x05, 0x55, 0x11, 0x00, 0x55, 0xA9, 0x8A, 0x90, 0x04, 0x00,
  0x00, 0x80, 0x00, 0x00, 0x48, 0x00, 0x00, 0x00, 0x00, 0x04, 0x01, 0x40, 0x20, 0x20, 0x00, 0x10,
  0x20, 0x08, 0x00, 0x01, 0x00, 0x40, 0x08, 0x40, 0x00, 0x80, 0x10, 0x01, 0x00, 0x80, 0x04, 0x80,
  0x00, 0x48, 0x04, 0x00, 0x00, 0x00, 0x40, 0x00, 0x80, 0x10, 0x11, 0x00, 0x00, 0x10, 0x04, 0x00,
  0x02, 0x00, 0x01, 0x40, 0x40, 0x84, 0x08, 0x00, 0x08, 0x01, 0x04, 0x41, 0x20, 0x84, 0x00, 0x40,
  0x00, 0x48, 0x04, 0x00, 0x00, 0x02, 0x40, 0x00, 0x00, 0x80, 0x00, 0x11, 0x4A, 0x55, 0x55, 0xBD,
  0x2A, 0x95, 0xAA, 0x06, 0x58, 0x05, 0x00, 0x55, 0x2B, 0x54, 0x49, 0x11, 0x04, 0x00, 0x20, 0x82,
  0x21, 0x55, 0x15, 0x01, 0x00, 0xA0, 0x03, 0x84, 0x00, 0x4B, 0x12, 0x9B, 0x24, 0x52, 0xA9, 0xAA,
  0x4A, 0x55, 0x80, 0x00, 0x20, 0x24, 0x29, 0x10, 0x04, 0x20, 0x40, 0x20, 0x00, 0x00, 0x40, 0x00,
  0x04, 0x01, 0x20, 0x12, 0x04, 0x02, 0x00, 0x00, 0x08, 0x00, 0x00, 0x00, 0x02, 0x00, 0x00, 0x08,
  0x00, 0x11, 0x00, 0x00, 0x20, 0x10, 0x00, 0x22, 0x00, 0x01, 0x00, 0x00, 0x00, 0x40, 0x04, 0x04,
  0x09, 0x00, 0x00, 0x22, 0x00, 0x00, 0x80, 0x08, 0x00, 0x40, 0x00, 0x11, 0x00, 0x00, 0x80, 0x90,
  0x00, 0x00, 0x00, 0x00, 0x00, 0x20, 0x80, 0x04, 0x20, 0x00, 0x00, 0x00, 0x20, 0x00, 0x11, 0x10,
  0x81, 0x20, 0x00, 0x00, 0xAA, 0x2A, 0x95, 0x9B, 0x55, 0xA2, 0xAA, 0x04, 0xAC, 0x2A, 0x55, 0x92,
  0x40, 0x55, 0xD5, 0x00, 0x40, 0x00, 0x20, 0x80, 0xAD, 0xAA, 0x2A, 0x00, 0x40, 0xE4, 0x02, 0x00,
  0x80, 0x95, 0xA4, 0xB5, 0x92, 0xA4, 0x92, 0x55, 0x12, 0x02, 0x15, 0x55, 0x8A, 0x08, 0x80, 0x02,
  0x01, 0x04, 0x08, 0x08, 0x00, 0x10, 0x12, 0x00, 0x41, 0x00, 0x00, 0x00, 0x00, 0x00, 0x02, 0x01,
  0x00, 0x00, 0x02, 0x20, 0x00, 0x08, 0x00, 0x01, 0x10, 0x00, 0x04, 0x80, 0x08, 0x04, 0x00, 0x00,
  0x10, 0x00, 0x00, 0x00, 0x41, 0x04, 0x00, 0x40, 0x00, 0x00, 0x00, 0x00, 0x02, 0x80, 0x00, 0x80,
  0x20, 0x08, 0x20, 0x00, 0x10, 0x00, 0x00, 0x00, 0x40, 0x10, 0x00, 0x00, 0x08, 0x01, 0x00, 0x00,
  0x04, 0x00, 0x40, 0x04, 0x09, 0x00, 0x00, 0x00, 0x10, 0x08, 0x00, 0x00, 0xAA, 0xAA, 0x6A, 0xB6,
  0xA4, 0x4D, 0x29, 0x05, 0x76, 0x4D, 0x80, 0x24, 0x2A, 0xA9, 0xAA, 0x00, 0x00, 0x88, 0x20, 0xC2,
  0x49, 0xAA, 0x0A, 0x00, 0x01, 0x60, 0x21, 0x20, 0xE8, 0xA4, 0x6A, 0xAD, 0x24, 0x29, 0x65, 0x95,
  0xA4, 0xA8, 0x20, 0x80, 0x10, 0xA5, 0x2A, 0xA4, 0x80, 0x00, 0x00, 0x00, 0x02, 0x00, 0x00, 0x48,
  0x00, 0x80, 0x08, 0x00, 0x00, 0x80, 0x20, 0x00, 0x01, 0x40, 0x20, 0x08, 0x00, 0x01, 0x41, 0x00,
  0x04, 0x00, 0x00, 0x10, 0x00, 0x00, 0x00, 0x00, 0x00, 0x00, 0x00, 0x42, 0x10, 0x00, 0x00, 0x00,
  0x00, 0x22, 0x40, 0x00, 0x80, 0x08, 0x00, 0x00, 0x00, 0x02, 0x00, 0x00, 0x04, 0x20, 0x20, 0x04,
  0x00, 0x00, 0x21, 0x00, 0x00, 0x00, 0x04, 0x00, 0x01, 0x00, 0x10, 0x40, 0x00, 0x20, 0x00, 0x00,
  0x00, 0x00, 0x20, 0x40, 0x56, 0xAA, 0xD4, 0x9E, 0xAA, 0x90, 0xAA, 0x02, 0xAB, 0x22, 0x55, 0x8D,
  0x90, 0x04, 0x95, 0x80, 0x10, 0x00, 0x28, 0x90, 0x95, 0xAA, 0x2A, 0x48, 0x10, 0xE0, 0x00, 0x02,
  0x20, 0x2B, 0xD5, 0x56, 0x49, 0x52, 0xA8, 0xAA, 0x12, 0x02, 0x8A, 0x52, 0x4A, 0x00, 0x41, 0x11,
  0x0D, 0x00, 0x00, 0x02, 0x20, 0x82, 0x00, 0x00, 0x00, 0x20, 0x00, 0x00, 0x40, 0x08, 0x00, 0x10,
  0x00, 0x11, 0x00, 0x02, 0x20, 0x00, 0x10, 0x00, 0x00, 0x04, 0x40, 0x02, 0x00, 0x00, 0x88, 0x00,
  0x00, 0x40, 0x44, 0x00, 0x00, 0x00, 0x20, 0x01, 0x40, 0x00, 0x12, 0x08, 0x20, 0x00, 0x08, 0x02,
  0x00, 0x00, 0x08, 0x00, 0x00, 0x02, 0x02, 0x00, 0x04, 0x00, 0x00, 0x24, 0x02, 0x00, 0x20, 0x10,
  0x00, 0x12, 0x01, 0x00, 0x00, 0x01, 0x00, 0x04, 0x04, 0x00, 0x08, 0x12, 0x54, 0x55, 0xAB, 0xB5,
  0xA4, 0x2A, 0x52, 0x45, 0xAD, 0x05, 0x48, 0x22, 0x45, 0xD2, 0xE4, 0x10, 0x00, 0x00, 0x20, 0x82,
  0xA5, 0xAA, 0x26, 0x02, 0x00, 0x72, 0x01, 0x00, 0x72, 0x49, 0xA9, 0x15, 0x92, 0xAA, 0xB5, 0x2A,
  0x49, 0x59, 0x10, 0x84, 0xA4, 0xAA, 0x14, 0xAA, 0x0A, 0x80, 0x80, 0x00, 0x00, 0x00, 0x00, 0x02,
  0x00, 0x00, 0x80, 0x44, 0x12, 0x00, 0x00, 0x00, 0x40, 0x00, 0x00, 0x00, 0x02, 0x40, 0x00, 0x20,
  0x80, 0x40, 0x10, 0x00, 0x80, 0x80, 0x00, 0x08, 0x82, 0x08, 0x00, 0x00, 0x00, 0x20, 0x09, 0x10,
  0x10, 0x00, 0x00, 0x80, 0x08, 0x00, 0x82, 0x20, 0x04, 0x00, 0x02, 0x22, 0x00, 0x00, 0x00, 0x00,
  0x01, 0x04, 0x00, 0x01, 0x40, 0x88, 0x00, 0x02, 0x80, 0x00, 0x00, 0x10, 0x00, 0x00, 0x22, 0x40,
  0x00, 0x01, 0x02, 0x00, 0xA6, 0x54, 0x75, 0x9B, 0x5A, 0x44, 0x55, 0x02, 0x5B, 0x55, 0xA5, 0x2B,
  0x28, 0x91, 0x5A, 0x00, 0x04, 0x02, 0x20, 0x80, 0xA9, 0xAA, 0xAA, 0x00, 0x00, 0xA0, 0x10, 0x00,
  0x98, 0xAA, 0x6A, 0xAB, 0xAA, 0x2C, 0x55, 0x55, 0x15, 0x80, 0x44, 0xAA, 0x4A, 0x44, 0xA9, 0x44,
  0x01, 0x08, 0x24, 0x40, 0x08, 0x20, 0x40, 0x00, 0x88, 0x08, 0x00, 0x00, 0x00, 0x00, 0x10, 0x02,
  0x08, 0x00, 0x08, 0x80, 0x00, 0x00, 0x00, 0x08, 0x02, 0x00, 0x04, 0x00, 0x22, 0x08, 0x00, 0x80,
  0x20, 0x00, 0x00, 0x10, 0x04, 0x09, 0x00, 0x00, 0x02, 0x80, 0x00, 0x00, 0x00, 0x20, 0x00, 0x00,
  0x40, 0x40, 0x00, 0x00, 0x82, 0x00, 0x00, 0x41, 0x40, 0x40, 0x08, 0x00, 0x00, 0x00, 0x00, 0x00,
  0x20, 0x00, 0x00, 0x4B, 0xB7, 0x04, 0x00, 0x00, 0x40, 0x20, 0x00, 0x00, 0x54, 0xD5, 0x4A, 0xB7,
  0xB2, 0x29, 0xA9, 0xC2, 0xAA, 0x82, 0x48, 0x49, 0x11, 0xAA, 0x52, 0x00, 0x00, 0x20, 0x22, 0xC2,
  0x6B, 0x55, 0x45, 0x00, 0x80, 0xB0, 0x00, 0x91, 0xAC, 0xAA, 0xB6, 0x4A, 0x25, 0x55, 0xAD, 0x8A,
  0x80, 0x14, 0x02, 0x01, 0x10, 0x11, 0x02, 0x29, 0x40, 0x02, 0x00, 0x00, 0x00, 0x04, 0x08, 0x80,
  0x00, 0x00, 0x04, 0x00, 0x00, 0x42, 0x04, 0x40, 0x02, 0x00, 0x82, 0x00, 0x00, 0x11, 0x04, 0x00,
  0x00, 0x00, 0x00, 0x40, 0x00, 0x00, 0x00, 0x00, 0x00, 0x00, 0x00, 0x04, 0x4E, 0x00, 0x00, 0x00,
  0x00, 0x08, 0x00, 0x01, 0x00, 0x04, 0x00, 0x00, 0x00, 0x08, 0x80, 0x00, 0x00, 0x90, 0x48, 0x00,
  0x00, 0x00, 0x00, 0x00, 0x10, 0x00, 0x00, 0x80, 0x08, 0x00, 0xC4, 0x95, 0x08, 0x59, 0x00, 0x01,
  0x10, 0x00, 0x00, 0x00, 0xD4, 0xAA, 0xAD, 0x5E, 0x25, 0x52, 0x95, 0x42, 0x6B, 0x29, 0x52, 0x05,
  0xCA, 0xAA, 0x2A, 0x00, 0x41, 0x00, 0x20, 0x80, 0x95, 0x54, 0x2B, 0x00, 0x09, 0x20, 0x00, 0x00,
  0x56, 0x25, 0xF5, 0xAA, 0x48, 0xAB, 0x06, 0x22, 0x2A, 0x55, 0x29, 0x54, 0x45, 0x44, 0x54, 0x0A,
  0x00, 0x00, 0x00, 0x10, 0x80, 0x00, 0x00, 0x10, 0x00, 0x00, 0x41, 0x00, 0x00, 0x00, 0x00, 0x00,
  0x00, 0x44, 0x00, 0x10, 0x20, 0x00, 0x80, 0x00, 0x20, 0x08, 0x01, 0x08, 0x00, 0x00, 0x92, 0x00,
  0x00, 0x80, 0x24, 0x00, 0x1B, 0x00, 0x00, 0x42, 0x00, 0x02, 0x20, 0x10, 0x00, 0x01, 0x20, 0x80,
  0x10, 0x00, 0x00, 0x40, 0x20, 0x00, 0x00, 0x10, 0x00, 0x10, 0x00, 0x20, 0x01, 0x42, 0x24, 0x20,
  0x00, 0x40, 0x80, 0xAA, 0x52, 0xA2, 0x04, 0x10, 0x01, 0x08, 0x40, 0x42, 0xB4, 0xAA, 0xDA, 0x95,
  0x5A, 0xA5, 0xA4, 0x62, 0xAD, 0x82, 0xA4, 0xD0, 0x52, 0x55, 0x55, 0x48, 0x00, 0x00, 0x20, 0x82,
  0xA5, 0xAA, 0xD2, 0x10, 0x00, 0x50, 0x20, 0x00, 0xAB, 0x54, 0xAD, 0x56, 0xAB, 0x2A, 0x51, 0xC8,
  0x54, 0x00, 0x80, 0x10, 0x10, 0x91, 0x42, 0x41, 0x08, 0x80, 0x00, 0x04, 0x02, 0x00, 0x02, 0x04,
  0x20, 0x00, 0x00, 0x88, 0x20, 0x00, 0x00, 0x08, 0x00, 0x00, 0x00, 0x00, 0x08, 0x00, 0x00, 0x00,
  0x08, 0x02, 0x00, 0x01, 0x00, 0x42, 0x00, 0x08, 0x00, 0x04, 0x00, 0x00, 0x1B, 0x00, 0x10, 0x00,
  0x80, 0x00, 0x04, 0x00, 0x11, 0x00, 0x01, 0x24, 0x00, 0x02, 0x10, 0x08, 0x00, 0x00, 0x00, 0x00,
  0x08, 0x01, 0x22, 0x01, 0x00, 0x00, 0x00, 0x02, 0x00, 0x08, 0x80, 0x54, 0x95, 0x14, 0x29, 0x00,
  0x00, 0x00, 0x11, 0x00, 0x54, 0x55, 0x57, 0xBF, 0x24, 0x68, 0x2A, 0xA5, 0x5B, 0x29, 0x29, 0x24,
  0x55, 0xAA, 0x36, 0x00, 0x00, 0x84, 0x20, 0x90, 0xAB, 0xAA, 0xA6, 0x00, 0x00, 0x50, 0x04, 0x84,
  0xAB, 0xAA, 0x5B, 0x29, 0x4A, 0x40, 0xE4, 0x2B, 0x49, 0x55, 0x55, 0x42, 0x05, 0x24, 0x28, 0x10,
  0x00, 0x20, 0x08, 0x01, 0x20, 0x80, 0x00, 0x01, 0x04, 0x22, 0x00, 0x00, 0x08, 0x08, 0x41, 0x02,
  0x80, 0x00, 0x00, 0x02, 0x00, 0x80, 0x10, 0x88, 0x00, 0x00, 0x40, 0x00, 0x88, 0x00, 0x00, 0x40,
  0x44, 0x00, 0x00, 0xA1, 0x31, 0x40, 0x02, 0x10, 0x04, 0x40, 0x00, 0x00, 0x00, 0x00, 0x00, 0x00,
  0x00, 0x00, 0x01, 0x00, 0x04, 0x02, 0x00, 0x00, 0x00, 0x00, 0x00, 0x00, 0x80, 0x00, 0x00, 0x00,
  0x00, 0x02, 0x90, 0xA3, 0xAA, 0x68, 0x25, 0x01, 0x00, 0x02, 0x00, 0x10, 0x54, 0xAD, 0xAC, 0x9A,
  0x56, 0x25, 0x51, 0x51, 0xD7, 0x44, 0xA2, 0xAA, 0xAA, 0xAA, 0x15, 0x00, 0x10, 0x00, 0x20, 0x82,
  0xAA, 0xD4, 0x8A, 0x00, 0x80, 0x28, 0x00, 0xC0, 0x55, 0x55, 0xB5, 0xAA, 0x01, 0x3A, 0x09, 0x52,
  0x95, 0x00, 0x02, 0x09, 0xA8, 0x40, 0x15, 0x00, 0x80, 0x00, 0x00, 0x00, 0x00, 0x08, 0x40, 0x00,
  0x00, 0x00, 0x00, 0x01, 0x00, 0x02, 0x00, 0x00, 0x22, 0x00, 0x90, 0x80, 0x00, 0x12, 0x00, 0x00,
  0x00, 0x40, 0x10, 0x00, 0x01, 0x00, 0x00, 0x00, 0x00, 0x20, 0x00, 0x80, 0x20, 0x04, 0x80, 0x00,
  0x00, 0x00, 0x00, 0x04, 0x00, 0x20, 0x08, 0x01, 0x84, 0x40, 0x00, 0x01, 0x00, 0x20, 0x22, 0x82,
  0x00, 0x80, 0x00, 0x08, 0x08, 0x10, 0x00, 0x00, 0x22, 0x00, 0x02, 0x16, 0x95, 0x82, 0x4A, 0xAA,
  0x0A, 0x40, 0x00, 0x00, 0xAC, 0xAA, 0xFA, 0xB6, 0x2A, 0xAA, 0x54, 0xF2, 0x2A, 0x89, 0xB4, 0x2A,
  0xA9, 0xAA, 0x1A, 0x02, 0x00, 0x21, 0x28, 0x80, 0x57, 0xAD, 0xB2, 0x88, 0x08, 0x10, 0x00, 0xE1,
  0xAA, 0xEA, 0xAE, 0x4A, 0xA8, 0x65, 0xA2, 0x94, 0x52, 0x55, 0xA8, 0x50, 0x01, 0x15, 0x02, 0x02,
  0x02, 0x08, 0x40, 0x80, 0x00, 0x00, 0x00, 0x80, 0x00, 0x00, 0x24, 0x20, 0x02, 0x00, 0x10, 0x80,
  0x00, 0x48, 0x04, 0x20, 0x00, 0x00, 0x00, 0x01, 0x00, 0x00, 0x04, 0x20, 0x00, 0x20, 0x10, 0x01,
  0x00, 0x00, 0x04, 0xC0, 0x60, 0x00, 0x00, 0x00, 0x20, 0x00, 0x40, 0x40, 0x84, 0x08, 0x00, 0x00,
  0x00, 0x00, 0x40, 0x80, 0x40, 0x00, 0x00, 0x20, 0x20, 0x04, 0x00, 0x80, 0x00, 0x00, 0x91, 0x48,
  0x00, 0x80, 0x00, 0xA6, 0xB4, 0x2A, 0x89, 0x94, 0xD2, 0x00, 0x00, 0x00, 0xA9, 0x55, 0xAB, 0x5D,
  0xAB, 0x14, 0xAD, 0xAA, 0xDD, 0x52, 0x59, 0x45, 0x4A, 0x55, 0x1B, 0x00, 0x01, 0x00, 0x20, 0xC2,
  0x2A, 0xD5, 0x8A, 0x00, 0x00, 0x28, 0x40, 0x60, 0xD5, 0xBA, 0xAB, 0x00, 0x55, 0x95, 0x04, 0x28,
  0x2A, 0x0A, 0x01, 0x02, 0x2A, 0x40, 0x01, 0x00, 0x20, 0x00, 0x02, 0x00, 0x08, 0x01, 0x08, 0x20,
  0x20, 0x84, 0x00, 0x00, 0x00, 0x40, 0x00, 0x00, 0x00, 0x00, 0x00, 0x00, 0x88, 0x00, 0x44, 0x00,
  0x91, 0x08, 0x00, 0x08, 0x00, 0x08, 0x04, 0x10, 0x10, 0x02, 0x41, 0x48, 0x40, 0x00, 0x20, 0x84,
  0x00, 0x04, 0x09, 0x00, 0x00, 0x00, 0x00, 0x00, 0x01, 0x10, 0x08, 0x20, 0x00, 0x08, 0x00, 0x00,
  0x08, 0x00, 0x10, 0x01, 0x00, 0x04, 0x00, 0x00, 0x00, 0x00, 0x00, 0x58, 0x49, 0x6B, 0x32, 0x29,
  0xA5, 0x0B, 0x88, 0x04, 0xA8, 0xB6, 0xDA, 0x96, 0x55, 0xAD, 0x4A, 0x59, 0xAB, 0x24, 0xAD, 0xA8,
  0x52, 0xD5, 0x8A, 0x20, 0x00, 0x00, 0x22, 0x80, 0x57, 0xAA, 0xAA, 0x01, 0x00, 0x2C, 0x12, 0x70,
  0xB5, 0xED, 0x0D, 0x7C, 0x55, 0x55, 0x55, 0x41, 0x51, 0x51, 0x54, 0x54, 0x40, 0x52, 0x80, 0x40,
  0x00, 0x00, 0x00, 0x10, 0x00, 0x20, 0x02, 0x08, 0x08, 0x00, 0x00, 0x08, 0x40, 0x00, 0x04, 0x10,
  0x00, 0x00, 0x00, 0x00, 0x00, 0x00, 0x01, 0x10, 0x00, 0x00, 0x00, 0x00, 0x10, 0x01, 0x00, 0x00,
  0x01, 0x00, 0x00, 0x60, 0xC0, 0x90, 0x08, 0x00, 0x08, 0x20, 0x00, 0x00, 0x00, 0x00, 0x21, 0x48,
  0x20, 0x04, 0x00, 0x00, 0x10, 0x00, 0x11, 0x04, 0x00, 0x20, 0x04, 0x00, 0x20, 0x00, 0x00, 0x00,
  0x80, 0x08, 0x00, 0x28, 0x92, 0x96, 0x46, 0xAA, 0x08, 0x34, 0x00, 0x00, 0x58, 0xA5, 0xEA, 0xBF,
  0xAA, 0x46, 0x54, 0xED, 0x56, 0x49, 0x55, 0x05, 0x14, 0xB5, 0x0A, 0x00, 0x10, 0x08, 0x20, 0x82,
  0x9A, 0x76, 0x25, 0x01, 0x21, 0x09, 0x00, 0xB8, 0x6A, 0x7D, 0xA1, 0x57, 0xA5, 0x4A, 0x05, 0x04,
  0x8A, 0x82, 0x00, 0x81, 0x8A, 0x08, 0x20, 0x10, 0x00, 0x80, 0x20, 0x04, 0x00, 0x00, 0x00, 0x01,
  0x00, 0x01, 0x00, 0x02, 0x10, 0x04, 0x00, 0x01, 0x10, 0x01, 0x00, 0x04, 0x00, 0x10, 0x00, 0x00,
  0x00, 0x00, 0x01, 0x01, 0x04, 0x00, 0x00, 0x00, 0x00, 0x20, 0x00, 0x20, 0xC0, 0x00, 0x00, 0x00,
  0x00, 0x01, 0x00, 0x22, 0x10, 0x02, 0x00, 0x02, 0x00, 0x00, 0x00, 0x08, 0x00, 0x00, 0x00, 0x01,
  0x02, 0x01, 0x00, 0x10, 0x02, 0x80, 0x00, 0x00, 0x24, 0x00, 0x10, 0xB1, 0x4A, 0x78, 0xD9, 0x2A,
  0x52, 0xC5, 0x01, 0x40, 0x50, 0xD5, 0x5A, 0xDB, 0x4A, 0x95, 0x52, 0xB7, 0x55, 0xAA, 0x16, 0x50,
  0x69, 0x55, 0x0D, 0x08, 0x00, 0x01, 0x20, 0x90, 0xAD, 0xAA, 0x52, 0x21, 0x00, 0x14, 0x00, 0x58,
  0xDB, 0x0E, 0xDA, 0x75, 0xAA, 0x92, 0x58, 0x51, 0x24, 0x2C, 0x55, 0x14, 0x11, 0x02, 0x08, 0x00,
  0x08, 0x09, 0x00, 0x00, 0x21, 0x04, 0x40, 0x00, 0x02, 0x20, 0x88, 0x80, 0x04, 0x80, 0x00, 0x00,
  0x02, 0x10, 0x11, 0x81, 0x08, 0x02, 0x00, 0x00, 0x04, 0x40, 0x40, 0x00, 0x01, 0x00, 0x81, 0x04,
  0x80, 0x00, 0x00, 0x62, 0x44, 0x00, 0x00, 0x10, 0x02, 0x00, 0x80, 0x00, 0x02, 0x40, 0x00, 0x00,
  0x00, 0x00, 0x01, 0x01, 0x04, 0x42, 0x00, 0x80, 0x00, 0x00, 0x00, 0x02, 0x00, 0x21, 0x88, 0x24,
  0x00, 0x40, 0x04, 0xA0, 0x92, 0xA2, 0x2A, 0xA9, 0x44, 0x1A, 0x45, 0x00, 0x50, 0x35, 0xD7, 0x9E,
  0xAA, 0x22, 0x95, 0x5A, 0xDD, 0x42, 0xAA, 0x95, 0x4A, 0xD5, 0x06, 0x02, 0x02, 0x80, 0x20, 0x82,
  0xAD, 0x56, 0x25, 0x01, 0x08, 0x14, 0x01, 0xDC, 0x7A, 0xA0, 0x37, 0xAD, 0x50, 0x25, 0x23, 0x00,
  0x41, 0x51, 0x88, 0x42, 0x44, 0x00, 0x02, 0x00, 0x00, 0x00, 0x08, 0x00, 0x00, 0x00, 0x00, 0x00,
  0x00, 0x00, 0x02, 0x00, 0x00, 0x20, 0x40, 0x40, 0x00, 0x00, 0x00, 0x00, 0x80, 0x00, 0x10, 0x41,
  0x80, 0x08, 0x10, 0x40, 0x00, 0x40, 0x20, 0x40, 0x08, 0x08, 0x88, 0x20, 0x80, 0x00, 0x04, 0x01,
  0x00, 0x00, 0x04, 0x00, 0x80, 0x00, 0x08, 0x00, 0x80, 0x00, 0x10, 0x00, 0x01, 0x00, 0x00, 0x00,
  0x00, 0x10, 0x41, 0x80, 0x40, 0x00, 0x00, 0x00, 0x00, 0x00, 0x00, 0xC0, 0xAA, 0xAA, 0x55, 0xA5,
  0x92, 0xA4, 0x1A, 0x08, 0xB0, 0xCA, 0x5A, 0xBF, 0xAA, 0x54, 0x2A, 0xF7, 0xAB, 0xAA, 0x4A, 0x2A,
  0x55, 0x95, 0x82, 0x00, 0x00, 0x00, 0x20, 0xC0, 0xAD, 0x5A, 0x49, 0x01, 0x00, 0x0A, 0x80, 0xAE,
  0x0D, 0xBD, 0xAA, 0xAA, 0x8B, 0x54, 0x94, 0x4A, 0x14, 0x85, 0x52, 0x94, 0x90, 0x22, 0x00, 0x04,
  0x01, 0x00, 0x00, 0x01, 0x08, 0x41, 0x04, 0x20, 0x40, 0x08, 0x00, 0x00, 0x00, 0x02, 0x10, 0x08,
  0x00, 0x00, 0x00, 0x20, 0x00, 0x80, 0x00, 0x10, 0x20, 0x00, 0x00, 0x10, 0x80, 0x08, 0x00, 0x00,
  0x00, 0x00, 0x02, 0x20, 0xC0, 0x24, 0x01, 0x80, 0x20, 0x88, 0x00, 0x00, 0x00, 0x10, 0x80, 0x00,
  0x12, 0x08, 0x00, 0x00, 0x80, 0x00, 0x24, 0x10, 0x20, 0x04, 0x10, 0x00, 0x10, 0x00, 0x00, 0x00,
  0x01, 0x02, 0x00, 0x80, 0xAA, 0x2A, 0x56, 0x55, 0xA9, 0x52, 0x25, 0x02, 0xA1, 0xAA, 0xED, 0x9A,
  0x55, 0x41, 0xC9, 0xAD, 0x76, 0xA1, 0x55, 0xA5, 0xAA, 0x6A, 0x01, 0x80, 0x20, 0x10, 0x28, 0x82,
  0x55, 0xB5, 0xAA, 0x02, 0x41, 0x0A, 0x08, 0x76, 0xA3, 0x6B, 0x55, 0x55, 0x25, 0x85, 0x22, 0x00,
  0x40, 0x50, 0x25, 0x21, 0x25, 0x00, 0x00, 0x00, 0x40, 0x40, 0x02, 0x20, 0x00, 0x00, 0x00, 0x04,
  0x10, 0x00, 0x00, 0x10, 0x80, 0x00, 0x00, 0x00, 0x20, 0x02, 0x04, 0x00, 0x10, 0x20, 0x00, 0x00,
  0x00, 0x00, 0x00, 0x00, 0x00, 0x00, 0x00, 0x00, 0x00, 0x00, 0x00, 0x70, 0x92, 0x00, 0x40, 0x00,
  0x00, 0x02, 0x40, 0x90, 0x10, 0x00, 0x00, 0x10, 0x00, 0x80, 0x00, 0x20, 0x00, 0x10, 0x00, 0x02,
  0x00, 0x00, 0x00, 0x20, 0x00, 0x08, 0x20, 0x00, 0x20, 0x10, 0x40, 0x04, 0x11, 0xD4, 0x59, 0x55,
  0x85, 0x28, 0xE9, 0x00, 0x60, 0xB5, 0x5A, 0x5F, 0xB5, 0x9A, 0x92, 0xDF, 0x6D, 0xA4, 0x2A, 0x48,
  0x55, 0x92, 0x01, 0x00, 0x00, 0x02, 0x20, 0x80, 0x55, 0xAD, 0x4A, 0x21, 0x00, 0x06, 0x02, 0xAF,
  0xF8, 0xB7, 0xA9, 0x4A, 0x4D, 0x2A, 0x89, 0xAA, 0x12, 0x02, 0xA8, 0x94, 0x08, 0x00, 0x80, 0x40,
  0x10, 0x08, 0x00, 0x00, 0x02, 0x10, 0x40, 0x00, 0x01, 0x80, 0x20, 0x02, 0x21, 0x00, 0x02, 0x00,
  0x04, 0x20, 0x41, 0x04, 0x02, 0x00, 0x08, 0x04, 0x02, 0x00, 0x02, 0x04, 0x10, 0x00, 0x08, 0x10,
  0x42, 0x04, 0x00, 0x20, 0xC0, 0x00, 0x00, 0x08, 0x00, 0x00, 0x00, 0x00, 0x00, 0x00, 0x02, 0x00,
  0x00, 0x00, 0x88, 0x04, 0x20, 0x00, 0x01, 0x00, 0x04, 0x00, 0x00, 0x04, 0x00, 0x00, 0x09, 0x04,
  0x08, 0x00, 0x11, 0x00, 0xA7, 0x22, 0xE2, 0x56, 0x55, 0xAA, 0x8A, 0x00, 0xA0, 0xAA, 0xEB, 0xDB,
  0x9A, 0xA4, 0xD4, 0x6A, 0x5B, 0xD2, 0x92, 0x12, 0x54, 0x55, 0x01, 0x20, 0x00, 0x00, 0x21, 0xC2,
  0x55, 0x55, 0x95, 0x02, 0x00, 0x45, 0x80, 0x8B, 0xFE, 0xDA, 0x56, 0xA9, 0x2A, 0x51, 0x24, 0x00,
  0x80, 0xA8, 0x52, 0x22, 0x11, 0x40, 0x04, 0x10, 0x00, 0x00, 0x40, 0x08, 0x00, 0x00, 0x10, 0x00,
  0x00, 0x00, 0x08, 0x00, 0x00, 0x20, 0x00, 0x42, 0x00, 0x00, 0x00, 0x00, 0x00, 0x02, 0x80, 0x00,
  0x00, 0x84, 0x40, 0x00, 0x04, 0x00, 0x02, 0x02, 0x00, 0xC0, 0x81, 0x64, 0xC0, 0x10, 0x28, 0x00,
  0x42, 0x00, 0x10, 0x04, 0x00, 0x81, 0x20, 0x04, 0x01, 0x21, 0x00, 0x00, 0x08, 0x00, 0x00, 0x00,
  0x01, 0x41, 0x02, 0x01, 0x04, 0x00, 0x00, 0x40, 0x00, 0x00, 0x00, 0x00, 0x2C, 0x89, 0x88, 0xAB,
  0x4B, 0x55, 0x76, 0x47, 0x44, 0x55, 0xDD, 0x9E, 0x2E, 0x49, 0xD5, 0xDF, 0x06, 0x68, 0x09, 0x49,
  0x91, 0xAA, 0x20, 0x02, 0x08, 0x00, 0x20, 0x90, 0xB5, 0x55, 0xA9, 0x02, 0x88, 0x02, 0xC0, 0xE5,
  0xD7, 0x77, 0x55, 0x95, 0x54, 0x94, 0x82, 0xAA, 0x2A, 0x02, 0x04, 0x44, 0x0C, 0x09, 0x00, 0x00,
  0x00, 0x02, 0x10, 0x00, 0x20, 0x01, 0x01, 0x20, 0x00, 0x09, 0x00, 0x00, 0x08, 0x00, 0x40, 0x00,
  0x00, 0x04, 0x00, 0x40, 0x80, 0x00, 0x02, 0x00, 0x20, 0x00, 0x00, 0x00, 0x01, 0x11, 0x80, 0x00,
  0x00, 0x80, 0x3F, 0x40, 0x60, 0x80, 0x1F, 0x40, 0x00, 0x40, 0x04, 0x00, 0x42, 0x08, 0x00, 0x00,
  0x20, 0x00, 0x00, 0x00, 0x01, 0x04, 0x20, 0x40, 0x00, 0x10, 0x20, 0x00, 0x80, 0x20, 0x00, 0x00,
  0x00, 0x02, 0x00, 0x00, 0x54, 0x2A, 0x35, 0xAE, 0xAA, 0xA0, 0x54, 0x09, 0xC0, 0xBA, 0xBB, 0xBB,
  0xA5, 0x52, 0x52, 0xFB, 0xA5, 0xB2, 0x24, 0x40, 0x6A, 0x65, 0x00, 0x00, 0x80, 0x20, 0x20, 0x82,
  0x6D, 0xD5, 0x52, 0x03, 0x01, 0x05, 0xA0, 0xF8, 0xAD, 0xAE, 0xAD, 0x2A, 0x55, 0xA0, 0x14, 0x00,
  0x00, 0xA8, 0x52, 0x09, 0x02, 0x00, 0x20, 0x02, 0x04, 0x00, 0x01, 0x80, 0x00, 0x40, 0x00, 0x02,
  0x44, 0x00, 0x02, 0x20, 0x02, 0x04, 0x08, 0x00, 0x40, 0x00, 0x20, 0x02, 0x10, 0x20, 0x00, 0x40,
  0x08, 0x00, 0x10, 0x40, 0x00, 0x00, 0x00, 0x80, 0x10, 0x01, 0xF9, 0xC1, 0x20, 0xF0, 0x32, 0x02,
  0x00, 0x10, 0x00, 0x80, 0x00, 0x00, 0x00, 0x41, 0x00, 0x08, 0x04, 0x40, 0x00, 0x40, 0x08, 0x12,
  0x40, 0x00, 0x00, 0x80, 0x00, 0x04, 0x80, 0x10, 0x00, 0x20, 0x04, 0x11, 0xA8, 0x52, 0xA2, 0x5D,
  0x57, 0xAD, 0xA9, 0x16, 0x80, 0x57, 0xD5, 0x9F, 0x96, 0x94, 0xC4, 0x57, 0x13, 0x34, 0x41, 0x95,
  0x92, 0x2A, 0x00, 0x00, 0x01, 0x08, 0x20, 0x80, 0xAA, 0xB5, 0xAA, 0x42, 0x80, 0x22, 0x52, 0x7F,
  0x77, 0x79, 0x2B, 0xA5, 0x48, 0x45, 0x49, 0x55, 0x4A, 0x01, 0x24, 0x55, 0x45, 0x00, 0x08, 0x00,
  0x81, 0x40, 0x00, 0x02, 0x08, 0x08, 0x00, 0x00, 0x00, 0x40, 0x00, 0x09, 0x00, 0x80, 0x00, 0x10,
  0x11, 0x40, 0x04, 0x00, 0x04, 0x00, 0x40, 0x10, 0x00, 0x10, 0x00, 0x02, 0x00, 0x80, 0x00, 0x00,
  0x00, 0x90, 0x81, 0x83, 0x31, 0x5C, 0x18, 0x00, 0x10, 0x02, 0x00, 0x21, 0x00, 0x00, 0x08, 0x00,
  0x08, 0x00, 0x41, 0x02, 0x00, 0x01, 0x00, 0x00, 0x00, 0x00, 0x00, 0x00, 0x20, 0x00, 0x04, 0x04,
  0x42, 0x00, 0x00, 0x80, 0xD0, 0x96, 0x54, 0xB1, 0xAE, 0x52, 0xAA, 0x55, 0x80, 0xEA, 0x76, 0xB5,
  0x29, 0xA9, 0xEA, 0xB6, 0xA1, 0x5A, 0x14, 0x20, 0x55, 0x15, 0x08, 0x08, 0x00, 0x00, 0x24, 0x82,
  0xE9, 0xAC, 0x95, 0x03, 0x80, 0x02, 0xC8, 0xEF, 0xDE, 0xC6, 0x6A, 0x29, 0x93, 0x12, 0x12, 0x80,
  0x00, 0xAA, 0x90, 0xA0, 0x01, 0x40, 0x02, 0x40, 0x00, 0x00, 0x00, 0x20, 0x00, 0x00, 0x88, 0x00,
  0x01, 0x00, 0x40, 0x00, 0x80, 0x00, 0x00, 0x04, 0x00, 0x08, 0x00, 0x10, 0x01, 0x00, 0x10, 0x00,
  0x00, 0x01, 0x01, 0x00, 0x40, 0x20, 0x10, 0x10, 0x00, 0x00, 0x01, 0x06, 0x19, 0x0A, 0x10, 0x10,
  0x04, 0x00, 0x00, 0x00, 0x10, 0x20, 0x02, 0x00, 0x00, 0x00, 0x00, 0x00, 0x40, 0x00, 0x02, 0x00,
  0x10, 0x04, 0x02, 0x04, 0x08, 0x00, 0x01, 0x00, 0x00, 0x00, 0x41, 0x00, 0x30, 0x55, 0x55, 0xCF,
  0x5A, 0xA5, 0x55, 0x4D, 0x84, 0x5D, 0xDB, 0x9D, 0xA5, 0x4A, 0xE2, 0xED, 0x54, 0x5A, 0x81, 0x92,
  0xA4, 0x1A, 0x81, 0x00, 0x10, 0x00, 0x20, 0xC0, 0xCB, 0x6A, 0xD5, 0x02, 0x40, 0x01, 0xFA, 0x5F,
  0xB5, 0x5D, 0x95, 0x4A, 0x24, 0x04, 0x60, 0x15, 0xAA, 0x40, 0x22, 0x75, 0x00, 0x10, 0x00, 0x10,
  0x00, 0x10, 0x88, 0x00, 0x00, 0x01, 0x00, 0x10, 0x00, 0x00, 0x00, 0x00, 0x00, 0x20, 0x00, 0x01,
  0x00, 0x02, 0x00, 0x00, 0x00, 0x42, 0x04, 0x04, 0x02, 0x00, 0x80, 0x10, 0x10, 0x04, 0x00, 0x02,
  0x44, 0x80, 0x01, 0x1C, 0x0F, 0x07, 0x18, 0x00, 0x01, 0x00, 0x08, 0x00, 0x00, 0x01, 0x00, 0x08,
  0x02, 0x01, 0x00, 0x20, 0x08, 0x20, 0x00, 0x00, 0x00, 0x80, 0x20, 0x41, 0x00, 0x40, 0x40, 0x00,
  0x10, 0x04, 0x00, 0x00, 0xA0, 0x50, 0xD5, 0xBA, 0xAF, 0x54, 0x6A, 0xAB, 0x01, 0xAB, 0xB6, 0xBF,
  0xAA, 0x94, 0xB4, 0xBF, 0x88, 0x2E, 0x14, 0x40, 0xAA, 0x04, 0x00, 0x40, 0x04, 0x81, 0x20, 0x92,
  0xD6, 0xAA, 0x55, 0x01, 0x48, 0x81, 0xBC, 0xFA, 0x6B, 0x55, 0xAB, 0x52, 0x95, 0xAA, 0x84, 0x52,
  0x00, 0x2A, 0x09, 0x1A, 0x00, 0x04, 0x00, 0x02, 0x20, 0x00, 0x00, 0x00, 0x44, 0x80, 0x00, 0x00,
  0x20, 0x12, 0x02, 0x80, 0x08, 0x08, 0x24, 0x00, 0x02, 0x00, 0x40, 0x02, 0x80, 0x10, 0x00, 0x00,
  0x20, 0x40, 0x10, 0x00, 0x01, 0x00, 0x84, 0x00, 0x01, 0x04, 0x03, 0x18, 0x04, 0x01, 0x18, 0x02,
  0x80, 0x80, 0x80, 0x08, 0x02, 0x08, 0x40, 0x82, 0x40, 0x10, 0x08, 0x08, 0x00, 0x08, 0x40, 0x82,
  0x04, 0x20, 0x00, 0x00, 0x00, 0x12, 0x00, 0x80, 0x00, 0x40, 0x00, 0x04, 0x40, 0x05, 0x20, 0x25,
  0x7D, 0x15, 0xD5, 0x6E, 0x01, 0x6A, 0xDB, 0x56, 0x6A, 0xA5, 0xFA, 0xB6, 0x52, 0x2D, 0x41, 0x2A,
  0x29, 0x03, 0x00, 0x00, 0x00, 0x10, 0x20, 0x80, 0xAD, 0xDA, 0xCA, 0x21, 0xC2, 0x41, 0x07, 0xE0,
  0x55, 0xAB, 0x55, 0x4C, 0xA5, 0x10, 0x11, 0xA4, 0xAA, 0x84, 0xA4, 0x06, 0x40, 0x00, 0x80, 0x00,
  0x00, 0x02, 0x02, 0x08, 0x01, 0x10, 0x20, 0x00, 0x08, 0x00, 0x00, 0x00, 0x00, 0x00, 0x00, 0x00,
  0x00, 0x00, 0x01, 0x00, 0x00, 0x00, 0x00, 0x00, 0x00, 0x10, 0x00, 0x00, 0x00, 0x00, 0x00, 0x00,
  0x00, 0x00, 0x21, 0x30, 0xC4, 0x81, 0x0C, 0x00, 0x00, 0x20, 0x00, 0x00, 0x00, 0x00, 0x00, 0x00,
  0x00, 0x00, 0x01, 0x00, 0x00, 0x00, 0x00, 0x00, 0x00, 0x00, 0x00, 0x00, 0x00, 0x00, 0x00, 0x08,
  0x00, 0x00, 0x08, 0x20, 0x41, 0x55, 0x15, 0x90, 0x5E, 0x65, 0xB5, 0x5A, 0x23, 0x56, 0xF7, 0x9D,
  0x55, 0x55, 0xF9, 0x5F, 0x54, 0x97, 0x04, 0x40, 0x4A, 0x81, 0x10, 0x02, 0x00, 0x00, 0x20, 0x82,
  0xEA, 0xB5, 0xAA, 0x09, 0xA0, 0x50, 0x01, 0x00, 0xAF, 0x5A, 0x2D, 0x19, 0x12, 0xA5, 0x48, 0x89,
  0x04, 0x29, 0x49, 0x01, 0x10, 0x00, 0x10, 0x00, 0x04, 0x00, 0x00, 0x02, 0x00, 0x00, 0x08, 0x84,
  0x80, 0x20, 0xA9, 0x2A, 0x51, 0x41, 0x42, 0x52, 0xA9, 0x52, 0x14, 0xA4, 0x2A, 0x84, 0xA4, 0x52,
  0x45, 0x02, 0x25, 0x55, 0x4A, 0x55, 0x11, 0x44, 0x00, 0x00, 0x03, 0x20, 0x86, 0x10, 0x08, 0x40,
  0x20, 0x0A, 0x29, 0xA2, 0xA8, 0xA2, 0x2A, 0x10, 0x14, 0x52, 0x50, 0x45, 0xA5, 0x42, 0x15, 0x29,
  0x90, 0x0A, 0x29, 0xA9, 0xAA, 0x80, 0x24, 0x02, 0x08, 0x11, 0x80, 0x00, 0x90, 0x24, 0x52, 0xA5,
  0xD8, 0x5A, 0xAD, 0xAA, 0x07, 0x5E, 0xAD, 0xBF, 0xBA, 0x2A, 0xB9, 0x47, 0x25, 0x4B, 0x28, 0x55,
  0x49, 0x20, 0x00, 0x10, 0x40, 0x00, 0x24, 0x80, 0xD5, 0xEC, 0x5A, 0x01, 0xE0, 0xD0, 0x00, 0x00,
  0x7E, 0xB5, 0x5A, 0xE2, 0x24, 0x08, 0x02, 0x20, 0x52, 0x52, 0xD2, 0x00, 0x04, 0x80, 0x00, 0x80,
  0x00, 0x20, 0x40, 0x00, 0x00, 0x04, 0x00, 0x00, 0x60, 0xDF, 0xB6, 0xED, 0xAE, 0xBF, 0xBD, 0x6D,
  0xB7, 0xAD, 0xFB, 0xBB, 0xED, 0x7B, 0x5B, 0x6D, 0xBB, 0xFF, 0xDA, 0xB6, 0xBB, 0xD5, 0xEE, 0x1B,
  0x10, 0x21, 0x06, 0x60, 0xC4, 0x00, 0x0C, 0x10, 0xC8, 0xF5, 0xD6, 0xDD, 0xB7, 0xDD, 0xD6, 0xEF,
  0xEB, 0xAD, 0x6F, 0xBB, 0x5A, 0xBD, 0xEA, 0xF6, 0xEF, 0xF6, 0xD6, 0x56, 0x5B, 0x7F, 0x0B, 0x00,
  0x02, 0x00, 0x00, 0x00, 0x00, 0x55, 0x25, 0xA9, 0xE6, 0x56, 0x65, 0x7B, 0x0D, 0xA8, 0x7A, 0x9D,
  0x4A, 0xAD, 0xFC, 0x57, 0x4A, 0x13, 0x82, 0x24, 0x55, 0x00, 0x80, 0x00, 0x11, 0x04, 0x21, 0xC2,
  0xB5, 0xB5, 0xB6, 0x01, 0x54, 0x2C, 0x00, 0x02, 0x78, 0xAB, 0x65, 0x49, 0x49, 0xA5, 0x54, 0x85,
  0xA4, 0x80, 0x1C, 0x00, 0x01, 0x04, 0x00, 0x10, 0x40, 0x08, 0x10, 0x40, 0x10, 0x01, 0x01, 0x20,
  0x00, 0x00, 0x00, 0x00, 0x00, 0x00, 0x00, 0x00, 0x00, 0x00, 0x00, 0x00, 0x00, 0x00, 0x00, 0x00,
  0x00, 0x00, 0x00, 0x00, 0x00, 0x00, 0x00, 0x00, 0x00, 0x00, 0x06, 0x41, 0x66, 0x00, 0x86, 0x00,
  0x00, 0x00, 0x00, 0x00, 0x00, 0x00, 0x00, 0x00, 0x00, 0x00, 0x00, 0x00, 0x00, 0x00, 0x00, 0x00,
  0x00, 0x00, 0x00, 0x00, 0x00, 0x00, 0x00, 0x80, 0x00, 0x00, 0x21, 0x00, 0x00, 0xA9, 0xAA, 0xAA,
  0xDD, 0x55, 0xAB, 0xD6, 0x36, 0xD8, 0xD5, 0x9B, 0xAE, 0x52, 0xBC, 0xA3, 0xD4, 0x85, 0x28, 0xA8,
  0x28, 0x08, 0x04, 0x00, 0x00, 0x40, 0x20, 0x90, 0x6A, 0xDD, 0x2A, 0x81, 0x70, 0x1A, 0x80, 0x20,
  0xE0, 0x55, 0xAD, 0x54, 0x13, 0x01, 0x01, 0x28, 0x12, 0xAA, 0x06, 0x20, 0x00, 0x00, 0x04, 0x02,
  0x00, 0x00, 0x02, 0x00, 0x04, 0x00, 0x80, 0x00, 0x04, 0x00, 0x00, 0x00, 0x00, 0x00, 0x00, 0x00,
  0x00, 0x00, 0x00, 0x00, 0x00, 0x00, 0x00, 0x00, 0x00, 0x00, 0x00, 0x00, 0x00, 0x00, 0x00, 0x00,
  0x00, 0x08, 0x0C, 0xE0, 0x44, 0x40, 0x06, 0x00, 0x00, 0x00, 0x00, 0x00, 0x00, 0x00, 0x00, 0x00,
  0x00, 0x00, 0x00, 0x00, 0x00, 0x00, 0x00, 0x00, 0x00, 0x00, 0x00, 0x00, 0x00, 0x00, 0x00, 0x20,
  0x80, 0x00, 0x00, 0x24, 0x02, 0xA5, 0x2A, 0x55, 0x2B, 0x7B, 0xD5, 0xAA, 0x2D, 0x58, 0x77, 0xBF,
  0x55, 0x55, 0xEE, 0xA9, 0x92, 0x52, 0x80, 0x52, 0x05, 0x00, 0x00, 0x00, 0x00, 0x00, 0x20, 0x82,
  0xDD, 0x77, 0xD5, 0x01, 0x70, 0x07, 0x20, 0x00, 0x80, 0x57, 0x55, 0xA1, 0xA6, 0x54, 0xAA, 0x82,
  0x44, 0x51, 0x01, 0x08, 0x80, 0x20, 0x40, 0x00, 0x08, 0x02, 0x00, 0x08, 0x00, 0x40, 0x10, 0x04,
  0x00, 0x00, 0x00, 0x00, 0x00, 0x00, 0x00, 0x00, 0x00, 0x00, 0x00, 0x00, 0x00, 0x00, 0x00, 0x00,
  0x00, 0x00, 0x00, 0x00, 0x00, 0x00, 0x00, 0x00, 0x42, 0x00, 0x0C, 0x48, 0x64, 0x08, 0x03, 0x04,
  0x01, 0x00, 0x00, 0x00, 0x00, 0x00, 0x00, 0x00, 0x00, 0x00, 0x00, 0x00, 0x00, 0x00, 0x00, 0x00,
  0x00, 0x00, 0x00, 0x00, 0x00, 0x00, 0x40, 0x04, 0x00, 0x08, 0x00, 0x00, 0x20, 0x4A, 0xD5, 0x6A,
  0xD5, 0xD6, 0x6A, 0x5D, 0x5B, 0x60, 0xCD, 0xB5, 0xD6, 0x2A, 0xFF, 0xA1, 0xD4, 0x0A, 0x55, 0x2A,
  0x01, 0x00, 0x40, 0x24, 0x02, 0x01, 0x20, 0x80, 0x6A, 0x5D, 0x5B, 0x21, 0xB8, 0x02, 0x08, 0x00,
  0x00, 0x5E, 0x95, 0x16, 0x0C, 0x20, 0x24, 0x11, 0x29, 0x54, 0x00, 0x02, 0x00, 0x00, 0x00, 0x00,
  0x02, 0x80, 0x00, 0x02, 0x00, 0x00, 0x00, 0x00, 0x00, 0x00, 0x00, 0x00, 0x00, 0x00, 0x00, 0x00,
  0x00, 0x40, 0x00, 0x00, 0x00, 0x00, 0x84, 0x00, 0x00, 0x00, 0x00, 0x00, 0x00, 0x00, 0x00, 0x80,
  0x00, 0x80, 0x18, 0xC1, 0x66, 0x80, 0x01, 0x01, 0x00, 0x00, 0x00, 0x00, 0x00, 0x00, 0x00, 0x00,
  0x00, 0x00, 0x00, 0x00, 0x42, 0x00, 0x00, 0x00, 0x00, 0x00, 0x00, 0x20, 0x00, 0x00, 0x08, 0x00,
  0x20, 0x40, 0x04, 0x01, 0x00, 0x12, 0x22, 0x55, 0xB5, 0xBD, 0xAD, 0xF5, 0xF6, 0x60, 0xBB, 0x9F,
  0xAB, 0xAA, 0xFF, 0x34, 0xD5, 0x21, 0x80, 0x44, 0x01, 0x41, 0x10, 0x00, 0x20, 0x10, 0x20, 0xC2,
  0xF5, 0x7D, 0xAD, 0x00, 0x78, 0x43, 0x00, 0x08, 0x01, 0x78, 0xA9, 0x4A, 0xB9, 0x4A, 0x49, 0x24,
  0x40, 0x17, 0x40, 0x00, 0x08, 0x08, 0x02, 0x40, 0x00, 0x00, 0x40, 0x80, 0x40, 0x04, 0x00, 0x80,
  0x80, 0x10, 0x11, 0x11, 0x91, 0x08, 0x21, 0x44, 0x88, 0x08, 0x08, 0x11, 0x11, 0x11, 0x01, 0x88,
  0x88, 0x08, 0x91, 0x88, 0x10, 0x22, 0x22, 0x22, 0x00, 0x02, 0x70, 0x40, 0x24, 0xE0, 0x40, 0x40,
  0x48, 0x24, 0x22, 0x22, 0x44, 0x44, 0x24, 0x22, 0x44, 0x44, 0x44, 0x10, 0x00, 0x44, 0x44, 0x10,
  0x11, 0x42, 0x88, 0x08, 0x22, 0x11, 0x01, 0x00, 0x08, 0x00, 0x40, 0x00, 0x04, 0x6C, 0x49, 0x14,
  0x54, 0x73, 0xD5, 0xAE, 0xAD, 0xC0, 0xB6, 0xBE, 0x6D, 0xD5, 0x5B, 0x62, 0x75, 0x95, 0x2A, 0x3A,
  0x10, 0x10, 0x04, 0x00, 0x00, 0x00, 0x22, 0x80, 0xAD, 0xB6, 0xDB, 0x00, 0xAC, 0x01, 0x00, 0x00,
  0x10, 0xE0, 0xAB, 0x2A, 0x45, 0x09, 0x92, 0x6A, 0xF7, 0x00, 0x10, 0x00, 0x02, 0x02, 0x00, 0x04,
  0x40, 0x10, 0x08, 0x00, 0x08, 0x00, 0x81, 0x20, 0x08, 0x00, 0x00, 0x00, 0x00, 0x00, 0x00, 0x00,
  0x00, 0x00, 0x00, 0x00, 0x00, 0x00, 0x00, 0x00, 0x00, 0x00, 0x00, 0x00, 0x00, 0x00, 0x00, 0x00,
  0x10, 0x20, 0xE0, 0xC9, 0x64, 0x3A, 0x00, 0x00, 0x00, 0x00, 0x00, 0x00, 0x00, 0x00, 0x00, 0x00,
  0x00, 0x00, 0x00, 0x04, 0x10, 0x00, 0x00, 0x04, 0x00, 0x00, 0x00, 0x00, 0x00, 0x00, 0x00, 0x00,
  0x01, 0x04, 0x00, 0x40, 0x00, 0x94, 0x92, 0xA2, 0xA9, 0xE6, 0xED, 0x75, 0xDB, 0x81, 0x6A, 0xB7,
  0xB5, 0xAA, 0x7F, 0x54, 0x6D, 0x49, 0x80, 0x04, 0x00, 0x00, 0x00, 0x80, 0x00, 0x00, 0x20, 0x82,
  0xB6, 0x6E, 0xB6, 0x88, 0xFC, 0x00, 0x02, 0x02, 0x00, 0x01, 0x2F, 0x55, 0x52, 0x52, 0x21, 0x08,
  0x08, 0x00, 0x00, 0x80, 0x80, 0x00, 0x90, 0x00, 0x00, 0x04, 0x00, 0x00, 0x00, 0x20, 0x08, 0x08,
  0x00, 0x00, 0x00, 0x00, 0x00, 0x00, 0x00, 0x00, 0x00, 0x00, 0x02, 0x00, 0x00, 0x00, 0x20, 0x02,
  0x00, 0x00, 0x00, 0x00, 0x04, 0x00, 0x00, 0x00, 0x00, 0x00, 0x80, 0x7F, 0xC6, 0x2F, 0x08, 0x00,
  0x00, 0x00, 0x00, 0x00, 0x01, 0x00, 0x00, 0x00, 0x00, 0x00, 0x00, 0x00, 0x01, 0x00, 0x00, 0x00,
  0x80, 0x00, 0x00, 0x00, 0x00, 0x00, 0x80, 0x24, 0x00, 0x00, 0x02, 0x10, 0x80, 0x68, 0x55, 0x48,
  0x4A, 0xCD, 0xD6, 0xEE, 0x76, 0x03, 0xDB, 0x9D, 0x5B, 0xD5, 0x9D, 0x50, 0xB5, 0x12, 0x15, 0x05,
  0x04, 0x04, 0x00, 0x22, 0x08, 0x42, 0x20, 0x90, 0xED, 0xBE, 0xED, 0x00, 0x74, 0x20, 0x40, 0x40,
  0x04, 0x00, 0xF8, 0xAD, 0x88, 0xA4, 0x44, 0x07, 0x00, 0x00, 0x02, 0x20, 0x00, 0x80, 0x00, 0x00,
  0x08, 0x00, 0x02, 0x08, 0x01, 0x08, 0x00, 0x00, 0x00, 0x02, 0x00, 0x04, 0x00, 0x40, 0x08, 0x01,
  0x21, 0x80, 0x40, 0x40, 0x40, 0x08, 0x00, 0x00, 0x00, 0x20, 0x04, 0x20, 0x80, 0x80, 0x80, 0x00,
  0x80, 0x00, 0x00, 0x54, 0x64, 0x01, 0x02, 0x08, 0x01, 0x02, 0x88, 0x10, 0x00, 0x10, 0x82, 0x80,
  0x10, 0x10, 0x10, 0x00, 0x00, 0x10, 0x10, 0x00, 0x00, 0x10, 0x21, 0x00, 0x08, 0x00, 0x10, 0x00,
  0x80, 0x40, 0x00, 0x00, 0x20, 0x98, 0x2A, 0x25, 0xA9, 0xBA, 0xBD, 0x5B, 0xED, 0x02, 0xF7, 0xBD,
  0xAE, 0x8A, 0x1F, 0x55, 0x5D, 0x25, 0x40, 0x40, 0x80, 0x00, 0x81, 0x00, 0x80, 0x00, 0x20, 0x82,
  0x5A, 0x55, 0xD7, 0x00, 0x36, 0x00, 0x10, 0x00, 0x00, 0x00, 0x40, 0x5F, 0x25, 0x49, 0xBA, 0x00,
  0x00, 0x88, 0x00, 0x04, 0x00, 0x00, 0x00, 0x20, 0x01, 0x00, 0x80, 0x40, 0x80, 0x00, 0x00, 0x00,
  0x20, 0x20, 0x49, 0x40, 0x12, 0x11, 0x00, 0x10, 0x00, 0x12, 0x00, 0x04, 0x04, 0x80, 0x08, 0x20,
  0x49, 0x02, 0x80, 0x04, 0x00, 0x08, 0x08, 0x08, 0x01, 0x08, 0x02, 0x00, 0x04, 0x00, 0x00, 0x01,
  0x10, 0x40, 0x02, 0x00, 0x20, 0x01, 0x00, 0x08, 0x00, 0x01, 0x01, 0x41, 0x80, 0x04, 0x01, 0x81,
  0x04, 0x00, 0x00, 0x22, 0x01, 0x49, 0x04, 0x00, 0x20, 0x00, 0x20, 0x01, 0x04, 0x30, 0x95, 0x88,
  0x54, 0x55, 0xEB, 0xBD, 0xBB, 0x27, 0x5C, 0x9F, 0xB5, 0xC2, 0x27, 0xB2, 0x5A, 0x48, 0x35, 0x10,
  0x00, 0x00, 0x20, 0x00, 0x00, 0x00, 0x24, 0x80, 0xF7, 0xBC, 0x7D, 0x00, 0x1E, 0x00, 0x00, 0x10,
  0x40, 0x00, 0x00, 0xE8, 0xDF, 0xB6, 0x0F, 0x80, 0x00, 0x02, 0x40, 0x00, 0x10, 0x10, 0x04, 0x08,
  0x80, 0x40, 0x00, 0x00, 0x20, 0x00, 0x20, 0x01, 0x09, 0x00, 0x00, 0x00, 0x00, 0x00, 0x00, 0x00,
  0x08, 0x00, 0x00, 0x00, 0x00, 0x00, 0x00, 0x00, 0x00, 0x00, 0x00, 0x00, 0x20, 0x00, 0x00, 0x00,
  0x10, 0x80, 0x00, 0x00, 0x06, 0x88, 0x40, 0x40, 0x00, 0x00, 0x00, 0x00, 0x08, 0x00, 0x20, 0x00,
  0x04, 0x00, 0x00, 0x00, 0x08, 0x00, 0x00, 0x20, 0x20, 0x04, 0x08, 0x00, 0x00, 0x00, 0x00, 0x00,
  0x02, 0x08, 0x00, 0x00, 0x01, 0xA0, 0x20, 0x52, 0x42, 0xEA, 0xDE, 0x76, 0xED, 0x06, 0xEC, 0xBB,
  0x56, 0xC1, 0x8D, 0xA4, 0xAE, 0x12, 0x18, 0x02, 0x20, 0x40, 0x00, 0x00, 0x21, 0x10, 0x20, 0xC2,
  0xAA, 0xDD, 0x56, 0x48, 0x1B, 0x08, 0x01, 0x04, 0x00, 0x24, 0x00, 0x00, 0xF0, 0x6D, 0x00, 0x20,
  0x10, 0x00, 0x10, 0x00, 0x00, 0x01, 0x80, 0x00, 0x00, 0x08, 0x10, 0x00, 0x00, 0x00, 0x09, 0x20,
  0x00, 0x08, 0x00, 0x00, 0x00, 0x00, 0x44, 0x00, 0x00, 0x00, 0x10, 0x00, 0x00, 0x01, 0x00, 0x01,
  0x00, 0x80, 0x10, 0x00, 0x01, 0x00, 0x00, 0x40, 0x00, 0x00, 0x20, 0x00, 0x04, 0x00, 0x00, 0x00,
  0x80, 0x08, 0x00, 0x84, 0x00, 0x40, 0x08, 0x00, 0x01, 0x00, 0x00, 0x10, 0x00, 0x00, 0x00, 0x00,
  0x00, 0x00, 0x02, 0x00, 0x40, 0x00, 0x00, 0x22, 0x00, 0x00, 0x04, 0x10, 0x00, 0x40, 0x95, 0x24,
  0x55, 0x55, 0xB9, 0x5B, 0xB7, 0x0F, 0x78, 0x9F, 0xAB, 0xC2, 0x97, 0x6A, 0x2D, 0x25, 0x0F, 0x00,
  0x02, 0x10, 0x08, 0x48, 0x00, 0x00, 0x21, 0x80, 0xED, 0xDD, 0x7B, 0x00, 0x0D, 0x00, 0x00, 0x01,
  0x09, 0x00, 0x02, 0x00, 0x00, 0x00, 0x80, 0x08, 0x00, 0x00, 0x00, 0x00, 0x01, 0x00, 0x01, 0x00,
  0x20, 0x00, 0x04, 0x04, 0x04, 0x44, 0x00, 0x08, 0x00, 0x02, 0x00, 0x12, 0x80, 0x00, 0x01, 0x44,
  0x00, 0x00, 0x04, 0x11, 0x21, 0x10, 0x42, 0x10, 0x00, 0x10, 0x00, 0x40, 0x00, 0x44, 0x22, 0x02,
  0x00, 0x01, 0x00, 0x02, 0x06, 0x00, 0x00, 0x00, 0x00, 0x00, 0x40, 0x00, 0x00, 0x08, 0x00, 0x20,
  0x80, 0x48, 0x48, 0x04, 0x00, 0x00, 0x88, 0x08, 0x00, 0x40, 0x00, 0x08, 0x00, 0x00, 0x80, 0x00,
  0x00, 0x80, 0x00, 0x04, 0x00, 0xC1, 0x4A, 0x4A, 0xAA, 0xBD, 0xF7, 0x77, 0xED, 0x0A, 0xE1, 0xBE,
  0x55, 0xC1, 0x23, 0x55, 0x97, 0x48, 0x0B, 0x00, 0x00, 0x04, 0x00, 0x00, 0x00, 0x04, 0x20, 0x82,
  0x9A, 0x69, 0x2F, 0x02, 0x03, 0x02, 0x08, 0x00, 0x00, 0x00, 0x10, 0x00, 0x00, 0x00, 0x20, 0x00,
  0x84, 0x20, 0x02, 0x44, 0x40, 0x40, 0x20, 0x00, 0x02, 0x00, 0x00, 0x81, 0x00, 0x00, 0x00, 0x00,
  0x80, 0x00, 0x20, 0x00, 0x22, 0x08, 0x00, 0x00, 0x44, 0x22, 0x00, 0x00, 0x00, 0x00, 0x00, 0x00,
  0x04, 0x01, 0x00, 0x02, 0x08, 0x01, 0x00, 0x00, 0x04, 0x10, 0x00, 0x40, 0x84, 0x00, 0x08, 0x08,
  0x12, 0x80, 0x08, 0x00, 0x00, 0x02, 0x00, 0x02, 0x00, 0x00, 0x00, 0x00, 0x42, 0x44, 0x00, 0x00,
  0x08, 0x01, 0x80, 0x00, 0x11, 0x20, 0x22, 0x00, 0x88, 0x20, 0x40, 0x00, 0x20, 0x80, 0x95, 0x92,
  0x10, 0xEA, 0xE7, 0xDD, 0xF6, 0x1F, 0x60, 0xB7, 0x55, 0xC0, 0x49, 0x69, 0x2B, 0xE5, 0x07, 0x21,
  0x00, 0x01, 0x00, 0x01, 0x08, 0x01, 0x20, 0x90, 0x77, 0xDB, 0x35, 0x80, 0x06, 0x40, 0x00, 0x00,
  0x80, 0x80, 0x00, 0x21, 0x00, 0x00, 0x02, 0x00, 0x00, 0x08, 0x00, 0x01, 0x10, 0x08, 0x00, 0x88,
  0x00, 0x04, 0x01, 0x00, 0x80, 0x00, 0x00, 0x01, 0x20, 0x80, 0x04, 0x00, 0x00, 0x00, 0x00, 0x00,
  0x00, 0x00, 0x00, 0x00, 0x00, 0x80, 0x00, 0x00, 0x41, 0x00, 0x42, 0x00, 0x00, 0x00, 0x00, 0x00,
  0x40, 0x00, 0x02, 0x00, 0x00, 0x88, 0x00, 0x81, 0x00, 0x20, 0x00, 0x10, 0x22, 0x00, 0x01, 0x00,
  0x20, 0x00, 0x00, 0x00, 0x00, 0x00, 0x00, 0x00, 0x01, 0x10, 0x00, 0x40, 0x00, 0x04, 0x00, 0x80,
  0x00, 0x04, 0x00, 0x00, 0x02, 0x10, 0x55, 0x25, 0xA5, 0x52, 0xDD, 0xBB, 0xAD, 0x1D, 0xC0, 0xBD,
  0x2A, 0xE0, 0x2A, 0xB5, 0x46, 0x78, 0x03, 0x00, 0x08, 0x00, 0x02, 0x00, 0x00, 0x00, 0x20, 0x82,
  0xDA, 0xEA, 0x3B, 0x80, 0x02, 0x00, 0x40, 0x20, 0x00, 0x08, 0x00, 0x00, 0x02, 0x20, 0x00, 0x00,
  0x01, 0x00, 0x20, 0x00, 0x00, 0x00, 0x00, 0x02, 0x00, 0x41, 0x00, 0x20, 0x20, 0x00, 0x10, 0x00,
  0x09, 0x00, 0x00, 0x80, 0x00, 0x40, 0x20, 0x02, 0x01, 0x00, 0x01, 0x00, 0x04, 0x02, 0x00, 0x08,
  0x00, 0x80, 0x00, 0x20, 0x00, 0x00, 0x00, 0x88, 0x00, 0x80, 0x20, 0x08, 0x00, 0x00, 0x40, 0x00,
  0x00, 0x09, 0x00, 0x02, 0x00, 0x00, 0x10, 0x00, 0x04, 0x00, 0x01, 0x80, 0x00, 0x00, 0x42, 0x40,
  0x00, 0x00, 0x08, 0x00, 0x00, 0x00, 0x00, 0x10, 0x00, 0x00, 0x00, 0x40, 0x00, 0x00, 0xAB, 0x4A,
  0x55, 0xAD, 0xAA, 0xEF, 0xFB, 0x37, 0x00, 0x3F, 0x1D, 0xE8, 0x92, 0xEA, 0x1B, 0xDF, 0x01, 0x00,
  0x01, 0x80, 0x20, 0x10, 0x41, 0x40, 0x22, 0xC0, 0xB5, 0xFB, 0x1E, 0x44, 0x81, 0x10, 0x04, 0x04,
  0x22, 0x00, 0x00, 0x08, 0x20, 0x09, 0x00, 0x22, 0x20, 0x02, 0x08, 0x00, 0x00, 0x00, 0x08, 0x00,
  0x20, 0x00, 0x40, 0x00, 0x00, 0x48, 0x04, 0x20, 0x00, 0x20, 0x00, 0x11, 0x00, 0x04, 0x08, 0x20,
  0x00, 0x40, 0x20, 0x22, 0x41, 0x20, 0x88, 0x00, 0x00, 0x08, 0x00, 0x00, 0x20, 0x10, 0x91, 0x00,
  0x00, 0x00, 0x00, 0x02, 0x10, 0x02, 0x00, 0x00, 0x00, 0x00, 0x80, 0x00, 0x00, 0x40, 0x00, 0x91,
  0x00, 0x44, 0x10, 0x11, 0x10, 0x00, 0x00, 0x08, 0x40, 0x00, 0x02, 0x09, 0x80, 0x00, 0x08, 0x04,
  0x20, 0x00, 0x08, 0x02, 0x00, 0x02, 0x56, 0xA9, 0x54, 0xA9, 0x3D, 0xBB, 0xB6, 0x3D, 0x04, 0xBB,
  0x0A, 0x51, 0x45, 0xB5, 0x45, 0x77, 0x41, 0x04, 0x40, 0x20, 0x00, 0x00, 0x00, 0x00, 0x20, 0x82,
  0xEA, 0xFA, 0x19, 0x41, 0x01, 0x00, 0x00, 0x00, 0x00, 0x00, 0x44, 0x00, 0x00, 0x00, 0x88, 0x00,
  0x00, 0x80, 0x00, 0x20, 0x02, 0x01, 0x81, 0x00, 0x08, 0x00, 0x00, 0x00, 0x04, 0x00, 0x00, 0x08,
  0x00, 0x08, 0x40, 0x00, 0x88, 0x00, 0x00, 0x00, 0x20, 0x12, 0x00, 0x00, 0x00, 0x00, 0x00, 0x00,
  0x00, 0x00, 0x10, 0x04, 0x02, 0x02, 0x00, 0x00, 0x08, 0x12, 0x00, 0x00, 0x01, 0x00, 0x02, 0x20,
  0x20, 0x00, 0x24, 0x80, 0x10, 0x11, 0x00, 0x00, 0x00, 0x01, 0x00, 0x00, 0x00, 0x49, 0x00, 0x00,
  0x00, 0x84, 0x40, 0x00, 0x04, 0x40, 0x02, 0x01, 0x04, 0x00, 0x81, 0x00, 0x90, 0x00, 0xAC, 0x52,
  0x25, 0x2A, 0xE5, 0xFE, 0xEF, 0x3F, 0x00, 0xB6, 0x0A, 0x68, 0x4A, 0x65, 0xD5, 0xDD, 0x10, 0x40,
  0x00, 0x08, 0x00, 0x02, 0x10, 0x08, 0x20, 0x80, 0x5D, 0x77, 0x17, 0x40, 0x11, 0x04, 0x00, 0x00,
  0x00, 0x22, 0x00, 0x00, 0x08, 0x00, 0x02, 0x00, 0x00, 0x00, 0x00, 0x08, 0x20, 0x10, 0x00, 0x40,
  0x00, 0x00, 0x08, 0x04, 0x01, 0x00, 0x80, 0x00, 0x00, 0x02, 0x08, 0x00, 0x00, 0x00, 0x02, 0x00,
  0x00, 0x00, 0x08, 0x00, 0x00, 0x00, 0x00, 0x20, 0x11, 0x01, 0x00, 0x01, 0x00, 0x00, 0x00, 0x00,
  0x82, 0x00, 0x80, 0x00, 0x80, 0x40, 0x20, 0x08, 0x08, 0x00, 0x01, 0x20, 0x00, 0x00, 0x40, 0x00,
  0x00, 0x00, 0x00, 0x00, 0x00, 0x00, 0x10, 0x02, 0x08, 0x00, 0x00, 0x00, 0x01, 0x10, 0x00, 0x00,
  0x00, 0x22, 0x00, 0x20, 0x04, 0x40, 0x98, 0xAA, 0x4A, 0xA5, 0x5A, 0xBD, 0x7A, 0x3B, 0x00, 0xAC,
  0x05, 0x58, 0x49, 0xE9, 0xF1, 0xB7, 0x00, 0x00, 0x00, 0x02, 0x80, 0x00, 0x04, 0x00, 0x20, 0x92,
  0xD6, 0xF3, 0x1A, 0xA0, 0x00, 0x80, 0x90, 0x20, 0x02, 0x00, 0x00, 0x44, 0x02, 0x80, 0x00, 0x00,
  0x42, 0x10, 0x00, 0x01, 0x00, 0x00, 0x00, 0x10, 0x00, 0x88, 0x00, 0x40, 0x80, 0x00, 0x02, 0x00,
  0x40, 0x00, 0x02, 0x00, 0x01, 0x20, 0x00, 0x11, 0x04, 0x00, 0x00, 0x08, 0x00, 0x08, 0x42, 0x04,
  0x00, 0x20, 0x02, 0x80, 0x80, 0x00, 0x04, 0x24, 0x00, 0x00, 0x24, 0x40, 0x00, 0x00, 0x00, 0x00,
  0x02, 0x20, 0x00, 0x00, 0x00, 0x00, 0x04, 0x00, 0x10, 0x00, 0x44, 0x00, 0x41, 0x00, 0x04, 0x00,
  0x02, 0x00, 0x00, 0x40, 0x40, 0x04, 0x00, 0x80, 0x00, 0x00, 0x00, 0x00, 0x00, 0x10, 0xB0, 0xAA,
  0x54, 0x55, 0xD5, 0xF9, 0xD7, 0x6F, 0x20, 0xB8, 0x82, 0x98, 0x92, 0x5A, 0xBE, 0x6A, 0x04, 0x10,
  0x04, 0x00, 0x08, 0x20, 0x00, 0x02, 0x21, 0x80, 0x6D, 0x77, 0x0F, 0xD0, 0x80, 0x00, 0x00, 0x08,
  0x20, 0x00, 0x11, 0x01, 0x00, 0x04, 0x00, 0x88, 0x00, 0x04, 0x44, 0x00, 0x00, 0x00, 0x10, 0x00,
  0x04, 0x01, 0x80, 0x00, 0x20, 0x48, 0x00, 0x00, 0x09, 0x00, 0x00, 0x48, 0x40, 0x08, 0x00, 0x00,
  0x01, 0x01, 0x80, 0x00, 0x22, 0x02, 0x00, 0x00, 0x00, 0x00, 0x00, 0x00, 0x10, 0x20, 0x81, 0x00,
  0x00, 0x00, 0x01, 0x00, 0x08, 0x10, 0x00, 0x02, 0x00, 0x02, 0x00, 0x08, 0x04, 0x04, 0x00, 0x24,
  0x02, 0x10, 0x01, 0x24, 0x10, 0x00, 0x00, 0x40, 0x80, 0x10, 0x00, 0x08, 0x00, 0x00, 0x40, 0x20,
  0x40, 0x00, 0x20, 0x08, 0x00, 0x00, 0x60, 0x55, 0x95, 0xAA, 0xAB, 0xF6, 0xFE, 0x7A, 0x04, 0xB8,
  0x03, 0x28, 0x45, 0xD5, 0xFE, 0x5F, 0x00, 0x02, 0x20, 0x00, 0x02, 0x00, 0x00, 0x40, 0x20, 0xC2,
  0xBA, 0xF5, 0x07, 0xA4, 0x04, 0x00, 0x04, 0x00, 0x00, 0x08, 0x00, 0x00, 0x80, 0x00, 0x40, 0x00,
  0x00, 0x00, 0x01, 0x00, 0x09, 0x42, 0x02, 0x01, 0x00, 0x00, 0x00, 0x00, 0x00, 0x00, 0x20, 0x44,
  0x00, 0x80, 0x00, 0x02, 0x10, 0x00, 0x20, 0x00, 0x40, 0x40, 0x04, 0x80, 0x00, 0x80, 0x00, 0x00,
  0x20, 0x04, 0x20, 0x10, 0x00, 0x00, 0x00, 0x00, 0x40, 0x20, 0x00, 0x10, 0x00, 0x04, 0x84, 0x00,
  0x00, 0x00, 0x00, 0x01, 0x40, 0x80, 0x00, 0x00, 0x00, 0x01, 0x00, 0x00, 0x00, 0x10, 0x81, 0x10,
  0x00, 0x00, 0x22, 0x02, 0x00, 0x00, 0x10, 0x08, 0x08, 0x00, 0x08, 0x00, 0x01, 0x02, 0xC0, 0x94,
  0x22, 0x49, 0xF6, 0xF7, 0xEB, 0x5F, 0x00, 0xB0, 0x11, 0xAC, 0x98, 0xAA, 0xAF, 0x6A, 0x80, 0x00,
  0x00, 0x40, 0x00, 0x04, 0x81, 0x00, 0x20, 0x80, 0xD7, 0xB7, 0x05, 0xD1, 0x00, 0x88, 0x00, 0x00,
  0x08, 0x01, 0x00, 0x00, 0x00, 0x00, 0x10, 0x00, 0x10, 0x01, 0x00, 0x40, 0x80, 0x00, 0x00, 0x00,
  0x41, 0x00, 0x04, 0x08, 0x00, 0x00, 0x00, 0x00, 0x00, 0x10, 0x40, 0x00, 0x00, 0x00, 0x02, 0x00,
  0x00, 0x10, 0x00, 0x20, 0x00, 0x00, 0x10, 0x00, 0x09, 0x80, 0x00, 0x02, 0x04, 0x08, 0x00, 0x00,
  0x11, 0x08, 0x00, 0x04, 0x80, 0x00, 0x00, 0x80, 0x80, 0x00, 0x44, 0x00, 0x00, 0x00, 0x90, 0x00,
  0x00, 0x00, 0x00, 0x00, 0x00, 0x04, 0x00, 0x00, 0x00, 0x84, 0x00, 0x00, 0x10, 0x00, 0x01, 0x00,
  0x00, 0x24, 0x02, 0x02, 0x20, 0x00, 0x00, 0xAB, 0xAA, 0xA4, 0x54, 0xCF, 0xB7, 0xFA, 0x00, 0xB0,
  0x01, 0x90, 0xA2, 0xFA, 0xDF, 0x3B, 0x20, 0x80, 0x00, 0x01, 0x40, 0x00, 0x20, 0x00, 0x20, 0x89,
  0xBA, 0xE6, 0x47, 0x50, 0x40, 0x00, 0x80, 0x80, 0x00, 0x80, 0x40, 0x20, 0x10, 0x20, 0x02, 0x44,
  0x00, 0x00, 0x00, 0x10, 0x00, 0x00, 0x00, 0x08, 0x00, 0x90, 0x00, 0x82, 0x04, 0x02, 0x04, 0x01,
  0x80, 0x00, 0x10, 0x00, 0x00, 0x84, 0x00, 0x12, 0x10, 0x00, 0x00, 0x02, 0x80, 0x00, 0x00, 0x49,
  0x00, 0x20, 0x08, 0x00, 0x01, 0x02, 0x10, 0x20, 0x00, 0x00, 0x00, 0x01, 0x02, 0x00, 0x01, 0x20,
  0x10, 0x90, 0x00, 0x80, 0x10, 0x10, 0x00, 0x00, 0x21, 0x20, 0x10, 0x01, 0x02, 0x00, 0x00, 0x00,
  0x10, 0x00, 0x00, 0x00, 0x02, 0x42, 0x00, 0x02, 0x00, 0x00, 0x00, 0x00, 0x08, 0x80, 0x08, 0x55,
  0xAA, 0x2A, 0xD5, 0xBA, 0xFF, 0x57, 0x40, 0xA4, 0x81, 0x54, 0x95, 0xF6, 0x75, 0x2D, 0x08, 0x00,
  0x08, 0xE8, 0xBF, 0x0B, 0x08, 0x10, 0x24, 0x80, 0xED, 0xF6, 0x03, 0x28, 0x00, 0x00, 0x20, 0x24,
  0x00, 0x20, 0x08, 0x08, 0x02, 0x08, 0x00, 0x00, 0x04, 0x20, 0x10, 0x01, 0x00, 0x10, 0x20, 0x00,
  0x00, 0x00, 0x20, 0x00, 0x40, 0x40, 0x00, 0x00, 0x10, 0x00, 0x00, 0x00, 0x01, 0x01, 0x00, 0x80,
  0x00, 0x00, 0x90, 0x00, 0x10, 0x10, 0x00, 0x00, 0x00, 0x01, 0x00, 0x00, 0x80, 0x00, 0x04, 0x09,
  0x00, 0x00, 0x10, 0x00, 0x20, 0x00, 0x20, 0x08, 0x00, 0x00, 0x00, 0x20, 0x00, 0x02, 0x04, 0x48,
  0x00, 0x04, 0x04, 0x10, 0x40, 0x00, 0x08, 0x02, 0x02, 0x01, 0x80, 0x40, 0x00, 0x00, 0x00, 0x00,
  0x41, 0x00, 0x00, 0x40, 0x00, 0x10, 0x00, 0xAC, 0x55, 0xA9, 0xB5, 0xBF, 0xB7, 0xFA, 0x10, 0xB0,
  0x10, 0x24, 0xD5, 0xBA, 0xEF, 0x1B, 0x00, 0x10, 0x80, 0xBE, 0xA4, 0x76, 0x00, 0x00, 0x20, 0xC2,
  0xB9, 0x6D, 0x03, 0x2C, 0x08, 0x22, 0x08, 0x00, 0x40, 0x00, 0x00, 0x00, 0x00, 0x02, 0x00, 0x00,
  0x00, 0x00, 0x02, 0x00, 0x20, 0x00, 0x02, 0x42, 0x08, 0x02, 0x00, 0x00, 0x00, 0x00, 0x40, 0x10,
  0x01, 0x08, 0x02, 0x10, 0x10, 0x00, 0x20, 0x00, 0x00, 0x02, 0x01, 0x00, 0x04, 0x00, 0x41, 0x00,
  0x00, 0x00, 0x00, 0x21, 0x00, 0x80, 0x00, 0x00, 0x00, 0x01, 0x01, 0x00, 0x00, 0x20, 0x00, 0x02,
  0x00, 0x00, 0x00, 0x08, 0x00, 0x00, 0x01, 0x00, 0x00, 0x00, 0x00, 0x00, 0x10, 0x40, 0x40, 0x40,
  0x00, 0x00, 0x08, 0x10, 0x80, 0x00, 0x10, 0x40, 0x10, 0x00, 0x40, 0x10, 0x00, 0x01, 0x00, 0x58,
  0xAA, 0x56, 0xAA, 0x74, 0xFF, 0xAF, 0x00, 0xE0, 0x00, 0x54, 0xA9, 0xFA, 0xAA, 0x16, 0x00, 0x00,
  0xE2, 0x57, 0x55, 0xD5, 0x01, 0x00, 0x21, 0x80, 0x71, 0xEB, 0x21, 0x14, 0x02, 0x00, 0x02, 0x00,
  0x08, 0x04, 0x00, 0x02, 0x80, 0x00, 0x80, 0x10, 0x40, 0x04, 0x00, 0x00, 0x04, 0x04, 0x00, 0x00,
  0x80, 0x00, 0x00, 0x20, 0x00, 0x10, 0x10, 0x00, 0x00, 0x80, 0x00, 0x02, 0x00, 0x00, 0x08, 0x00,
  0x04, 0x20, 0x00, 0x20, 0x00, 0x04, 0x08, 0x00, 0x20, 0x08, 0x40, 0x00, 0x20, 0x00, 0x00, 0x00,
  0x44, 0x10, 0x00, 0x40, 0x00, 0x04, 0x00, 0x00, 0x04, 0x11, 0x24, 0x02, 0x84, 0x00, 0x00, 0x01,
  0x08, 0x01, 0x01, 0x84, 0x00, 0x04, 0x00, 0x10, 0x00, 0x20, 0x02, 0x00, 0x00, 0x10, 0x04, 0x10,
  0x00, 0x44, 0x04, 0x04, 0x00, 0x00, 0x00, 0xB1, 0xA4, 0xAA, 0x55, 0xDF, 0xB6, 0xFD, 0x00, 0xA2,
  0x00, 0x22, 0x95, 0xDD, 0xB5, 0x0A, 0x02, 0x02, 0xB8, 0xBA, 0x6A, 0x55, 0x0A, 0x42, 0x20, 0x82,
  0xC1, 0xCF, 0x01, 0x94, 0x80, 0x00, 0x00, 0x00, 0x02, 0x00, 0x42, 0x00, 0x20, 0x00, 0x11, 0x00,
  0x01, 0x00, 0x00, 0x84, 0x00, 0x80, 0x00, 0x00, 0x02, 0x40, 0x84, 0x08, 0x04, 0x04, 0x02, 0x00,
  0x00, 0x01, 0x40, 0x00, 0x04, 0x20, 0x00, 0x22, 0x40, 0x00, 0x00, 0x08, 0x00, 0x00, 0x00, 0x10,
  0x02, 0x00, 0x09, 0x00, 0x04, 0x20, 0x40, 0x00, 0x01, 0x00, 0x40, 0x08, 0x04, 0x01, 0x84, 0x00,
  0x41, 0x00, 0x01, 0x00, 0x00, 0x20, 0x40, 0x00, 0x00, 0x00, 0x80, 0x00, 0x00, 0x00, 0x02, 0x00,
  0x40, 0x08, 0x00, 0x02, 0x08, 0x00, 0x00, 0x01, 0x00, 0x00, 0x00, 0x00, 0x22, 0x00, 0x11, 0xC0,
  0x55, 0x49, 0xFD, 0xBA, 0xFD, 0xAB, 0x80, 0xA0, 0x00, 0x4A, 0x55, 0x7F, 0xD7, 0x0D, 0x20, 0x40,
  0x6C, 0x4B, 0xAD, 0x8A, 0x12, 0x00, 0x20, 0xC0, 0x81, 0xD5, 0x00, 0x16, 0x00, 0x40, 0x00, 0x82,
  0x00, 0x80, 0x00, 0x40, 0x02, 0x40, 0x00, 0x00, 0x10, 0x40, 0x20, 0x01, 0x00, 0x01, 0x20, 0x08,
  0x00, 0x10, 0x00, 0x00, 0x40, 0x00, 0x00, 0x44, 0x24, 0x00, 0x10, 0x80, 0x80, 0x00, 0x02, 0x00,
  0x00, 0x00, 0x08, 0x02, 0x82, 0x80, 0x00, 0x04, 0x00, 0x02, 0x00, 0x80, 0x00, 0x08, 0x10, 0x08,
  0x00, 0x00, 0x04, 0x00, 0x40, 0x00, 0x01, 0x00, 0x00, 0x00, 0x00, 0x00, 0x00, 0x08, 0x10, 0x00,
  0x01, 0x20, 0x20, 0x00, 0x08, 0x00, 0x00, 0x00, 0x08, 0x00, 0x80, 0x00, 0x01, 0x00, 0x01, 0x00,
  0x08, 0x01, 0x00, 0x01, 0x00, 0x08, 0x00, 0x80, 0x55, 0x55, 0x51, 0xFF, 0x79, 0xFF, 0x08, 0xA0,
  0x08, 0xAA, 0xAA, 0xDE, 0xB4, 0x46, 0x00, 0x00, 0xDF, 0x55, 0xAB, 0x22, 0xA4, 0x10, 0x20, 0x82,
  0x01, 0xEE, 0x00, 0x09, 0x00, 0x08, 0x40, 0x20, 0x80, 0x10, 0x00, 0x00, 0x00, 0x00, 0x00, 0x04,
  0x00, 0x10, 0x04, 0x00, 0x00, 0x00, 0x08, 0x82, 0x20, 0x00, 0x00, 0x00, 0x00, 0x00, 0x00, 0x00,
  0x00, 0x10, 0x00, 0x20, 0x00, 0x08, 0x00, 0x00, 0x00, 0x04, 0x81, 0x00, 0x20, 0x20, 0x00, 0x01,
  0x80, 0x00, 0x00, 0x08, 0x00, 0x02, 0x04, 0x00, 0x00, 0x88, 0x00, 0x02, 0x00, 0x00, 0x00, 0x20,
  0x00, 0x20, 0x00, 0x80, 0x10, 0x02, 0x04, 0x10, 0x40, 0x08, 0x08, 0x00, 0x02, 0x21, 0x10, 0x01,
  0x02, 0x00, 0x20, 0x40, 0x40, 0x42, 0x00, 0x00, 0x02, 0x00, 0x21, 0x00, 0x00, 0x02, 0x00, 0x00,
  0x56, 0x55, 0x57, 0xED, 0xF3, 0xDB, 0x00, 0xA0, 0x00, 0x4A, 0x95, 0x77, 0xAD, 0x05, 0x00, 0x48,
  0x6B, 0x55, 0xB5, 0x49, 0x11, 0x00, 0x20, 0x90, 0x21, 0x5C, 0x40, 0x06, 0x10, 0x02, 0x08, 0x00,
  0x00, 0x00, 0x10, 0x04, 0x00, 0x08, 0x80, 0x40, 0x00, 0x01, 0x00, 0x20, 0x48, 0x20, 0x00, 0x00,
  0x00, 0x04, 0x11, 0x82, 0x10, 0x40, 0x80, 0x00, 0x00, 0x00, 0x01, 0x08, 0x00, 0x00, 0x40, 0x08,
  0x11, 0x40, 0x00, 0x00, 0x00, 0x08, 0x10, 0x80, 0x08, 0x40, 0x00, 0x02, 0x80, 0x00, 0x00, 0x82,
  0x10, 0x01, 0x80, 0x80, 0x10, 0x40, 0x20, 0x08, 0x00, 0x04, 0x20, 0x11, 0x00, 0x00, 0x01, 0x00,
  0x10, 0x00, 0x02, 0x90, 0x00, 0x00, 0x04, 0x88, 0x00, 0x82, 0x08, 0x10, 0x00, 0x00, 0x40, 0x44,
  0x00, 0x10, 0x00, 0x40, 0x08, 0x80, 0x20, 0x02, 0x5C, 0xAA, 0xEC, 0x5A, 0xB7, 0xFF, 0x00, 0x88,
  0x40, 0xAA, 0x2A, 0x9F, 0x6A, 0x07, 0x84, 0xA0, 0xDD, 0xAA, 0x2A, 0x02, 0xA4, 0x05, 0x20, 0x82,
  0x81, 0xDA, 0x10, 0x0D, 0x04, 0x00, 0x02, 0x00, 0x20, 0x22, 0x85, 0x00, 0x48, 0x02, 0x24, 0x00,
  0x04, 0x00, 0x00, 0x00, 0x02, 0x00, 0x02, 0x00, 0x00, 0xA0, 0x03, 0x00, 0x04, 0x02, 0x24, 0x00,
  0x00, 0x02, 0x00, 0x02, 0x10, 0x00, 0x00, 0x00, 0x00, 0x00, 0x00, 0x80, 0x00, 0x00, 0x04, 0x00,
  0x00, 0x00, 0x44, 0x00, 0x08, 0x00, 0x01, 0x00, 0x00, 0x00, 0x10, 0x00, 0x00, 0x10, 0x00, 0x02,
  0x24, 0x00, 0x04, 0x00, 0x84, 0x00, 0x00, 0x04, 0x04, 0x00, 0x00, 0x04, 0x00, 0x08, 0x01, 0x00,
  0x00, 0x00, 0x00, 0x00, 0x00, 0x00, 0x10, 0x00, 0x80, 0x00, 0x00, 0x10, 0x80, 0x00, 0x08, 0x20,
  0xB0, 0xAA, 0x55, 0xF7, 0xEE, 0xBF, 0x20, 0x41, 0x01, 0x96, 0x52, 0x6B, 0x5D, 0x42, 0x00, 0xF4,
  0x56, 0xD5, 0x96, 0x68, 0x55, 0x16, 0x22, 0x80, 0x41, 0x54, 0x00, 0x83, 0x00, 0x80, 0x00, 0x04,
  0xA4, 0x88, 0x10, 0x52, 0x01, 0x00, 0x01, 0x08, 0x00, 0x00, 0x41, 0x08, 0x00, 0x08, 0x80, 0x20,
  0x84, 0x50, 0x02, 0x20, 0x00, 0x00, 0x00, 0x48, 0x84, 0x00, 0x88, 0x00, 0x04, 0x81, 0x08, 0x02,
  0x00, 0x01, 0x10, 0x20, 0x08, 0x00, 0x00, 0x00, 0x00, 0x10, 0x00, 0x40, 0x02, 0x00, 0x00, 0x20,
  0x00, 0x00, 0x04, 0x20, 0x00, 0x04, 0x00, 0x00, 0x00, 0x00, 0x01, 0x00, 0x00, 0x00, 0x00, 0x81,
  0x00, 0x04, 0x00, 0x00, 0x40, 0x00, 0x00, 0x00, 0x40, 0x10, 0x00, 0x00, 0x08, 0x08, 0x00, 0x00,
  0x20, 0x00, 0x04, 0x04, 0x00, 0x00, 0x00, 0x00, 0xC0, 0x55, 0xED, 0xDA, 0xCF, 0xF7, 0x04, 0x40,
  0x00, 0xB5, 0x56, 0xDD, 0xAB, 0x01, 0x40, 0xCD, 0xBB, 0xBA, 0x55, 0x4A, 0xA5, 0x2A, 0x20, 0x82,
  0x01, 0x52, 0x80, 0x02, 0x80, 0x20, 0x00, 0x41, 0x09, 0x24, 0x44, 0x48, 0x12, 0x40, 0x40, 0x1B,
  0x20, 0x44, 0x10, 0x00, 0x00, 0x00, 0x00, 0x08, 0x00, 0xAC, 0x42, 0x08, 0x00, 0x20, 0x00, 0x00,
  0x00, 0x20, 0x00, 0x00, 0x00, 0x20, 0x00, 0x40, 0x40, 0x10, 0x04, 0x01, 0x00, 0x01, 0x80, 0x08,
  0x42, 0x04, 0x00, 0x00, 0x00, 0x10, 0x20, 0x00, 0x08, 0x88, 0x00, 0x00, 0x04, 0x01, 0x04, 0x00,
  0x01, 0x21, 0x00, 0x08, 0x01, 0x10, 0x40, 0x00, 0x00, 0x40, 0x80, 0x00, 0x10, 0x00, 0x40, 0x04,
  0x10, 0x00, 0x02, 0x02, 0x82, 0x80, 0x00, 0x00, 0x08, 0x20, 0x41, 0x00, 0x04, 0x10, 0x00, 0x08,
  0x02, 0xAB, 0xB5, 0xB6, 0xDD, 0xFF, 0x00, 0xA0, 0x10, 0x2A, 0x95, 0x6F, 0xAD, 0x11, 0xBA, 0x7A,
  0x55, 0x55, 0x05, 0x55, 0x4A, 0xD5, 0x20, 0x90, 0x41, 0x34, 0xC4, 0x02, 0x00, 0x08, 0x40, 0x10,
  0x82, 0x80, 0x00, 0x11, 0xA4, 0x8A, 0xAA, 0x0C, 0x02, 0x00, 0x00, 0x80, 0x80, 0x80, 0x10, 0x00,
  0x20, 0x45, 0x12, 0x00, 0x80, 0x00, 0x00, 0x00, 0x00, 0x00, 0x02, 0x80, 0x00, 0x08, 0x00, 0x00,
  0x04, 0x00, 0x00, 0x00, 0x00, 0x20, 0x01, 0x80, 0x00, 0x00, 0x02, 0x08, 0x40, 0x04, 0x08, 0x02,
  0x80, 0x00, 0x00, 0x04, 0x40, 0x00, 0x40, 0x40, 0x00, 0x00, 0x40, 0x00, 0x40, 0x80, 0x08, 0x00,
  0x80, 0x00, 0x08, 0x00, 0x04, 0x04, 0x00, 0x40, 0x04, 0x00, 0x40, 0x40, 0x00, 0x00, 0x08, 0x92,
  0x00, 0x04, 0x00, 0x00, 0x00, 0x00, 0x82, 0x00, 0x00, 0xAE, 0xAA, 0xED, 0xBF, 0xFF, 0x00, 0xC0,
  0x00, 0x55, 0x95, 0xFF, 0x6A, 0x81, 0x5F, 0xAB, 0xAF, 0x76, 0x69, 0x55, 0xB5, 0xAA, 0x20, 0x81,
  0x11, 0xA2, 0x80, 0x22, 0x08, 0x00, 0x10, 0x48, 0x10, 0x2A, 0x92, 0x44, 0x09, 0x50, 0x54, 0x05,
  0x00, 0x01, 0x00, 0x04, 0x10, 0x20, 0x00, 0x00, 0x01, 0xA9, 0x06, 0x00, 0x22, 0x08, 0x22, 0x02,
  0x10, 0x00, 0x00, 0x20, 0x40, 0x00, 0x20, 0x00, 0x00, 0x00, 0x01, 0x08, 0x20, 0x08, 0x20, 0x00,
  0x00, 0x00, 0x20, 0x02, 0x00, 0x80, 0x00, 0x00, 0x01, 0x00, 0x80, 0x00, 0x01, 0x00, 0x00, 0x08,
  0x20, 0x08, 0x10, 0x00, 0x10, 0x04, 0x00, 0x20, 0x10, 0x00, 0x02, 0x90, 0x00, 0x40, 0x04, 0x00,
  0x00, 0x42, 0x00, 0x10, 0x00, 0x00, 0x00, 0x00, 0x00, 0x00, 0x00, 0x00, 0x81, 0x44, 0x00, 0x80,
  0x00, 0x70, 0xA9, 0xFA, 0x3E, 0xEF, 0x20, 0x84, 0x04, 0xAA, 0xAA, 0xAB, 0xAF, 0xE0, 0xAD, 0xF6,
  0xAA, 0x5D, 0x55, 0xAB, 0xAA, 0xAA, 0x23, 0x84, 0x01, 0xA4, 0x60, 0x01, 0x02, 0x02, 0x00, 0x81,
  0x44, 0x80, 0x40, 0x88, 0xA2, 0x8A, 0x92, 0x02, 0x00, 0x20, 0x00, 0x01, 0x00, 0x04, 0x00, 0x01,
  0x40, 0x25, 0x04, 0x82, 0x00, 0x00, 0x00, 0x40, 0x02, 0x42, 0x20, 0x02, 0x10, 0x00, 0x04, 0x12,
  0x00, 0x40, 0x40, 0x00, 0x09, 0x00, 0x00, 0x00, 0x20, 0x80, 0x00, 0x00, 0x11, 0x00, 0x00, 0x20,
  0x00, 0x40, 0x20, 0x40, 0x00, 0x40, 0x08, 0x02, 0x00, 0x00, 0x04, 0x22, 0x04, 0x00, 0x00, 0x00,
  0x02, 0x08, 0x00, 0x04, 0x00, 0x00, 0x00, 0x01, 0x00, 0x00, 0x10, 0x00, 0x20, 0x24, 0x80, 0x00,
  0x00, 0x00, 0x00, 0x21, 0x20, 0xB5, 0x16, 0x20, 0x10, 0xC0, 0x57, 0x95, 0x7F, 0x7F, 0x08, 0xA0,
  0x00, 0x5B, 0xCD, 0x6F, 0x75, 0xB8, 0xD6, 0x5D, 0x5B, 0x57, 0xA9, 0xAA, 0xAD, 0x76, 0x2D, 0xC0,
  0x41, 0xA2, 0xA0, 0x01, 0x80, 0x00, 0x22, 0x14, 0x01, 0x09, 0x0A, 0x51, 0x44, 0x51, 0x4A, 0x80,
  0x10, 0x00, 0x22, 0x00, 0x02, 0x00, 0x44, 0x10, 0x30, 0x52, 0x05, 0x20, 0x00, 0x00, 0x00, 0x00,
  0x00, 0x10, 0x00, 0x00, 0x04, 0x00, 0x00, 0x00, 0x21, 0x12, 0x00, 0x00, 0x00, 0x00, 0x08, 0x44,
  0x00, 0x22, 0x00, 0x00, 0x00, 0x02, 0x40, 0x08, 0x20, 0x04, 0x08, 0x00, 0x10, 0x08, 0x02, 0x00,
  0x08, 0x00, 0x01, 0x00, 0x01, 0x40, 0x00, 0x02, 0x00, 0x80, 0x80, 0x00, 0x80, 0x00, 0x40, 0x10,
  0x01, 0x10, 0x04, 0x04, 0x08, 0x00, 0x02, 0x00, 0x44, 0x20, 0x24, 0x00, 0x54, 0x09, 0x69, 0x01,
  0x00, 0x00, 0x7C, 0x7B, 0xF5, 0xDE, 0x00, 0x40, 0x21, 0x56, 0xD5, 0xDB, 0x2E, 0xFE, 0xAB, 0xB6,
  0xD5, 0xAD, 0x56, 0x77, 0x5B, 0xAD, 0x4D, 0x82, 0x01, 0x44, 0x60, 0x00, 0x00, 0x80, 0x88, 0x24,
  0x24, 0xA4, 0x50, 0x8A, 0x28, 0xA2, 0x62, 0x00, 0x00, 0x04, 0x00, 0x40, 0x80, 0x00, 0x00, 0x00,
  0x48, 0x29, 0x01, 0x00, 0x00, 0x40, 0x08, 0x08, 0x80, 0x00, 0x08, 0x00, 0x00, 0x22, 0x00, 0x00,
  0x00, 0x00, 0x00, 0x04, 0x00, 0x01, 0x02, 0x00, 0x08, 0x00, 0x80, 0x20, 0x00, 0x80, 0x0A, 0x00,
  0x08, 0x00, 0x00, 0x08, 0x00, 0x00, 0x00, 0x00, 0x02, 0x42, 0x00, 0x00, 0x00, 0x00, 0x24, 0x00,
  0x00, 0x02, 0x00, 0x00, 0x20, 0x08, 0x01, 0x00, 0x20, 0x00, 0x00, 0x01, 0x02, 0x00, 0x00, 0x20,
  0x00, 0x02, 0x00, 0x40, 0x0B, 0xA4, 0x44, 0x05, 0x80, 0x08, 0xC0, 0xEF, 0xFF, 0x7C, 0x00, 0x81,
  0x00, 0xB5, 0xCA, 0xBD, 0x3B, 0xAF, 0xDA, 0xEE, 0x6D, 0x57, 0x5B, 0x49, 0xD4, 0xAB, 0x2A, 0x90,
  0x41, 0xE2, 0xB4, 0x90, 0x20, 0x20, 0x10, 0x41, 0x81, 0x00, 0x84, 0x24, 0x45, 0x54, 0x14, 0x20,
  0x80, 0x00, 0x00, 0x00, 0x20, 0x80, 0x00, 0x80, 0x14, 0x92, 0x8C, 0x00, 0x10, 0x11, 0x80, 0x00,
  0x00, 0x00, 0x00, 0x44, 0x00, 0x00, 0x42, 0x00, 0x00, 0x00, 0x08, 0x41, 0x00, 0x10, 0x00, 0x01,
  0x00, 0x00, 0x08, 0x00, 0x40, 0xF8, 0x7F, 0x00, 0x02, 0x00, 0x01, 0xA0, 0x4A, 0x55, 0xA9, 0x4A,
  0x00, 0x00, 0x52, 0x55, 0xA9, 0x56, 0x00, 0x10, 0x41, 0x00, 0x10, 0x00, 0x02, 0x00, 0x10, 0x00,
  0x00, 0x02, 0x00, 0x80, 0x00, 0x02, 0x10, 0x04, 0x00, 0x00, 0x01, 0xB8, 0x50, 0x49, 0x35, 0x59,
  0x04, 0x00, 0x00, 0xFA, 0xB7, 0x7D, 0x00, 0xA0, 0x01, 0xAB, 0xF6, 0xEB, 0x96, 0xDB, 0xB5, 0x5B,
  0xDB, 0xB5, 0x12, 0x54, 0x21, 0xF6, 0x35, 0x80, 0x01, 0x44, 0x50, 0x04, 0x08, 0x00, 0x45, 0x15,
  0x28, 0xAA, 0x52, 0x49, 0xA8, 0x25, 0x09, 0x04, 0x04, 0x80, 0x08, 0x04, 0x00, 0x10, 0x00, 0x04,
  0xA4, 0x48, 0x02, 0x08, 0x04, 0x00, 0x00, 0x80, 0x10, 0x00, 0x81, 0x00, 0x00, 0x00, 0x00, 0x44,
  0x08, 0x00, 0x40, 0x00, 0x08, 0x00, 0x00, 0x00, 0x02, 0x01, 0x00, 0x08, 0x12, 0xFE, 0xFF, 0x87,
  0x00, 0x48, 0x00, 0xE0, 0xFF, 0xFF, 0xFF, 0x1F, 0x80, 0x00, 0xFF, 0xFF, 0xFF, 0xFF, 0x00, 0x04,
  0x10, 0x40, 0x00, 0x10, 0x00, 0x40, 0x00, 0x00, 0x04, 0x80, 0x00, 0x00, 0x00, 0x40, 0x00, 0x01,
  0x02, 0x00, 0x00, 0x06, 0x8A, 0x2A, 0x45, 0xA5, 0x00, 0x00, 0x00, 0x90, 0xFF, 0x7B, 0x20, 0x40,
  0x10, 0x5D, 0xE5, 0xBE, 0xCD, 0x6D, 0x6D, 0xF7, 0xEA, 0x4A, 0xA5, 0x82, 0xAA, 0x54, 0x2F, 0xC2,
  0x41, 0xC2, 0x78, 0x00, 0x00, 0x24, 0x90, 0x48, 0x82, 0x04, 0x2A, 0x92, 0x4A, 0x49, 0x06, 0x00,
  0x00, 0x20, 0x80, 0x00, 0x04, 0x00, 0x10, 0x01, 0x89, 0x2A, 0x0D, 0x00, 0x01, 0x00, 0x02, 0x20,
  0x00, 0x44, 0x00, 0x00, 0x22, 0x88, 0x00, 0x00, 0x80, 0x08, 0x01, 0x00, 0x00, 0x84, 0x40, 0x20,
  0x00, 0x10, 0x01, 0x02, 0x80, 0x6F, 0xDB, 0x0F, 0x00, 0x01, 0x40, 0xE0, 0xFF, 0xFF, 0xFF, 0x1F,
  0x00, 0x10, 0xFF, 0xFF, 0xFF, 0xFF, 0x80, 0x00, 0x00, 0x00, 0x00, 0x01, 0x00, 0x02, 0x00, 0x92,
  0x00, 0x00, 0x08, 0x20, 0x80, 0x00, 0x04, 0x00, 0x20, 0x48, 0x40, 0xAB, 0x20, 0x52, 0xAA, 0x5A,
  0x21, 0x82, 0x20, 0x00, 0xF8, 0x73, 0x08, 0xC4, 0x01, 0xAB, 0xEA, 0x6B, 0x65, 0xB7, 0xDA, 0x5D,
  0xD7, 0x92, 0x54, 0x11, 0x4A, 0x95, 0x5C, 0x80, 0x01, 0xC4, 0x28, 0x00, 0x00, 0x90, 0xA2, 0x02,
  0x48, 0x52, 0x51, 0x25, 0x95, 0x94, 0x80, 0x00, 0x20, 0x08, 0x00, 0x20, 0x01, 0x04, 0x00, 0x80,
  0x12, 0x41, 0x08, 0x00, 0x00, 0x00, 0x20, 0x02, 0x00, 0x01, 0x10, 0x20, 0x00, 0x01, 0x10, 0x01,
  0x00, 0x00, 0x00, 0x00, 0x41, 0x00, 0x10, 0x00, 0x40, 0x00, 0x20, 0x00, 0xC0, 0xFF, 0xFF, 0x3B,
  0x00, 0x00, 0x10, 0xE4, 0xFE, 0xAD, 0xED, 0x1B, 0x10, 0x00, 0xEF, 0xBE, 0xDB, 0x7E, 0x08, 0x00,
  0x00, 0x08, 0x44, 0x80, 0x88, 0x00, 0x08, 0x00, 0x40, 0x10, 0x80, 0x08, 0x20, 0x10, 0x00, 0x80,
  0x00, 0x01, 0xC8, 0x48, 0x96, 0xA4, 0xA8, 0x2A, 0x05, 0x20, 0x08, 0x04, 0xE0, 0x77, 0x00, 0x00,
  0x01, 0xD7, 0xF2, 0x5E, 0xF3, 0xBD, 0xAD, 0xF7, 0x5A, 0x15, 0x49, 0x24, 0x5A, 0x65, 0xB1, 0x90,
  0x21, 0xC6, 0x3C, 0x82, 0x00, 0x05, 0x54, 0x54, 0x21, 0xA5, 0x4A, 0x49, 0x29, 0x21, 0x01, 0x80,
  0x00, 0x02, 0x00, 0x00, 0x80, 0x00, 0x02, 0x80, 0x4A, 0x94, 0x0A, 0x21, 0x80, 0x44, 0x00, 0x00,
  0x44, 0x00, 0x00, 0x04, 0x00, 0x00, 0x00, 0x00, 0x01, 0x40, 0x10, 0x08, 0x00, 0x00, 0x00, 0x08,
  0x00, 0x00, 0x00, 0x80, 0xF0, 0xFD, 0xBF, 0x7F, 0x40, 0x00, 0x00, 0xE0, 0xB7, 0xFF, 0x7F, 0x1F,
  0x04, 0x04, 0xFF, 0xF7, 0xFF, 0xD7, 0x00, 0x80, 0x08, 0x00, 0x00, 0x00, 0x00, 0x20, 0x02, 0x00,
  0x00, 0x04, 0x00, 0x00, 0x08, 0x00, 0x00, 0x20, 0x00, 0x00, 0x30, 0x01, 0x50, 0x4A, 0xA5, 0xAA,
  0x04, 0x00, 0x00, 0x00, 0x00, 0x6F, 0x00, 0x40, 0x01, 0xAB, 0xFD, 0xD7, 0xB9, 0x56, 0xF5, 0xDD,
  0xA3, 0x55, 0x22, 0x45, 0x51, 0x95, 0xA6, 0x81, 0x01, 0xC4, 0x15, 0x20, 0x08, 0x50, 0x49, 0x01,
  0x4A, 0x48, 0x54, 0xAA, 0xA4, 0x4A, 0x00, 0x08, 0x08, 0x00, 0x24, 0x08, 0x00, 0x80, 0x00, 0xD0,
  0x20, 0x21, 0x09, 0x00, 0x20, 0x00, 0x00, 0x00, 0x00, 0x00, 0x00, 0x01, 0x08, 0x00, 0x04, 0x10,
  0x10, 0x02, 0x00, 0x02, 0x10, 0x20, 0x04, 0x00, 0x02, 0x04, 0x08, 0x20, 0xF8, 0xEF, 0xFA, 0xFF,
  0x01, 0x00, 0x02, 0xE0, 0xFD, 0xFF, 0xFF, 0x0F, 0x00, 0x80, 0xFB, 0xFF, 0xFE, 0xFF, 0x00, 0x10,
  0x00, 0x81, 0x00, 0x10, 0x00, 0x00, 0x80, 0x00, 0x10, 0x00, 0x21, 0x00, 0x00, 0x00, 0x20, 0x02,
  0x10, 0x00, 0x08, 0xAA, 0x82, 0x90, 0x92, 0x54, 0xF9, 0x0A, 0x00, 0x01, 0x00, 0x5E, 0x80, 0x40,
  0x81, 0x6B, 0xFB, 0x6D, 0xFC, 0x5F, 0xEF, 0x77, 0x5C, 0x55, 0x95, 0x94, 0xA4, 0xAA, 0x5A, 0x84,
  0x41, 0xC4, 0x1C, 0x00, 0x40, 0x05, 0x12, 0xAA, 0x90, 0xB6, 0xAA, 0x12, 0x49, 0x14, 0x20, 0x00,
  0x00, 0x00, 0x01, 0x02, 0x20, 0x00, 0x20, 0x42, 0x45, 0x4A, 0x04, 0x08, 0x08, 0x00, 0x04, 0x88,
  0x00, 0x20, 0x42, 0x00, 0x01, 0x88, 0x00, 0x00, 0x00, 0x00, 0x04, 0x80, 0x00, 0x02, 0x00, 0x80,
  0x20, 0x40, 0x02, 0x01, 0x7C, 0x1F, 0xC0, 0xED, 0x11, 0x24, 0x00, 0x61, 0x6F, 0x55, 0xAA, 0x1A,
  0x00, 0x01, 0xBF, 0xAA, 0x55, 0xB5, 0x20, 0x01, 0x00, 0x00, 0x00, 0x04, 0x00, 0x08, 0x00, 0x10,
  0x01, 0x00, 0x00, 0x00, 0x01, 0x84, 0x04, 0x00, 0x00, 0x10, 0xA5, 0x00, 0x28, 0x2B, 0x94, 0xAA,
  0x16, 0x2D, 0x00, 0x40, 0x02, 0x5C, 0x04, 0x88, 0x20, 0xA9, 0x7A, 0x3B, 0x5E, 0x6D, 0xB5, 0x5E,
  0xB7, 0xAA, 0x2A, 0x21, 0x95, 0xAA, 0x36, 0x80, 0x01, 0xC2, 0x17, 0x00, 0x20, 0x50, 0x54, 0x01,
  0x55, 0x89, 0xAA, 0x24, 0x22, 0x01, 0x00, 0x02, 0x82, 0x40, 0x00, 0x00, 0x08, 0x10, 0x00, 0x60,
  0x0A, 0x2B, 0x05, 0x00, 0x01, 0x00, 0x40, 0x02, 0x10, 0x08, 0x00, 0x40, 0x40, 0x02, 0x40, 0x02,
  0x00, 0x20, 0x00, 0x00, 0x00, 0x00, 0x00, 0x01, 0x00, 0x00, 0x00, 0x00, 0xDE, 0x03, 0x00, 0x7E,
  0x03, 0x00, 0x40, 0xE0, 0x07, 0x00, 0x00, 0x00, 0x01, 0x00, 0x6F, 0x00, 0x00, 0x00, 0x00, 0x00,
  0x00, 0x10, 0x88, 0x00, 0x49, 0x00, 0x00, 0x00, 0x00, 0x00, 0x08, 0x22, 0x00, 0x01, 0x00, 0x00,
  0x02, 0x01, 0x0B, 0xAA, 0x02, 0x4A, 0x55, 0xA5, 0x6D, 0x75, 0x11, 0x00, 0x00, 0x70, 0x00, 0x80,
  0x81, 0xD1, 0xFD, 0x0E, 0xF7, 0xAB, 0xFB, 0x53, 0x21, 0x55, 0x49, 0x4A, 0x55, 0xF5, 0x2D, 0xC1,
  0x21, 0x64, 0x0B, 0x02, 0x92, 0x8A, 0x4A, 0x54, 0xAA, 0xAA, 0x52, 0x52, 0x49, 0x0A, 0x04, 0x40,
  0x00, 0x10, 0x00, 0x00, 0x01, 0x04, 0x08, 0xB0, 0x50, 0x00, 0x8A, 0x00, 0x00, 0x90, 0x00, 0x00,
  0x00, 0x02, 0x10, 0x00, 0x00, 0x00, 0x00, 0x80, 0x88, 0x08, 0x40, 0x00, 0x08, 0x00, 0x41, 0x10,
  0x00, 0x02, 0x00, 0x08, 0xFF, 0x01, 0x00, 0xDC, 0x07, 0x01, 0x10, 0xE0, 0x0F, 0x00, 0x00, 0x00,
  0x20, 0x10, 0x7F, 0x00, 0x00, 0x00, 0x00, 0x00, 0x11, 0x04, 0x00, 0x00, 0x00, 0x00, 0x11, 0x02,
  0x80, 0x24, 0x00, 0x00, 0x40, 0x00, 0x00, 0x44, 0x00, 0x80, 0x52, 0x11, 0x68, 0x94, 0x2A, 0x59,
  0xB5, 0x4A, 0x03, 0x08, 0x20, 0xD0, 0x20, 0x00, 0x81, 0xB1, 0xDC, 0x03, 0xBF, 0xBE, 0xEE, 0xB5,
  0xAE, 0x40, 0x55, 0x15, 0x55, 0x2D, 0x20, 0x84, 0x01, 0xC2, 0x0B, 0x20, 0x48, 0x20, 0x29, 0x49,
  0x55, 0x55, 0x85, 0x80, 0x14, 0x40, 0x00, 0x00, 0x00, 0x04, 0x40, 0x40, 0x00, 0x00, 0x02, 0x30,
  0x23, 0x55, 0x06, 0x40, 0x00, 0x02, 0x00, 0x00, 0x02, 0x00, 0x00, 0x08, 0x00, 0x00, 0x00, 0x20,
  0x00, 0x00, 0x00, 0x24, 0x80, 0x10, 0x00, 0x00, 0x10, 0x00, 0x40, 0x00, 0xF7, 0x88, 0x08, 0xF0,
  0x0F, 0x00, 0x01, 0xF0, 0x06, 0x00, 0x00, 0x00, 0x00, 0x80, 0x3F, 0x00, 0x00, 0x00, 0x08, 0x08,
  0x00, 0x01, 0x01, 0x00, 0x00, 0x04, 0x00, 0x00, 0x04, 0x00, 0x02, 0x00, 0x08, 0x40, 0x40, 0x00,
  0x20, 0x40, 0x00, 0x40, 0x85, 0x52, 0xA5, 0xA6, 0xB6, 0xD5, 0x06, 0x01, 0x08, 0xB1, 0x00, 0x42,
  0x81, 0xE1, 0xFD, 0x80, 0xF5, 0x6B, 0x7B, 0xFA, 0xDD, 0x5F, 0xAA, 0x6A, 0x55, 0x07, 0x20, 0x80,
  0x41, 0xE4, 0x06, 0x00, 0x24, 0x4B, 0x92, 0x52, 0x55, 0x55, 0x2A, 0x2A, 0x42, 0x05, 0x40, 0x10,
  0x10, 0x00, 0x10, 0x08, 0x00, 0x00, 0x80, 0x58, 0x8A, 0x00, 0x05, 0x04, 0x40, 0x00, 0x08, 0x20,
  0x40, 0x00, 0x01, 0x00, 0x08, 0x20, 0x12, 0x00, 0x00, 0x00, 0x09, 0x00, 0x02, 0x00, 0x10, 0x00,
  0x04, 0x20, 0x02, 0x80, 0x7F, 0x00, 0x00, 0xF0, 0x0F, 0x40, 0x00, 0xE0, 0x0F, 0x20, 0x02, 0x00,
  0x04, 0x04, 0x7B, 0x00, 0x80, 0x00, 0x00, 0x01, 0x00, 0x00, 0x20, 0x10, 0x00, 0x40, 0x00, 0x20,
  0x01, 0x00, 0x80, 0x00, 0x02, 0x00, 0x08, 0x00, 0x00, 0x28, 0x49, 0x12, 0xAA, 0xD4, 0x54, 0x59,
  0x6D, 0x55, 0x19, 0x80, 0x00, 0xA0, 0x00, 0x40, 0xD1, 0xA0, 0x3E, 0x90, 0x5F, 0xD6, 0x9D, 0xAF,
  0x6A, 0xD5, 0xA5, 0x92, 0xAA, 0x01, 0x20, 0xC2, 0x11, 0xC2, 0x85, 0x00, 0x89, 0x90, 0x26, 0x94,
  0xAE, 0xAA, 0xA4, 0x48, 0x09, 0x02, 0x00, 0x04, 0x04, 0x01, 0x04, 0x00, 0x40, 0x40, 0x00, 0xA8,
  0xA4, 0x42, 0x02, 0x00, 0x08, 0x00, 0x80, 0x08, 0x00, 0x40, 0x80, 0x00, 0x81, 0x08, 0x00, 0x02,
  0x00, 0x00, 0x00, 0x00, 0x00, 0x00, 0x04, 0x80, 0x00, 0x08, 0x00, 0x90, 0x3F, 0x00, 0x80, 0xE0,
  0x1B, 0x08, 0x00, 0xE4, 0x07, 0x02, 0x40, 0x48, 0x00, 0x01, 0x3F, 0x24, 0x12, 0x88, 0x00, 0x40,
  0x40, 0x00, 0x00, 0x02, 0x41, 0x00, 0x40, 0x08, 0x40, 0x00, 0x00, 0x88, 0x00, 0x08, 0x00, 0x10,
  0x04, 0x02, 0x02, 0x40, 0x50, 0xA5, 0x55, 0x6B, 0xDB, 0xAA, 0x36, 0x00, 0x00, 0xC0, 0x01, 0x80,
  0x81, 0xA0, 0x1E, 0xC1, 0x6A, 0xBD, 0xA7, 0xB5, 0xF7, 0x5B, 0x5E, 0x55, 0x7D, 0x10, 0x20, 0x90,
  0x01, 0xE4, 0x06, 0x08, 0x55, 0xA5, 0x4A, 0x55, 0xD5, 0x06, 0x09, 0x25, 0x52, 0x01, 0x09, 0x00,
  0x00, 0x00, 0x01, 0x00, 0x10, 0x04, 0x00, 0x2C, 0x49, 0xA9, 0x46, 0x00, 0x02, 0x40, 0x00, 0x00,
  0x08, 0x08, 0x10, 0x20, 0x00, 0x00, 0x00, 0x00, 0x24, 0x11, 0x80, 0x00, 0x00, 0x42, 0x00, 0x24,
  0x80, 0x00, 0x10, 0xC2, 0x3B, 0x00, 0x02, 0xC0, 0x9E, 0x00, 0x10, 0x61, 0x0F, 0x00, 0x10, 0x00,
  0x40, 0x00, 0x6F, 0x00, 0x00, 0x00, 0x20, 0x00, 0x04, 0x20, 0x04, 0x00, 0x10, 0x00, 0x04, 0x00,
  0x00, 0x10, 0x21, 0x00, 0x00, 0x02, 0x02, 0x02, 0x01, 0x50, 0xA9, 0x85, 0xA6, 0xAA, 0xAA, 0x56,
  0xB5, 0x57, 0x55, 0x10, 0x00, 0x40, 0x21, 0x90, 0xC1, 0x44, 0x0F, 0xC0, 0xDF, 0xEB, 0xEA, 0x6E,
  0x5D, 0xED, 0xF5, 0xEF, 0x03, 0x00, 0x21, 0x82, 0x41, 0xC2, 0x03, 0x40, 0x22, 0x18, 0x91, 0xAA,
  0xBB, 0x2A, 0x50, 0xD2, 0x04, 0x20, 0x00, 0x01, 0x01, 0x40, 0x00, 0x02, 0x02, 0x00, 0x08, 0x55,
  0x55, 0x90, 0x02, 0x88, 0x00, 0x08, 0x04, 0x00, 0x01, 0x01, 0x00, 0x04, 0x00, 0x00, 0x80, 0x20,
  0x00, 0x00, 0x00, 0x10, 0x90, 0x00, 0x00, 0x01, 0x00, 0x00, 0x00, 0xC0, 0x1F, 0x92, 0x20, 0xC4,
  0x3F, 0x00, 0x04, 0xE0, 0x05, 0x40, 0x00, 0x00, 0x10, 0x80, 0x7F, 0x00, 0x00, 0x00, 0x08, 0x10,
  0x00, 0x00, 0x00, 0x00, 0x00, 0x04, 0x00, 0x02, 0x00, 0x04, 0x00, 0x00, 0x80, 0x80, 0x80, 0x00,
  0x80, 0x04, 0x00, 0x1A, 0xA9, 0x55, 0x57, 0xB5, 0x6D, 0xAD, 0xF7, 0x04, 0x44, 0x44, 0x81, 0x01,
  0xC1, 0x60, 0x1F, 0xE0, 0xAA, 0xBE, 0xBD, 0x5A, 0xBB, 0x5B, 0x03, 0x10, 0x00, 0x00, 0x20, 0x80,
  0x01, 0x64, 0x41, 0x40, 0x55, 0xD3, 0xAA, 0xEA, 0x16, 0x51, 0x05, 0x00, 0x20, 0x00, 0x00, 0x00,
  0x00, 0x10, 0x00, 0x20, 0x00, 0x00, 0x41, 0xAC, 0x8A, 0x4A, 0x03, 0x02, 0x00, 0x02, 0x40, 0x00,
  0x00, 0x00, 0x04, 0x00, 0x10, 0x04, 0x11, 0x00, 0x00, 0x00, 0x11, 0x00, 0x01, 0x00, 0x00, 0x00,
  0x00, 0x80, 0x00, 0xE0, 0x0E, 0x00, 0x00, 0x80, 0x3F, 0x00, 0x01, 0xE0, 0x8F, 0x08, 0x04, 0x04,
  0x02, 0x20, 0x3B, 0x80, 0x00, 0x21, 0x00, 0x02, 0x00, 0x04, 0x41, 0x20, 0x04, 0x20, 0x80, 0x00,
  0x04, 0x01, 0x00, 0x02, 0x20, 0x00, 0x00, 0x00, 0x00, 0xA9, 0xAA, 0x74, 0x52, 0xAB, 0xAE, 0x75,
  0xDB, 0x3B, 0x4D, 0x01, 0x01, 0x80, 0x02, 0x41, 0xE1, 0x40, 0x0D, 0x71, 0x77, 0xED, 0xD6, 0xED,
  0xD6, 0xB6, 0x01, 0x00, 0x00, 0x22, 0x48, 0xC2, 0x21, 0xA6, 0x02, 0x60, 0x22, 0xAA, 0x4A, 0x55,
  0x45, 0x82, 0x90, 0x92, 0x42, 0x08, 0x40, 0x20, 0x20, 0x01, 0x40, 0x00, 0x00, 0x11, 0x00, 0x54,
  0x35, 0x55, 0x81, 0x00, 0x80, 0x00, 0x00, 0x44, 0x40, 0x00, 0x01, 0x01, 0x02, 0x01, 0x00, 0x08,
  0x01, 0x40, 0x00, 0x04, 0x00, 0x10, 0x11, 0x00, 0x08, 0x22, 0x44, 0xE0, 0x0F, 0x00, 0x00, 0x80,
  0x2B, 0x08, 0x00, 0xE0, 0x0F, 0x00, 0x00, 0x81, 0x00, 0x00, 0x7F, 0x04, 0x08, 0x00, 0x02, 0x00,
  0x10, 0x01, 0x00, 0x04, 0x00, 0x00, 0x11, 0x80, 0x40, 0x00, 0x08, 0x20, 0x02, 0x00, 0x20, 0x20,
  0x40, 0x01, 0x04, 0xE1, 0xAA, 0xB6, 0x7D, 0xCB, 0x6D, 0x6D, 0xDB, 0x03, 0x00, 0x00, 0x02, 0x43,
  0xA1, 0xA0, 0x0D, 0xD0, 0xDD, 0x3D, 0x7B, 0x5B, 0x6D, 0xD5, 0x00, 0x00, 0x44, 0x00, 0x20, 0x90,
  0x81, 0x64, 0x01, 0x92, 0xAC, 0x6D, 0x55, 0xD5, 0xB9, 0x2A, 0x45, 0x48, 0x28, 0x00, 0x04, 0x00,
  0x00, 0x00, 0x10, 0x00, 0x20, 0x00, 0x00, 0x56, 0xA5, 0x48, 0x11, 0x00, 0x20, 0x00, 0x01, 0x00,
  0x10, 0x10, 0x00, 0x40, 0x00, 0x40, 0x00, 0x00, 0x40, 0x04, 0x00, 0x00, 0x00, 0x00, 0x00, 0x00,
  0x82, 0x00, 0x00, 0xE4, 0x0D, 0x00, 0x80, 0x20, 0x7F, 0x00, 0x00, 0x60, 0x07, 0x00, 0x00, 0x00,
  0x00, 0x04, 0x6F, 0x00, 0x00, 0x00, 0x00, 0x00, 0x01, 0x00, 0x00, 0x00, 0x80, 0x00, 0x00, 0x20,
  0x00, 0x80, 0x80, 0x00, 0x00, 0x20, 0x08, 0x08, 0xA4, 0xAA, 0x52, 0x8A, 0x55, 0x6D, 0xAD, 0x5E,
  0xF7, 0x56, 0xB5, 0x45, 0x00, 0x80, 0x84, 0x83, 0x61, 0x90, 0x0C, 0x70, 0x6B, 0xCF, 0xEF, 0xB6,
  0xDB, 0x36, 0x20, 0x00, 0x01, 0x00, 0x21, 0x82, 0x41, 0xB4, 0x20, 0x30, 0x51, 0x55, 0x55, 0x35,
  0x6E, 0x55, 0x08, 0x01, 0x02, 0x00, 0x01, 0x08, 0x02, 0x00, 0x04, 0x84, 0x04, 0x00, 0x08, 0x54,
  0x9B, 0xB2, 0x01, 0x40, 0x04, 0x40, 0x10, 0x00, 0x00, 0x00, 0x40, 0x00, 0x00, 0x00, 0x80, 0x00,
  0x10, 0x00, 0x80, 0x00, 0x04, 0x02, 0x00, 0x11, 0x00, 0x00, 0x00, 0xB0, 0x87, 0x44, 0x24, 0x08,
  0x7F, 0x40, 0x40, 0xE2, 0x0F, 0x02, 0x41, 0x00, 0x00, 0x01, 0x3F, 0x20, 0x42, 0x04, 0x40, 0x40,
  0x00, 0x20, 0x08, 0x01, 0x21, 0x08, 0x00, 0x00, 0x00, 0x00, 0x00, 0x00, 0x00, 0x08, 0x00, 0x00,
  0x50, 0xA8, 0x55, 0xB5, 0xF6, 0xFF, 0xFF, 0xB5, 0x5F, 0xBF, 0xEE, 0x0F, 0x20, 0x09, 0x01, 0x23,
  0x61, 0xA0, 0x0C, 0xFA, 0xBE, 0xE5, 0x5D, 0xDB, 0xAA, 0x2D, 0x08, 0x44, 0x00, 0x10, 0x20, 0x80,
  0x01, 0xF2, 0x00, 0x4C, 0x55, 0x6D, 0x55, 0xBB, 0x50, 0x85, 0x52, 0x54, 0x18, 0x42, 0x00, 0x02,
  0x00, 0x08, 0x41, 0x00, 0x00, 0x40, 0x02, 0xAE, 0xA6, 0xAA, 0x00, 0x10, 0x00, 0x00, 0x00, 0x01,
  0x02, 0x04, 0x10, 0x08, 0x20, 0x00, 0x24, 0x40, 0x00, 0x00, 0x08, 0x20, 0x41, 0x00, 0x40, 0x00,
  0x00, 0x00, 0x00, 0xE1, 0x07, 0x00, 0x00, 0x00, 0x5B, 0x04, 0x08, 0xE0, 0x85, 0x40, 0x10, 0x10,
  0x10, 0x80, 0x7B, 0x00, 0x00, 0x40, 0x00, 0x04, 0x40, 0x00, 0x02, 0x40, 0x00, 0x00, 0x00, 0x02,
  0x10, 0x10, 0x00, 0x10, 0x08, 0x01, 0x02, 0x02, 0x28, 0x55, 0x5D, 0xED, 0x05, 0x10, 0xA8, 0xBF,
  0xF5, 0xD5, 0xBA, 0x0E, 0x08, 0x00, 0x8A, 0x43, 0x51, 0xD0, 0x8E, 0xD0, 0xED, 0xF1, 0xEF, 0x6D,
  0x6D, 0x0D, 0x00, 0x00, 0x00, 0x04, 0x20, 0x82, 0x21, 0x54, 0x00, 0x29, 0xB5, 0x5A, 0xB5, 0x55,
  0x02, 0x75, 0x05, 0x01, 0x05, 0x00, 0x40, 0x00, 0x20, 0x02, 0xC0, 0x00, 0x00, 0x12, 0x00, 0xAB,
  0xAD, 0xCA, 0x00, 0x02, 0x00, 0x08, 0x00, 0x90, 0x00, 0x80, 0x00, 0x00, 0x08, 0x04, 0x01, 0x08,
  0x04, 0x10, 0x01, 0x08, 0x00, 0x20, 0x09, 0x80, 0x20, 0x10, 0x11, 0xF0, 0x06, 0x00, 0x00, 0x00,
  0xFE, 0x00, 0x00, 0xE0, 0x0F, 0x00, 0x00, 0x00, 0x01, 0x00, 0x3F, 0x04, 0x00, 0x00, 0x04, 0x00,
  0x08, 0x08, 0x00, 0x00, 0x00, 0x80, 0x44, 0x00, 0x04, 0x04, 0x04, 0x04, 0x01, 0x00, 0x00, 0x80,
  0x14, 0x21, 0xF5, 0x17, 0x48, 0x45, 0x55, 0x6C, 0xDF, 0xBB, 0xED, 0x1B, 0x00, 0x00, 0x0A, 0x43,
  0x63, 0x48, 0x0C, 0xF8, 0xFE, 0xBC, 0x7D, 0xD7, 0xAA, 0x02, 0x00, 0x01, 0x20, 0x01, 0x24, 0xC0,
  0x01, 0x7A, 0x08, 0x54, 0xA9, 0xEB, 0x5A, 0x85, 0x54, 0x40, 0x55, 0x52, 0x04, 0x10, 0x10, 0x80,
  0x08, 0x00, 0xE0, 0x11, 0x80, 0x00, 0x40, 0x5A, 0xEB, 0x6A, 0x48, 0x00, 0x80, 0x00, 0x04, 0x00,
  0x80, 0x00, 0x00, 0x80, 0x00, 0x20, 0x00, 0x00, 0x00, 0x02, 0x00, 0x00, 0x00, 0x00, 0x00, 0x00,
  0x00, 0x04, 0x00, 0xF0, 0x47, 0x00, 0x01, 0x00, 0x7E, 0x00, 0x01, 0xE0, 0x07, 0x00, 0x00, 0x00,
  0x00, 0x10, 0x7F, 0x80, 0x10, 0x10, 0x00, 0x01, 0x00, 0x00, 0x40, 0x08, 0x08, 0x02, 0x00, 0x20,
  0x00, 0x01, 0x20, 0x00, 0x00, 0x00, 0x40, 0x00, 0xA4, 0x54, 0xED, 0x80, 0x22, 0x28, 0xAF, 0xAA,
  0x7F, 0xFF, 0xBE, 0x2D, 0x02, 0x40, 0x18, 0x43, 0x71, 0x50, 0x0E, 0xB8, 0x37, 0x7E, 0xAB, 0xBA,
  0xB6, 0x01, 0x01, 0x00, 0x08, 0x00, 0x41, 0x82, 0x01, 0x5C, 0x00, 0xAA, 0x56, 0x5D, 0x6F, 0x29,
  0x00, 0x0A, 0x48, 0x09, 0x81, 0x00, 0x00, 0x00, 0x00, 0x40, 0xB0, 0x06, 0x11, 0x00, 0x00, 0x66,
  0xB5, 0x2A, 0x00, 0x00, 0x09, 0x00, 0x41, 0x00, 0x20, 0x00, 0x04, 0x21, 0x00, 0x01, 0x00, 0x02,
  0x00, 0x00, 0x40, 0x00, 0x00, 0x04, 0x00, 0x08, 0x04, 0x00, 0x00, 0xF8, 0x03, 0x48, 0x40, 0x04,
  0xEF, 0x40, 0x00, 0x71, 0x0F, 0x08, 0x04, 0x02, 0x40, 0x04, 0x37, 0x00, 0x00, 0x01, 0x40, 0x20,
  0x02, 0x02, 0x01, 0x00, 0x80, 0x20, 0x00, 0x00, 0x00, 0x00, 0x01, 0x00, 0x40, 0x40, 0x10, 0x20,
  0x96, 0x4A, 0x17, 0xAA, 0x88, 0xC2, 0x02, 0x69, 0xE8, 0xDB, 0x75, 0x7F, 0x00, 0x08, 0x8A, 0x43,
  0x23, 0x68, 0x0E, 0xFC, 0xBE, 0xEF, 0xEF, 0x55, 0x55, 0x20, 0x10, 0x10, 0x01, 0x00, 0x20, 0x80,
  0x41, 0x2C, 0x40, 0xAB, 0xEC, 0xB6, 0xB1, 0x42, 0x95, 0xA0, 0x02, 0x20, 0x03, 0x00, 0x02, 0x10,
  0x00, 0x00, 0x60, 0x05, 0x00, 0x00, 0x04, 0x5B, 0x4F, 0x35, 0x00, 0x00, 0x00, 0x20, 0x00, 0x04,
  0x00, 0x08, 0x01, 0x00, 0x00, 0x00, 0x40, 0x80, 0x40, 0x00, 0x10, 0x04, 0x48, 0x00, 0x00, 0x02,
  0x00, 0x01, 0x40, 0xB2, 0x03, 0x00, 0x10, 0x40, 0xFE, 0x10, 0x20, 0xE0, 0x07, 0x81, 0x80, 0x20,
  0x04, 0x00, 0x7F, 0x08, 0x00, 0x00, 0x10, 0x00, 0x80, 0x00, 0x00, 0x00, 0x01, 0x00, 0x00, 0x02,
  0x02, 0x00, 0x00, 0x81, 0x10, 0x08, 0x04, 0x08, 0xA9, 0xB4, 0xA0, 0x40, 0x22, 0xB4, 0xA8, 0xAA,
  0x57, 0xFF, 0xDB, 0x6B, 0x80, 0x00, 0x14, 0x23, 0x71, 0x28, 0x0E, 0xAD, 0x9F, 0xBF, 0x55, 0xAF,
  0x2A, 0x08, 0x00, 0x04, 0x00, 0x20, 0x20, 0xC4, 0x01, 0x3A, 0x02, 0xAA, 0x5A, 0x7B, 0x56, 0x0D,
  0x20, 0x04, 0x90, 0x84, 0x20, 0x84, 0x00, 0x02, 0x80, 0x08, 0xD8, 0x08, 0x00, 0x40, 0x00, 0x6E,
  0xD5, 0x1A, 0x00, 0x24, 0x00, 0x01, 0x00, 0x00, 0x04, 0x40, 0x40, 0x00, 0x08, 0x00, 0x04, 0x00,
  0x10, 0x20, 0x01, 0x80, 0x00, 0x40, 0x88, 0x80, 0x40, 0x00, 0x09, 0xF8, 0x07, 0x01, 0x00, 0x00,
  0xFA, 0x00, 0x00, 0xE0, 0x0D, 0x00, 0x00, 0x00, 0x00, 0x80, 0x6F, 0x80, 0x44, 0x08, 0x01, 0x00,
  0x00, 0x40, 0x10, 0x11, 0x00, 0x00, 0x48, 0x80, 0x40, 0x40, 0x00, 0x20, 0x00, 0x00, 0x00, 0x82,
  0xAA, 0x2A, 0x09, 0x14, 0x88, 0x28, 0x22, 0xAA, 0x55, 0x7A, 0x7F, 0xDF, 0x20, 0x00, 0x34, 0x47,
  0x33, 0x24, 0x0E, 0xFC, 0xEE, 0xFB, 0xBE, 0x6A, 0x15, 0x00, 0x80, 0x00, 0x00, 0x08, 0x20, 0x80,
  0x21, 0x16, 0x80, 0x55, 0xB7, 0x8D, 0x55, 0xA9, 0x0A, 0x91, 0x04, 0x51, 0x00, 0x00, 0x40, 0x00,
  0x11, 0x00, 0x92, 0x15, 0x04, 0x04, 0x20, 0xDB, 0xAA, 0x0D, 0x12, 0x01, 0x20, 0x00, 0x00, 0x41,
  0x00, 0x00, 0x00, 0x08, 0x82, 0x90, 0x00, 0x10, 0x00, 0x08, 0x00, 0x00, 0x00, 0x10, 0x00, 0x00,
  0x00, 0x40, 0x00, 0xF0, 0x42, 0x00, 0x00, 0x10, 0xDE, 0x00, 0x08, 0xE0, 0x0F, 0x00, 0x00, 0x00,
  0x01, 0x01, 0x3B, 0x00, 0x00, 0x00, 0x00, 0x08, 0x10, 0x00, 0x00, 0x00, 0x10, 0x00, 0x01, 0x10,
  0x00, 0x10, 0x10, 0x00, 0x00, 0x02, 0x00, 0x80, 0xAA, 0x8A, 0x44, 0x40, 0x25, 0x05, 0x49, 0xA9,
  0xA8, 0xD5, 0xF5, 0xBA, 0x00, 0x80, 0x10, 0x83, 0x29, 0x34, 0x07, 0xAC, 0xE7, 0xAF, 0x6B, 0x5B,
  0x05, 0x02, 0x02, 0x00, 0x40, 0x02, 0x22, 0x82, 0x41, 0x1A, 0x90, 0xAA, 0xEF, 0x53, 0xA9, 0x2A,
  0x21, 0x00, 0x50, 0x44, 0x00, 0x20, 0x10, 0x00, 0x00, 0x80, 0xA8, 0x90, 0x80, 0x00, 0x00, 0x6A,
  0x5B, 0x07, 0x00, 0x00, 0x02, 0x08, 0x24, 0x00, 0x80, 0x00, 0x00, 0x80, 0x00, 0x00, 0x00, 0x02,
  0x04, 0x00, 0x00, 0x21, 0x00, 0x02, 0x00, 0x00, 0x08, 0x10, 0x00, 0xF8, 0x03, 0x40, 0x04, 0x02,
  0xFE, 0x00, 0x00, 0xE2, 0xEE, 0xFF, 0xFF, 0x08, 0x20, 0x10, 0xFF, 0xFF, 0xBD, 0x47, 0x00, 0x80,
  0x00, 0x08, 0x00, 0x00, 0x04, 0x12, 0x00, 0x00, 0x00, 0x04, 0x00, 0x04, 0x00, 0x80, 0x80, 0x40,
  0x55, 0x11, 0x12, 0x15, 0x10, 0x4B, 0x90, 0x0A, 0x6A, 0xAF, 0xDF, 0xFF, 0x01, 0x24, 0x28, 0x23,
  0x39, 0x34, 0x0E, 0x7C, 0xFB, 0xDE, 0x5A, 0x95, 0x00, 0x80, 0x20, 0x40, 0x12, 0x00, 0x20, 0xC0,
  0x01, 0x0E, 0xC0, 0xF6, 0x75, 0x54, 0x4A, 0x52, 0x8A, 0x54, 0x05, 0x11, 0x84, 0x00, 0x00, 0x20,
  0x00, 0x20, 0xA8, 0x2A, 0x00, 0x00, 0x01, 0xDE, 0x6D, 0x05, 0x00, 0x00, 0x00, 0x80, 0x00, 0x00,
  0x20, 0x08, 0x08, 0x01, 0x00, 0x00, 0x90, 0x00, 0x00, 0x02, 0x08, 0x00, 0x44, 0x00, 0x02, 0x10,
  0x02, 0x00, 0x00, 0xB8, 0x03, 0x10, 0x80, 0x00, 0xEC, 0x08, 0x81, 0xE0, 0xFF, 0xFB, 0xFF, 0x01,
  0x00, 0x00, 0xFF, 0xFF, 0xFF, 0x0F, 0x88, 0x00, 0x00, 0x02, 0x42, 0x88, 0x00, 0x00, 0x00, 0x00,
  0x10, 0x00, 0x04, 0x01, 0x44, 0x20, 0x08, 0xA0, 0xAA, 0xA4, 0x00, 0x40, 0xC5, 0x80, 0xA2, 0x52,
  0xD5, 0x3F, 0xF6, 0x6E, 0x11, 0x00, 0x60, 0x42, 0x33, 0x14, 0x86, 0xEE, 0xFC, 0x7B, 0x57, 0x2B,
  0x00, 0x00, 0x00, 0x10, 0x00, 0x00, 0x20, 0x92, 0x49, 0x0D, 0x41, 0xAD, 0x5F, 0x55, 0x95, 0x84,
  0x29, 0x00, 0x20, 0x8A, 0x00, 0x04, 0x04, 0x08, 0x04, 0x09, 0x2C, 0x41, 0x20, 0x10, 0x08, 0x6A,
  0x5B, 0x43, 0x80, 0x40, 0x00, 0x01, 0x00, 0x08, 0x09, 0x00, 0x01, 0x00, 0x00, 0x04, 0x00, 0x80,
  0x80, 0x00, 0x02, 0x00, 0x00, 0x00, 0x20, 0x02, 0x00, 0x02, 0x40, 0xF8, 0x13, 0x04, 0x00, 0x00,
  0xFE, 0x00, 0x00, 0xE0, 0x7F, 0xBF, 0xAD, 0x81, 0x00, 0x00, 0xB7, 0x6D, 0xEF, 0x06, 0x00, 0x00,
  0x84, 0x00, 0x00, 0x00, 0x80, 0x00, 0x10, 0x01, 0x02, 0x00, 0x00, 0x80, 0x00, 0x00, 0x00, 0xA0,
  0x2E, 0x8A, 0xAA, 0x12, 0x28, 0x15, 0x54, 0x89, 0xBA, 0xEA, 0xF9, 0xFB, 0x01, 0x00, 0x28, 0x42,
  0x1D, 0x1A, 0x0F, 0xBC, 0xDE, 0xB7, 0xAD, 0x16, 0x41, 0x10, 0x00, 0x02, 0x00, 0x40, 0x20, 0x80,
  0x01, 0x0B, 0xE0, 0xDB, 0xC2, 0x56, 0x21, 0x29, 0x8A, 0x92, 0x48, 0x09, 0x20, 0x00, 0x01, 0x02,
  0x40, 0x00, 0x54, 0x89, 0x08, 0x00, 0x00, 0xF6, 0xD6, 0x00, 0x04, 0x10, 0x48, 0x00, 0x00, 0x02,
  0x00, 0x40, 0x00, 0x10, 0x20, 0x81, 0x04, 0x00, 0x20, 0x80, 0x80, 0x08, 0x00, 0x80, 0x00, 0x00,
  0x40, 0x00, 0x08, 0x78, 0x03, 0x00, 0x20, 0x40, 0xDE, 0x00, 0x10, 0xE0, 0xF6, 0xEF, 0xFF, 0x00,
  0x08, 0x82, 0xFF, 0xFF, 0xFF, 0x0F, 0x02, 0x24, 0x00, 0x80, 0x10, 0x00, 0x00, 0x80, 0x04, 0x90,
  0x00, 0x01, 0x01, 0x00, 0x00, 0x08, 0x00, 0xB4, 0x85, 0x24, 0x04, 0x44, 0xA5, 0x60, 0x29, 0xA4,
  0x56, 0xB5, 0xE7, 0xBF, 0x03, 0x01, 0x60, 0x20, 0x1B, 0x14, 0x06, 0x7E, 0x77, 0xAD, 0x52, 0x05,
  0x10, 0x04, 0x08, 0x00, 0x00, 0x10, 0x24, 0x82, 0x81, 0x05, 0x30, 0xF5, 0x35, 0xA9, 0x4A, 0x42,
  0x20, 0x21, 0x02, 0x02, 0x00, 0x40, 0x80, 0x00, 0x00, 0x00, 0x56, 0xA9, 0x00, 0x02, 0x81, 0x76,
  0x6B, 0x00, 0x00, 0x00, 0x00, 0x10, 0x44, 0x00, 0x00, 0x00, 0x40, 0x00, 0x01, 0x00, 0x00, 0x10,
  0x08, 0x20, 0x00, 0x80, 0x00, 0x04, 0x00, 0x80, 0x00, 0x00, 0x01, 0xD8, 0x03, 0x01, 0x02, 0x10,
  0xF4, 0x20, 0x04, 0xE0, 0xDF, 0xFD, 0xF7, 0x21, 0x80, 0x20, 0xFF, 0xFE, 0xBB, 0x07, 0x00, 0x00,
  0x20, 0x00, 0x00, 0x02, 0x10, 0x20, 0x00, 0x00, 0x00, 0x20, 0x40, 0x10, 0x00, 0x01, 0x44, 0x50,
  0x11, 0xA9, 0xA8, 0x10, 0x98, 0x8A, 0x4A, 0xA9, 0xAA, 0xED, 0x9F, 0xFF, 0x02, 0x44, 0x50, 0x40,
  0x19, 0x19, 0x07, 0x2E, 0xBF, 0xAB, 0xD4, 0x00, 0x00, 0x00, 0x82, 0x00, 0x84, 0x04, 0x40, 0x80,
  0xA1, 0x83, 0xD0, 0x5E, 0xFE, 0x55, 0xA9, 0x28, 0x45, 0x44, 0x68, 0x05, 0x02, 0x10, 0x00, 0x00,
  0x01, 0x00, 0x4A, 0x02, 0x01, 0x40, 0x00, 0xDC, 0x3E, 0x00, 0x21, 0x02, 0x00, 0x00, 0x01, 0x40,
  0x00, 0x09, 0x00, 0x04, 0x00, 0x00, 0x00, 0x01, 0x00, 0x00, 0x00, 0x00, 0x48, 0x00, 0x10, 0x20,
  0x10, 0x20, 0x00, 0xFA, 0x03, 0x00, 0x00, 0x04, 0xFE, 0x04, 0x00, 0xE2, 0xFB, 0xFF, 0xFF, 0x00,
  0x00, 0x00, 0xDB, 0xFF, 0xFF, 0x87, 0x20, 0x00, 0x01, 0x10, 0x00, 0x20, 0x02, 0x08, 0x00, 0x00,
  0x40, 0x00, 0x00, 0x00, 0x48, 0x00, 0x01, 0xF0, 0xA2, 0x22, 0x01, 0x45, 0x25, 0x52, 0x12, 0x52,
  0x55, 0xBB, 0x3E, 0xFB, 0x83, 0x0B, 0xC4, 0xA0, 0x1F, 0x0A, 0x87, 0xDE, 0x77, 0x2B, 0x2D, 0x40,
  0x04, 0x00, 0x00, 0x80, 0x00, 0x00, 0x20, 0xC0, 0xC1, 0x26, 0x58, 0x8B, 0x95, 0x96, 0x02, 0x02,
  0x10, 0x88, 0x92, 0x40, 0x80, 0x04, 0x20, 0x40, 0x10, 0x00, 0x52, 0x55, 0x02, 0x00, 0x10, 0x76,
  0x07, 0x48, 0x00, 0x00, 0x01, 0x00, 0x00, 0x00, 0x04, 0x00, 0x08, 0x00, 0x08, 0x10, 0x20, 0x00,
  0x01, 0x08, 0x20, 0x00, 0x00, 0x20, 0x04, 0x09, 0x00, 0x08, 0x00, 0xF0, 0x22, 0x40, 0x00, 0x01,
  0xBC, 0x00, 0x01, 0xE0, 0x0E, 0x02, 0x00, 0x01, 0x04, 0x00, 0x7F, 0x02, 0x00, 0x08, 0x00, 0x01,
  0x00, 0x00, 0x84, 0x00, 0x00, 0x02, 0x80, 0x08, 0x10, 0x08, 0x10, 0x04, 0x01, 0x00, 0x00, 0x18,
  0x15, 0x09, 0x2A, 0x08, 0xCB, 0xA4, 0xAA, 0xAA, 0xB6, 0xF6, 0xF5, 0x7C, 0x03, 0x3C, 0xA0, 0x00,
  0x1B, 0x4A, 0x23, 0xDC, 0xEF, 0xD6, 0x0A, 0x10, 0x00, 0x41, 0x00, 0x10, 0x00, 0x00, 0x20, 0x92,
  0x61, 0x07, 0xE8, 0xF2, 0x7B, 0xBB, 0xAC, 0xA8, 0x42, 0x11, 0x49, 0x00, 0x20, 0x00, 0x08, 0x00,
  0x00, 0x22, 0x8B, 0x08, 0x81, 0x10, 0x00, 0xDC, 0x03, 0x00, 0x00, 0x40, 0x10, 0x21, 0x00, 0x08,
  0x40, 0x00, 0x02, 0x40, 0x00, 0x01, 0x01, 0x40, 0x00, 0x02, 0x08, 0x12, 0x00, 0x00, 0x00, 0x00,
  0x00, 0x02, 0x20, 0xB8, 0x07, 0x10, 0x08, 0x00, 0xEE, 0x00, 0x40, 0xE0, 0x0F, 0x00, 0x00, 0x00,
  0x01, 0x08, 0x3F, 0x00, 0x00, 0x00, 0x00, 0x10, 0x08, 0x02, 0x01, 0x00, 0x00, 0x00, 0x20, 0x00,
  0x04, 0x00, 0x04, 0x00, 0x00, 0x20, 0x00, 0xA9, 0x54, 0xAA, 0x48, 0xD3, 0x90, 0x5A, 0x55, 0xD5,
  0xAA, 0x4D, 0xFF, 0xFB, 0x03, 0x60, 0xA0, 0xA0, 0x1F, 0x0D, 0x07, 0xEE, 0xBD, 0x2D, 0x01, 0x04,
  0x00, 0x00, 0x00, 0x04, 0x20, 0x80, 0x24, 0x80, 0xA1, 0x05, 0xAC, 0x6C, 0x4D, 0xA5, 0x42, 0x02,
  0x08, 0xA2, 0x24, 0x02, 0x08, 0x00, 0x00, 0x08, 0x00, 0x00, 0x52, 0x25, 0x22, 0x00, 0x80, 0xFE,
  0x00, 0x01, 0x00, 0x10, 0x00, 0x08, 0x10, 0x01, 0x00, 0x40, 0x80, 0x10, 0x40, 0x00, 0x00, 0x08,
  0x40, 0x00, 0x02, 0x00, 0x01, 0x02, 0x00, 0x00, 0x84, 0x00, 0x08, 0xF0, 0x03, 0x04, 0x00, 0x00,
  0xFE, 0x00, 0x00, 0xE8, 0x07, 0x20, 0x00, 0x10, 0x40, 0x00, 0x6F, 0x00, 0x90, 0x00, 0x04, 0x00,
  0x80, 0x00, 0x00, 0x10, 0x40, 0x00, 0x02, 0x80, 0x00, 0x00, 0x01, 0x00, 0x00, 0x08, 0x10, 0xB8,
  0xA5, 0x44, 0x05, 0xA4, 0xA6, 0x92, 0x12, 0x55, 0x55, 0xBB, 0xFB, 0xE7, 0x27, 0xC0, 0xC0, 0x48,
  0x0F, 0x0C, 0x03, 0xF6, 0x27, 0x00, 0x00, 0x01, 0x20, 0x10, 0x48, 0x00, 0x08, 0x04, 0x20, 0x82,
  0xE1, 0x02, 0x1C, 0x5F, 0xBB, 0x5D, 0x15, 0xA8, 0x22, 0x14, 0x12, 0x20, 0x02, 0x80, 0x00, 0x02,
  0x40, 0x00, 0x25, 0x41, 0x05, 0x00, 0x22, 0x3C, 0x10, 0x00, 0x88, 0x04, 0x00, 0x00, 0x04, 0x80,
  0x00, 0x10, 0x00, 0x00, 0x00, 0x00, 0x08, 0x01, 0x10, 0x00, 0x00, 0x00, 0x10, 0x80, 0x40, 0x00,
  0x01, 0x00, 0x02, 0xFA, 0x06, 0x01, 0x40, 0x20, 0xFE, 0x48, 0x10, 0xE0, 0x8E, 0x00, 0x12, 0x00,
  0x00, 0x80, 0x7B, 0x00, 0x02, 0x40, 0x40, 0x00, 0x01, 0x20, 0x20, 0x04, 0x11, 0x80, 0x00, 0x00,
  0x00, 0x42, 0x00, 0x21, 0x10, 0x02, 0x04, 0x40, 0x5A, 0x2B, 0xD0, 0x5A, 0x55, 0xAD, 0xA4, 0xAA,
  0x6A, 0xD5, 0xAF, 0xCE, 0x07, 0xC0, 0xA0, 0x41, 0x8F, 0x06, 0x03, 0x7A, 0x00, 0x00, 0x00, 0x00,
  0x02, 0x00, 0x00, 0x00, 0x02, 0x00, 0x20, 0x80, 0xB1, 0x45, 0xE6, 0xBB, 0x56, 0x55, 0x55, 0x01,
  0x88, 0x48, 0x01, 0x00, 0x00, 0x10, 0x80, 0x00, 0x09, 0x08, 0x49, 0x16, 0x06, 0x84, 0x00, 0x0E,
  0x00, 0x10, 0x02, 0x00, 0x08, 0x00, 0x01, 0x00, 0x08, 0x02, 0x00, 0x04, 0x02, 0x10, 0x02, 0x00,
  0x04, 0x40, 0x00, 0x00, 0x00, 0x20, 0x08, 0x10, 0x00, 0x80, 0x00, 0xB0, 0x07, 0x00, 0x02, 0x08,
  0xDF, 0x00, 0x04, 0xE2, 0x07, 0x08, 0x00, 0x02, 0x10, 0x22, 0x3F, 0x44, 0x00, 0x04, 0x00, 0x04,
  0x00, 0x00, 0x00, 0x00, 0x00, 0x10, 0x00, 0x22, 0x00, 0x00, 0x00, 0x00, 0x02, 0x00, 0x00, 0x00,
  0x80, 0xD4, 0x0B, 0x55, 0xB5, 0x2A, 0x55, 0x55, 0xD7, 0x7B, 0xFD, 0xBB, 0x03, 0xC1, 0x80, 0x21,
  0x0F, 0x05, 0x13, 0x3B, 0x00, 0x00, 0x20, 0x80, 0x00, 0x02, 0x01, 0x80, 0x00, 0x41, 0x20, 0xC2,
  0xD1, 0x04, 0xFB, 0xB6, 0xD5, 0xAA, 0x22, 0x55, 0x22, 0x05, 0x84, 0x08, 0x00, 0x02, 0x04, 0x00,
  0x00, 0x80, 0x13, 0xA1, 0x04, 0x00, 0x00, 0x07, 0x80, 0x00, 0x00, 0x00, 0x82, 0x00, 0x00, 0x10,
  0x80, 0x00, 0x20, 0x00, 0x20, 0x80, 0x00, 0x00, 0x01, 0x10, 0x80, 0x88, 0x80, 0x08, 0x00, 0x04,
  0x20, 0x20, 0x00, 0xF0, 0x07, 0x00, 0x00, 0x00, 0x7E, 0x00, 0x00, 0xE0, 0x0F, 0x00, 0x00, 0x40,
  0x04, 0x00, 0x7F, 0x00, 0x00, 0x00, 0x10, 0x40, 0x10, 0x00, 0x04, 0x00, 0x00, 0x04, 0x20, 0x00,
  0x20, 0x00, 0x20, 0x00, 0x00, 0x00, 0x01, 0x01, 0x00, 0x00, 0x74, 0xAB, 0xAA, 0xD5, 0xAA, 0x5A,
  0x59, 0xD5, 0xAB, 0x7E, 0x47, 0x90, 0x21, 0x41, 0x87, 0x06, 0x83, 0x1C, 0x00, 0x11, 0x02, 0x00,
  0x80, 0x00, 0x00, 0x11, 0x00, 0x00, 0x20, 0x90, 0x79, 0x44, 0x5D, 0x6B, 0x2B, 0x55, 0x55, 0x82,
  0x08, 0x50, 0x01, 0x00, 0x40, 0x00, 0x20, 0x20, 0x00, 0x02, 0x49, 0x06, 0x05, 0x00, 0x00, 0x07,
  0x04, 0x80, 0x00, 0x00, 0x00, 0x44, 0x40, 0x02, 0x00, 0x00, 0x08, 0x00, 0x00, 0x04, 0x40, 0x48,
  0x00, 0x04, 0x20, 0x00, 0x20, 0x00, 0x00, 0x00, 0x00, 0x04, 0x80, 0xF0, 0x87, 0x40, 0x20, 0x02,
  0xF7, 0x00, 0x00, 0x60, 0x87, 0x00, 0x81, 0x00, 0x00, 0x00, 0x3B, 0x00, 0x20, 0x00, 0x01, 0x00,
  0x00, 0x82, 0x00, 0x01, 0x00, 0x00, 0x08, 0x00, 0x04, 0x08, 0x00, 0x44, 0x80, 0x40, 0x00, 0x00,
  0x20, 0x00, 0x80, 0xDF, 0x55, 0xAD, 0x6A, 0x75, 0x55, 0xBB, 0xFE, 0xEB, 0x0E, 0x80, 0x41, 0xA1,
  0x07, 0x82, 0x83, 0x0E, 0x11, 0x00, 0x00, 0x08, 0x10, 0x20, 0x10, 0x00, 0x00, 0x00, 0x24, 0x82,
  0x69, 0xA2, 0xFE, 0x5D, 0x6D, 0x55, 0x89, 0x2C, 0x42, 0x25, 0x00, 0x82, 0x08, 0x00, 0x00, 0x00,
  0x80, 0x00, 0x25, 0xA9, 0x8E, 0x10, 0x88, 0x01, 0x01, 0x04, 0x20, 0x21, 0x00, 0x00, 0x00, 0x00,
  0x21, 0x00, 0x01, 0x42, 0x08, 0x00, 0x00, 0x00, 0x00, 0x01, 0x04, 0x00, 0x04, 0x00, 0x80, 0x00,
  0x02, 0x00, 0x20, 0xB0, 0x0D, 0x10, 0x08, 0x00, 0x7F, 0x88, 0x80, 0xE0, 0x0D, 0x40, 0x20, 0x00,
  0x00, 0x00, 0x7F, 0x10, 0x04, 0x22, 0x00, 0x00, 0x80, 0x20, 0x00, 0x20, 0x89, 0x00, 0x00, 0x10,
  0x01, 0x02, 0x01, 0x00, 0x20, 0x10, 0x20, 0x10, 0x09, 0x00, 0x00, 0xF0, 0x6F, 0xAB, 0x5A, 0x57,
  0x75, 0xD5, 0x6B, 0xFF, 0x05, 0x80, 0x41, 0x43, 0x43, 0x07, 0x41, 0x07, 0x00, 0x80, 0x80, 0x00,
  0x00, 0x00, 0x00, 0x00, 0x20, 0x08, 0x21, 0x80, 0x59, 0xD4, 0xA3, 0x57, 0xAB, 0xAA, 0x2A, 0x49,
  0x09, 0x0A, 0x20, 0x0D, 0x00, 0x20, 0x01, 0x04, 0x22, 0x80, 0x95, 0x22, 0x05, 0x00, 0x81, 0x41,
  0x20, 0x00, 0x00, 0x00, 0x20, 0x00, 0x10, 0x00, 0x00, 0x40, 0x00, 0x00, 0x00, 0x00, 0x00, 0x00,
  0x40, 0x00, 0x00, 0x00, 0x00, 0x00, 0x12, 0x80, 0x80, 0x00, 0x00, 0xE0, 0x0F, 0x00, 0x00, 0x80,
  0x3F, 0x00, 0x10, 0xE0, 0x0F, 0x04, 0x00, 0x08, 0x81, 0x84, 0x6F, 0x04, 0x01, 0x00, 0x80, 0x04,
  0x02, 0x00, 0x20, 0x00, 0x00, 0x80, 0x00, 0x02, 0x80, 0x00, 0x10, 0x01, 0x04, 0x00, 0x00, 0x00,
  0x00, 0x00, 0x00, 0x00, 0xFA, 0xDA, 0xD5, 0xAD, 0x6A, 0xBB, 0xFE, 0xEA, 0x1B, 0xC4, 0x41, 0xA1,
  0x86, 0x02, 0x43, 0x03, 0x00, 0x21, 0x10, 0x80, 0x00, 0x08, 0x02, 0x02, 0x02, 0x02, 0x20, 0x82,
  0x3D, 0x7E, 0x00, 0xBE, 0xAA, 0xB6, 0x4A, 0x12, 0xD2, 0x02, 0x80, 0x02, 0x00, 0x04, 0x00, 0x81,
  0x00, 0x20, 0x25, 0xAA, 0x0A, 0x04, 0xB0, 0x11, 0x00, 0x20, 0x04, 0x00, 0x09, 0x10, 0x04, 0x20,
  0x08, 0x08, 0x00, 0x00, 0x02, 0x21, 0x84, 0x00, 0x10, 0x00, 0x00, 0x24, 0x00, 0x84, 0x00, 0x10,
  0x20, 0x00, 0x02, 0xE0, 0x0F, 0x02, 0x00, 0x90, 0x7B, 0x00, 0x00, 0xE8, 0x07, 0x00, 0x00, 0x00,
  0x20, 0x20, 0x3F, 0x00, 0x00, 0x00, 0x08, 0x40, 0x20, 0x00, 0x00, 0x08, 0x00, 0x20, 0x80, 0x00,
  0x00, 0x00, 0x00, 0x00, 0x01, 0x04, 0x08, 0x02, 0x00, 0x10, 0x00, 0x00, 0xA0, 0xB7, 0x5A, 0x92,
  0xDA, 0xF6, 0x0F, 0x00, 0x17, 0x01, 0x81, 0x43, 0x43, 0x83, 0xA1, 0x01, 0x42, 0x00, 0x00, 0x20,
  0x08, 0x02, 0x40, 0x20, 0x00, 0x00, 0x20, 0xC0, 0x2D, 0x15, 0x00, 0xE0, 0x55, 0xA9, 0xAA, 0xA2,
  0xA8, 0x00, 0x44, 0x05, 0x82, 0x00, 0x10, 0x00, 0x00, 0x80, 0xD5, 0x54, 0x0D, 0x00, 0xF0, 0x00,
  0x00, 0x01, 0x00, 0x44, 0x00, 0x02, 0x00, 0x04, 0x00, 0x00, 0x40, 0x08, 0x00, 0x00, 0x20, 0x44,
  0x04, 0x80, 0x00, 0x01, 0x02, 0x01, 0x00, 0x04, 0x00, 0x90, 0x00, 0xE2, 0x8E, 0x00, 0x81, 0x80,
  0x1F, 0x00, 0x02, 0x60, 0x8F, 0x00, 0x04, 0x40, 0x00, 0x00, 0x7B, 0x00, 0x80, 0x00, 0x02, 0x00,
  0x00, 0x00, 0x04, 0x02, 0x00, 0x04, 0x08, 0x00, 0x10, 0x40, 0x04, 0x10, 0x00, 0x00, 0x02, 0x80,
  0x00, 0x01, 0x09, 0x00, 0x00, 0x5F, 0xD2, 0xAA, 0x56, 0xFD, 0x00, 0x00, 0x3C, 0x00, 0x43, 0xA2,
  0x47, 0x02, 0xD3, 0x41, 0x00, 0x00, 0x00, 0x04, 0x80, 0x00, 0x00, 0x00, 0x80, 0x40, 0x20, 0x82,
  0xBD, 0x07, 0x00, 0x80, 0x5F, 0x55, 0x95, 0x14, 0x15, 0x80, 0xA0, 0x82, 0x20, 0x00, 0x00, 0x00,
  0x00, 0x04, 0x25, 0x91, 0x8A, 0x40, 0x70, 0x00, 0x08, 0x00, 0x40, 0x00, 0x00, 0x00, 0x01, 0x01,
  0x02, 0x01, 0x10, 0x80, 0x00, 0x00, 0x00, 0x00, 0x00, 0x20, 0x10, 0x00, 0x40, 0x00, 0x00, 0x01,
  0x00, 0x00, 0x20, 0xC0, 0x1B, 0x40, 0x20, 0xC0, 0x3E, 0x24, 0x00, 0xE1, 0x0B, 0x20, 0x80, 0x00,
  0x00, 0x00, 0x3F, 0x40, 0x20, 0x48, 0x00, 0x00, 0x00, 0x44, 0x00, 0x00, 0x44, 0x00, 0x00, 0x40,
  0x04, 0x10, 0x00, 0x00, 0x00, 0x81, 0x00, 0x20, 0x20, 0x00, 0x80, 0x08, 0x00, 0x80, 0xAA, 0xAA,
  0xFB, 0x07, 0x00, 0x00, 0x58, 0x00, 0x93, 0x47, 0x43, 0xA3, 0xD1, 0x00, 0x10, 0x08, 0x82, 0x00,
  0x00, 0x80, 0x08, 0x00, 0x08, 0x00, 0x20, 0x90, 0xD7, 0x06, 0x88, 0x00, 0xF4, 0x56, 0x2A, 0xDD,
  0x02, 0x10, 0x50, 0x02, 0x00, 0x80, 0x00, 0x10, 0x88, 0x80, 0x4D, 0x57, 0x0D, 0x00, 0x32, 0x00,
  0x02, 0x88, 0x10, 0x00, 0x00, 0x00, 0x00, 0x00, 0x00, 0x00, 0x02, 0x00, 0x20, 0x84, 0x00, 0x00,
  0x00, 0x08, 0x00, 0x00, 0x00, 0x20, 0x20, 0x00, 0x04, 0x04, 0x00, 0xC0, 0x3F, 0x00, 0x00, 0xC4,
  0x17, 0x00, 0x20, 0xE0, 0x07, 0x08, 0x20, 0x08, 0x04, 0x00, 0x7F, 0x08, 0x08, 0x00, 0x80, 0x08,
  0x04, 0x00, 0x40, 0x80, 0x00, 0x00, 0x00, 0x10, 0x00, 0x04, 0x40, 0x02, 0x20, 0x00, 0x80, 0x08,
  0x08, 0x40, 0x00, 0x80, 0x00, 0x00, 0xA8, 0x6B, 0x17, 0x00, 0x44, 0x10, 0xB0, 0x40, 0x86, 0xA2,
  0xA7, 0x83, 0x69, 0x00, 0x00, 0x80, 0x20, 0x00, 0x04, 0x00, 0x00, 0x42, 0x02, 0x00, 0x24, 0x82,
  0xFA, 0x04, 0x00, 0x00, 0x80, 0xFF, 0xD5, 0x17, 0x00, 0x04, 0x54, 0x01, 0x00, 0x08, 0x44, 0x04,
  0x01, 0x00, 0x53, 0x54, 0x05, 0x08, 0x30, 0x88, 0x80, 0x00, 0x00, 0x10, 0x20, 0x22, 0x20, 0x40,
  0x40, 0x10, 0x00, 0x02, 0x00, 0x00, 0x08, 0x00, 0x00, 0x02, 0x00, 0x40, 0x10, 0x00, 0x04, 0x80,
  0x00, 0x01, 0x00, 0x88, 0x3F, 0x10, 0x08, 0xE0, 0x1F, 0x00, 0x08, 0xE0, 0x0E, 0x00, 0x00, 0x00,
  0x80, 0x88, 0x37, 0x00, 0x00, 0x00, 0x20, 0x80, 0x40, 0x00, 0x00, 0x00, 0x00, 0x00, 0x21, 0x02,
  0x00, 0x01, 0x00, 0x40, 0x04, 0x20, 0x00, 0x00, 0x00, 0x08, 0x00, 0x00, 0x48, 0x00, 0x00, 0x00,
  0x00, 0x00, 0x00, 0x04, 0x61, 0x01, 0x86, 0x46, 0x43, 0x01, 0x29, 0x20, 0x04, 0x00, 0x00, 0x80,
  0x00, 0x10, 0x80, 0x00, 0x00, 0x08, 0x20, 0x80, 0x7F, 0x86, 0x00, 0x08, 0x00, 0x90, 0xAF, 0x00,
  0x00, 0x01, 0x24, 0x21, 0x08, 0x02, 0x00, 0x00, 0x00, 0x00, 0x55, 0x55, 0x0D, 0x02, 0x18, 0x00,
  0x00, 0x00, 0x04, 0x02, 0x02, 0x00, 0x08, 0x10, 0x10, 0x00, 0x00, 0x20, 0x08, 0x00, 0x00, 0x91,
  0x20, 0x00, 0x84, 0x08, 0x04, 0x00, 0x01, 0x00, 0x40, 0x00, 0x82, 0x80, 0x6D, 0x00, 0x00, 0xF0,
  0x0D, 0x01, 0x01, 0xE0, 0x87, 0x00, 0x01, 0x80, 0x20, 0x00, 0x7F, 0x00, 0x02, 0x00, 0x08, 0x00,
  0x00, 0x10, 0x02, 0x10, 0x80, 0x48, 0x00, 0x00, 0x40, 0x00, 0x02, 0x00, 0x00, 0x08, 0x20, 0x00,
  0x00, 0x00, 0x08, 0x01, 0x00, 0x00, 0x00, 0x00, 0x00, 0x90, 0x00, 0x00, 0xE0, 0x01, 0x8C, 0xA6,
  0xA7, 0x03, 0x25, 0x08, 0x00, 0x21, 0x00, 0x10, 0x20, 0x01, 0x20, 0x00, 0x80, 0x80, 0x20, 0x82,
  0x2E, 0x04, 0x10, 0x02, 0x10, 0x00, 0x00, 0x00, 0x20, 0x00, 0xAB, 0x00, 0x82, 0x00, 0x00, 0x00,
  0x00, 0x88, 0xAB, 0xAE, 0x8A, 0x80, 0x1C, 0x02, 0x00, 0x20, 0x00, 0x00, 0x00, 0x00, 0x02, 0x04,
  0x00, 0x80, 0x80, 0x00, 0x02, 0x11, 0x02, 0x00, 0x08, 0x00, 0x00, 0x00, 0x00, 0x08, 0x00, 0x08,
  0x00, 0x40, 0x20, 0x00, 0xFF, 0x04, 0x02, 0x78, 0x0F, 0x10, 0x00, 0xE4, 0x0D, 0x00, 0x10, 0x20,
  0x00, 0x00, 0x3F, 0x84, 0x00, 0x89, 0x00, 0x20, 0x00, 0x04, 0x10, 0x02, 0x08, 0x00, 0x00, 0x00,
  0x11, 0x00, 0x20, 0x10, 0x00, 0x02, 0x08, 0x00, 0x01, 0x01, 0x40, 0x10, 0x02, 0x24, 0x00, 0x00,
  0x80, 0x00, 0x20, 0x00, 0x40, 0x23, 0x8C, 0x46, 0xA7, 0x11, 0x34, 0x02, 0x00, 0x00, 0x10, 0x04,
  0x00, 0x00, 0x09, 0x10, 0x20, 0x00, 0x20, 0xA0, 0x17, 0x04, 0x04, 0x40, 0x02, 0x00, 0x00, 0x00,
  0x01, 0x40, 0x54, 0x01, 0x00, 0x40, 0x10, 0x41, 0x90, 0x00, 0x6D, 0x55, 0x05, 0x00, 0x0E, 0x00,
  0x10, 0x09, 0x80, 0x80, 0x80, 0x80, 0x00, 0x00, 0x02, 0x04, 0x08, 0x00, 0x00, 0x00, 0x00, 0x00,
  0x00, 0x00, 0x01, 0x00, 0x00, 0x02, 0x80, 0x00, 0x08, 0x00, 0x00, 0x00, 0xFF, 0x01, 0x80, 0xDC,
  0x07, 0x00, 0x00, 0x61, 0x0F, 0x08, 0x00, 0x02, 0x00, 0x20, 0x7B, 0x00, 0x00, 0x00, 0x00, 0x04,
  0x10, 0x00, 0x00, 0x00, 0x02, 0x00, 0x88, 0x40, 0x00, 0x40, 0x00, 0x04, 0x40, 0x00, 0x02, 0x44,
  0x10, 0x00, 0x01, 0x00, 0x00, 0x00, 0x22, 0x44, 0x20, 0x00, 0x08, 0x40, 0x80, 0x05, 0x8C, 0xA6,
  0xA3, 0x81, 0x1A, 0x00, 0x21, 0x08, 0x04, 0x00, 0x00, 0x40, 0x00, 0x00, 0x01, 0x20, 0x20, 0x82,
  0x4D, 0x86, 0x80, 0x00, 0x00, 0x00, 0x00, 0x20, 0x00, 0x50, 0x49, 0x08, 0x00, 0x00, 0x02, 0x10,
  0x04, 0x00, 0xDB, 0x6E, 0x05, 0x00, 0x86, 0x20, 0x01, 0x00, 0x20, 0x00, 0x10, 0x08, 0x00, 0x01,
  0x00, 0x00, 0x00, 0x00, 0x00, 0x80, 0x40, 0x08, 0x00, 0x44, 0x20, 0x00, 0x01, 0x00, 0x20, 0x40,
  0x00, 0x10, 0x00, 0x48, 0xEE, 0x83, 0x00, 0xFE, 0x83, 0x00, 0x40, 0xE0, 0x07, 0x82, 0x00, 0x00,
  0x08, 0x04, 0x3F, 0x00, 0x20, 0x00, 0x00, 0x00, 0x04, 0x81, 0x00, 0x80, 0x00, 0x02, 0x00, 0x08,
  0x00, 0x10, 0x08, 0x00, 0x12, 0x00, 0x00, 0x00, 0x00, 0x20, 0x00, 0x80, 0x40, 0x00, 0x00, 0x00,
  0x04, 0x08, 0x00, 0x12, 0x08, 0x0B, 0x18, 0x4D, 0x67, 0x01, 0x1D, 0x00, 0x00, 0x00, 0x00, 0x01,
  0x02, 0x08, 0x00, 0x00, 0x00, 0x04, 0x28, 0x80, 0x0D, 0x04, 0x00, 0x00, 0x80, 0x44, 0x40, 0x04,
  0x08, 0x24, 0x95, 0x80, 0x20, 0x10, 0x00, 0x00, 0x00, 0x08, 0xAB, 0xB7, 0x06, 0x20, 0x07, 0x00,
  0x00, 0x00, 0x01, 0x10, 0x00, 0x00, 0x00, 0x80, 0x40, 0x40, 0x00, 0x48, 0x40, 0x00, 0x00, 0x00,
  0x01, 0x01, 0x00, 0x22, 0x40, 0x40, 0x04, 0x00, 0x00, 0x02, 0x04, 0x02, 0xFC, 0x1F, 0x40, 0xFF,
  0x21, 0x88, 0x04, 0xE0, 0x8F, 0x00, 0x80, 0x00, 0x02, 0x01, 0x6F, 0x20, 0x00, 0x40, 0x44, 0x00,
  0x00, 0x00, 0x40, 0x20, 0x80, 0x80, 0x00, 0x00, 0x00, 0x04, 0x00, 0x01, 0x00, 0x80, 0x00, 0x01,
  0x00, 0x08, 0x00, 0x00, 0x10, 0x00, 0x00, 0x00, 0x00, 0x00, 0x01, 0x00, 0x00, 0x0D, 0x98, 0xA6,
  0xD3, 0x81, 0x0A, 0x40, 0x00, 0x02, 0x01, 0x80, 0x10, 0x01, 0x00, 0x42, 0x08, 0x00, 0x20, 0xC2,
  0x47, 0x04, 0x00, 0x10, 0x10, 0x00, 0x04, 0x00, 0x80, 0x48, 0x52, 0x00, 0x08, 0x04, 0x00, 0x00,
  0x00, 0x02, 0x7E, 0x5D, 0x03, 0x84, 0x03, 0x00, 0xD0, 0x7F, 0x0D, 0x00, 0x04, 0x00, 0x20, 0x20,
  0x00, 0x10, 0x20, 0x02, 0x08, 0x04, 0x10, 0x00, 0x40, 0x00, 0x00, 0x00, 0x00, 0x00, 0x00, 0x04,
  0x82, 0x00, 0x40, 0x00, 0x78, 0xFF, 0xFA, 0xB7, 0x01, 0x00, 0x00, 0xE0, 0x06, 0x00, 0x08, 0x10,
  0x00, 0x00, 0x7F, 0x04, 0x04, 0x04, 0x00, 0x80, 0x00, 0x20, 0x08, 0x04, 0x00, 0x20, 0x20, 0x00,
  0x88, 0x00, 0x00, 0x80, 0x00, 0x10, 0x40, 0x00, 0x84, 0x00, 0x88, 0x08, 0x00, 0x44, 0x88, 0x00,
  0x00, 0x00, 0x00, 0x00, 0x00, 0x1A, 0x11, 0xCD, 0xD6, 0x90, 0x0E, 0x11, 0x08, 0x00, 0x00, 0x20,
  0x00, 0x00, 0x40, 0x00, 0x80, 0x00, 0x22, 0x90, 0x06, 0x02, 0x08, 0x04, 0x01, 0x00, 0x00, 0x00,
  0x00, 0x95, 0x8A, 0x10, 0x00, 0x00, 0x90, 0x04, 0x80, 0x00, 0xEA, 0xD6, 0x92, 0x88, 0x01, 0x22,
  0xBA, 0x94, 0x72, 0x01, 0x01, 0x21, 0x02, 0x08, 0x10, 0x04, 0x04, 0x00, 0x00, 0x40, 0x00, 0x42,
  0x10, 0x00, 0x00, 0x00, 0x10, 0x08, 0x00, 0x00, 0x20, 0x00, 0x01, 0x00, 0xF0, 0xFB, 0xFF, 0xFF,
  0x00, 0x00, 0x00, 0xE0, 0x0F, 0x00, 0x02, 0x00, 0x00, 0x80, 0x3B, 0x00, 0x00, 0x01, 0x00, 0x24,
  0x00, 0x08, 0x00, 0x00, 0x20, 0x00, 0x08, 0x02, 0x01, 0x00, 0x42, 0x20, 0x00, 0x02, 0x00, 0x10,
  0x01, 0x00, 0x00, 0x00, 0x04, 0x00, 0x00, 0x48, 0x40, 0x44, 0x20, 0x02, 0x02, 0x12, 0x10, 0xAD,
  0xD7, 0x81, 0x06, 0x00, 0x80, 0x40, 0x20, 0x08, 0x00, 0x00, 0x11, 0x00, 0x00, 0x40, 0x20, 0x82,
  0x43, 0x44, 0x82, 0x00, 0x00, 0x20, 0x00, 0x41, 0x22, 0x22, 0x51, 0x04, 0x00, 0x01, 0x01, 0x80,
  0x04, 0x40, 0xD6, 0x5D, 0x03, 0xC4, 0x40, 0x80, 0x57, 0x4B, 0x88, 0x46, 0x00, 0x00, 0x00, 0x02,
  0x00, 0x00, 0x00, 0x00, 0x02, 0x00, 0x04, 0x00, 0x00, 0x40, 0x24, 0x04, 0x04, 0x00, 0x80, 0x40,
  0x00, 0x40, 0x00, 0x40, 0xE0, 0xDE, 0xFF, 0x3E, 0x00, 0x00, 0x20, 0xE4, 0x05, 0x20, 0x00, 0x04,
  0x40, 0x20, 0x7F, 0x00, 0x41, 0x00, 0x00, 0x01, 0x20, 0x02, 0x00, 0x00, 0x08, 0x00, 0x00, 0x20,
  0x00, 0x80, 0x00, 0x00, 0x40, 0x00, 0x08, 0x00, 0x00, 0x00, 0x01, 0x40, 0x00, 0x00, 0x00, 0x00,
  0x12, 0x00, 0x08, 0x80, 0x20, 0x34, 0x30, 0x4D, 0xF3, 0x40, 0x05, 0x00, 0x00, 0x00, 0x00, 0x02,
  0x40, 0x10, 0x00, 0x08, 0x02, 0x08, 0x20, 0x80, 0x02, 0x06, 0x00, 0x00, 0x00, 0x02, 0x48, 0x10,
  0x48, 0xA9, 0x4A, 0x00, 0x01, 0x40, 0x00, 0x03, 0x00, 0x00, 0xBC, 0x56, 0x03, 0xEC, 0x00, 0xA0,
  0xA4, 0x02, 0x45, 0x1C, 0x40, 0x08, 0x40, 0x00, 0x00, 0x00, 0x00, 0x80, 0x80, 0x10, 0x00, 0x00,
  0x00, 0x10, 0x00, 0x40, 0x00, 0x82, 0x24, 0x00, 0x00, 0x10, 0x20, 0x08, 0x80, 0xFF, 0xDE, 0x0F,
  0x10, 0x49, 0x04, 0x60, 0x0F, 0x02, 0x80, 0x80, 0x08, 0x08, 0x2F, 0x20, 0x00, 0x20, 0x49, 0x00,
  0x08, 0x00, 0x42, 0x00, 0x01, 0x04, 0x02, 0x00, 0x00, 0x20, 0x00, 0x08, 0x08, 0x00, 0x02, 0x00,
  0x20, 0x42, 0x40, 0x00, 0x80, 0x10, 0x02, 0x02, 0x00, 0x00, 0x00, 0x00, 0x80, 0x64, 0xB2, 0xDE,
  0xAE, 0x44, 0x03, 0x04, 0x21, 0x00, 0x04, 0x00, 0x08, 0x04, 0x00, 0x80, 0x20, 0x00, 0x20, 0x82,
  0x41, 0x04, 0x00, 0x00, 0x44, 0x00, 0x01, 0x00, 0x08, 0x4A, 0x54, 0x00, 0x10, 0x00, 0xC0, 0x02,
  0x20, 0x10, 0xEC, 0xEB, 0x01, 0x36, 0x10, 0xB8, 0x55, 0x55, 0x88, 0x22, 0x00, 0x00, 0x11, 0x00,
  0x82, 0x80, 0x20, 0x22, 0x00, 0x00, 0x80, 0x08, 0x02, 0x04, 0x00, 0x00, 0x00, 0x00, 0x00, 0x10,
  0x08, 0x00, 0x00, 0x02, 0x04, 0xDF, 0xF7, 0x03, 0x00, 0x00, 0x00, 0xE0, 0x8F, 0x00, 0x20, 0x00,
  0x00, 0x00, 0x7F, 0x04, 0x00, 0x00, 0x00, 0x00, 0x00, 0x00, 0x00, 0x24, 0x00, 0x40, 0x00, 0x08,
  0x90, 0x08, 0x20, 0x00, 0x00, 0x80, 0x00, 0x21, 0x00, 0x00, 0x10, 0x04, 0x00, 0x00, 0x20, 0x00,
  0x00, 0x00, 0x82, 0x2A, 0x15, 0x49, 0x55, 0xAD, 0xF7, 0xA9, 0xAB, 0x12, 0x08, 0x08, 0x00, 0x00,
  0x02, 0x00, 0x04, 0x02, 0x00, 0x02, 0x20, 0xC0, 0x01, 0x04, 0x20, 0x48, 0x00, 0x00, 0x00, 0x80,
  0xA2, 0xA4, 0x22, 0x00, 0x00, 0x08, 0x48, 0x45, 0x00, 0x04, 0x58, 0xDF, 0x20, 0x36, 0x00, 0x6C,
  0xB5, 0x80, 0x52, 0xD5, 0x11, 0x00, 0x00, 0x40, 0x20, 0x10, 0x08, 0x00, 0x20, 0x00, 0x20, 0x80,
  0x20, 0x00, 0x00, 0x01, 0x80, 0x00, 0x00, 0x00, 0x00, 0x02, 0x08, 0x00, 0x00, 0xF8, 0x7F, 0x01,
  0x04, 0x00, 0x00, 0xA1, 0x02, 0x80, 0x08, 0x00, 0x00, 0x02, 0x29, 0x00, 0x08, 0x00, 0x00, 0x00,
  0x01, 0x80, 0x00, 0x00, 0x00, 0x01, 0x40, 0x02, 0x04, 0x00, 0x00, 0x02, 0x01, 0x08, 0x00, 0x08,
  0x04, 0x10, 0x00, 0x80, 0x08, 0x00, 0x00, 0x80, 0x00, 0x52, 0x29, 0x40, 0x40, 0xD0, 0x10, 0xAD,
  0xD7, 0x20, 0x83, 0xA0, 0x02, 0x02, 0x41, 0x80, 0x00, 0x80, 0x80, 0x00, 0x00, 0x00, 0x21, 0x82,
  0x11, 0x42, 0x04, 0x02, 0x00, 0x10, 0x00, 0xA8, 0x48, 0x51, 0x14, 0x88, 0x80, 0x00, 0x60, 0x01,
  0x04, 0x01, 0xF0, 0xAB, 0x00, 0x1E, 0x04, 0x57, 0x55, 0x55, 0x24, 0xBA, 0x06, 0x20, 0x00, 0x08,
  0x00, 0x00, 0x00, 0x00, 0x00, 0x84, 0x04, 0x00, 0x00, 0x00, 0x22, 0x10, 0x22, 0x20, 0x00, 0x04,
  0x81, 0x00, 0x00, 0x00, 0x41, 0x00, 0x15, 0x20, 0x00, 0x00, 0x40, 0x00, 0x00, 0x20, 0x00, 0x20,
  0x80, 0x00, 0x00, 0x00, 0x80, 0x08, 0x00, 0x10, 0x80, 0x08, 0x10, 0x00, 0x40, 0x00, 0x00, 0x00,
  0x01, 0x00, 0x08, 0x00, 0x40, 0x00, 0x40, 0x00, 0x00, 0x00, 0x00, 0x20, 0x00, 0x42, 0x08, 0x10,
  0xA8, 0x84, 0x80, 0x8A, 0x9A, 0x96, 0xFF, 0xBD, 0xFE, 0xD6, 0x15, 0x08, 0xAA, 0x28, 0x00, 0x04,
  0x80, 0x00, 0x00, 0x00, 0x00, 0x40, 0x20, 0x80, 0x41, 0x04, 0x00, 0x00, 0x08, 0x02, 0x00, 0x22,
  0x12, 0x2A, 0x49, 0x02, 0x08, 0x80, 0x50, 0x05, 0x00, 0x00, 0xB1, 0xFE, 0x08, 0x0E, 0xC0, 0x5B,
  0x55, 0x88, 0xC8, 0xD6, 0x03, 0x02, 0x08, 0x02, 0x00, 0x04, 0x00, 0x00, 0x04, 0x00, 0x00, 0x00,
  0x00, 0x81, 0x00, 0x00, 0x00, 0x00, 0x04, 0x01, 0x00, 0x40, 0x00, 0x40, 0x00, 0x00, 0x00, 0x00,
  0x80, 0x88, 0x04, 0x00, 0x00, 0x08, 0x00, 0x04, 0x22, 0x00, 0x00, 0x40, 0x00, 0x80, 0x08, 0x02,
  0x20, 0x00, 0x00, 0x01, 0x02, 0x20, 0x08, 0x00, 0x00, 0x00, 0x02, 0x40, 0x10, 0x00, 0x00, 0x00,
  0x41, 0x04, 0x02, 0x00, 0x40, 0x00, 0x00, 0x01, 0x25, 0x11, 0x6A, 0xFF, 0xEF, 0xBD, 0xD7, 0xBA,
  0xEF, 0xDB, 0xDB, 0xAB, 0x00, 0x51, 0x15, 0x00, 0x00, 0x08, 0x20, 0x20, 0x12, 0x11, 0x20, 0x92,
  0x01, 0x06, 0x00, 0x00, 0x81, 0x00, 0x49, 0x95, 0xA4, 0x14, 0x22, 0x00, 0x00, 0x20, 0x5C, 0x09,
  0x41, 0x00, 0xE0, 0x6B, 0x00, 0x07, 0x60, 0x6D, 0x95, 0x22, 0x2B, 0xA9, 0x02, 0x00, 0x82, 0x00,
  0x04, 0x00, 0x81, 0x44, 0x00, 0x01, 0x00, 0x44, 0x08, 0x20, 0x00, 0x00, 0x00, 0x08, 0x41, 0x00,
  0x10, 0x00, 0x44, 0x02, 0x10, 0x00, 0x00, 0x00, 0x21, 0x00, 0x00, 0x10, 0x10, 0x01, 0x00, 0x01,
  0x00, 0x20, 0x00, 0x09, 0x04, 0x00, 0x80, 0x00, 0x04, 0x00, 0x00, 0x20, 0x00, 0x00, 0x02, 0x40,
  0x00, 0x11, 0x00, 0x10, 0x00, 0x44, 0x04, 0x00, 0x00, 0x00, 0x40, 0x02, 0x00, 0x10, 0x02, 0x50,
  0x02, 0xF4, 0xFF, 0xFF, 0xBA, 0xAA, 0xFA, 0xBE, 0xEF, 0xAE, 0x52, 0xFA, 0x5F, 0x02, 0x6A, 0x21,
  0x10, 0x00, 0x04, 0x00, 0x00, 0x00, 0x20, 0x80, 0x41, 0x04, 0x41, 0x40, 0x00, 0x00, 0x00, 0x21,
  0x48, 0x51, 0x09, 0x00, 0x00, 0x02, 0x24, 0x15, 0x00, 0x20, 0xE0, 0x3F, 0x80, 0x02, 0xF2, 0x56,
  0xAD, 0xDC, 0x84, 0xD4, 0x40, 0x80, 0x00, 0x00, 0x81, 0x00, 0x10, 0x00, 0x40, 0x20, 0x00, 0x01,
  0x00, 0x00, 0x00, 0x84, 0x00, 0x00, 0x00, 0x40, 0x00, 0x08, 0x00, 0x00, 0x00, 0x20, 0x00, 0x04,
  0x00, 0x00, 0x00, 0x04, 0x04, 0x00, 0x44, 0x00, 0x00, 0x00, 0x42, 0x00, 0x40, 0x10, 0x00, 0x80,
  0x00, 0x40, 0x04, 0x00, 0x10, 0x04, 0x80, 0x08, 0x20, 0x00, 0x80, 0x04, 0x00, 0x00, 0x00, 0x44,
  0x00, 0x80, 0x00, 0x00, 0x02, 0x00, 0x00, 0x8A, 0xE8, 0xFF, 0xFF, 0xAA, 0xB7, 0x76, 0xD7, 0xBC,
  0xFF, 0xDA, 0x95, 0xAA, 0xFD, 0x5F, 0x00, 0x05, 0x02, 0x40, 0x00, 0x08, 0x00, 0x00, 0x28, 0x82,
  0x01, 0x04, 0x10, 0x08, 0x00, 0x20, 0x50, 0x8A, 0x12, 0x0A, 0x22, 0x40, 0x42, 0x00, 0x56, 0x01,
  0x00, 0x08, 0xC0, 0x3F, 0x80, 0x01, 0x58, 0xBB, 0x6D, 0x23, 0x51, 0x55, 0x10, 0x08, 0x00, 0x40,
  0x00, 0x20, 0x00, 0x00, 0x10, 0x00, 0x22, 0x00, 0x00, 0x04, 0x10, 0x01, 0x88, 0x00, 0x00, 0x00,
  0x04, 0x02, 0x00, 0x10, 0x00, 0x02, 0x40, 0x40, 0x00, 0x00, 0x20, 0x00, 0x01, 0x00, 0x00, 0x80,
  0x00, 0x08, 0x00, 0x00, 0x00, 0x04, 0x10, 0x20, 0x00, 0x04, 0x40, 0x08, 0x00, 0x00, 0x00, 0x00,
  0x08, 0x80, 0x20, 0x00, 0x04, 0x01, 0x40, 0x00, 0x10, 0x00, 0x10, 0x20, 0x20, 0x00, 0x40, 0x01,
  0xFD, 0x7F, 0xB7, 0xFF, 0xDA, 0xAD, 0xDA, 0xBA, 0x77, 0xD7, 0xA4, 0x76, 0xAB, 0xFF, 0x4B, 0x0A,
  0x00, 0x01, 0x00, 0x02, 0x00, 0x00, 0x22, 0xC0, 0x51, 0x42, 0x00, 0x00, 0x20, 0x00, 0x82, 0x20,
  0xA4, 0xA4, 0x28, 0x10, 0x00, 0x00, 0x89, 0x28, 0x08, 0x01, 0x82, 0x0D, 0xC8, 0x44, 0xF8, 0xAF,
  0xAA, 0x14, 0x22, 0x6A, 0x04, 0x00, 0x00, 0x10, 0x00, 0x00, 0x00, 0x00, 0x01, 0x00, 0x00, 0x00,
  0x42, 0x00, 0x04, 0x00, 0x00, 0x40, 0x00, 0x10, 0x00, 0x80, 0x00, 0x00, 0x82, 0x00, 0x09, 0x00,
  0x08, 0x24, 0x02, 0x00, 0x00, 0x80, 0x00, 0x20, 0x88, 0x00, 0x00, 0x80, 0x00, 0x00, 0x01, 0x00,
  0x80, 0x00, 0x00, 0x00, 0x81, 0x40, 0x20, 0x00, 0x00, 0x00, 0x08, 0x00, 0x40, 0x00, 0x01, 0x00,
  0x00, 0x11, 0x00, 0x00, 0x00, 0x82, 0x20, 0xD2, 0xFF, 0xFF, 0xFF, 0xAD, 0xEF, 0x5A, 0xB6, 0xBD,
  0xEF, 0xED, 0xAA, 0xDA, 0xFE, 0xFB, 0x3F, 0x30, 0x00, 0x10, 0x80, 0x00, 0x91, 0x84, 0x40, 0x82,
  0x01, 0x04, 0x00, 0x02, 0x08, 0x04, 0x29, 0x45, 0x89, 0x12, 0x21, 0x02, 0x00, 0x90, 0x55, 0x12,
  0x02, 0x00, 0x80, 0x0F, 0x62, 0x00, 0x5E, 0xA9, 0x1B, 0x41, 0x49, 0x19, 0x00, 0x00, 0x10, 0x01,
  0x20, 0x04, 0x02, 0x11, 0x00, 0x10, 0x00, 0x20, 0x00, 0x40, 0x00, 0x40, 0x00, 0x04, 0x08, 0x01,
  0x80, 0x00, 0x88, 0x00, 0x20, 0x00, 0x00, 0x10, 0x00, 0x01, 0x00, 0x02, 0x80, 0x08, 0x00, 0x00,
  0x00, 0x00, 0x11, 0x10, 0x08, 0x01, 0x00, 0x02, 0x10, 0x00, 0x01, 0x00, 0x00, 0x00, 0x04, 0x80,
  0x00, 0x12, 0x00, 0x00, 0x01, 0x20, 0x10, 0x00, 0x02, 0x00, 0x00, 0x04, 0x00, 0x20, 0xA8, 0xF8,
  0xFF, 0xDD, 0xFD, 0x7F, 0x75, 0xF7, 0xFC, 0xBE, 0x7F, 0x77, 0xA9, 0xB6, 0xB5, 0xFF, 0xFF, 0x45,
  0x10, 0x00, 0x22, 0x00, 0x00, 0x00, 0x20, 0x90, 0x01, 0x06, 0x08, 0x00, 0x02, 0x40, 0x44, 0x88,
  0x54, 0x22, 0x0A, 0x00, 0x10, 0x84, 0x92, 0x20, 0x00, 0x80, 0x10, 0x05, 0x30, 0x00, 0xB7, 0x5F,
  0x75, 0x8A, 0x94, 0x0A, 0x00, 0x21, 0x02, 0x00, 0x00, 0x00, 0x20, 0x00, 0x00, 0x04, 0x08, 0x04,
  0x00, 0x10, 0x00, 0x00, 0x20, 0x00, 0x00, 0x00, 0x20, 0x00, 0x00, 0x40, 0x00, 0x10, 0x00, 0x02,
  0x00, 0x00, 0x80, 0x40, 0x00, 0x00, 0x08, 0x01, 0x00, 0x40, 0x00, 0x02, 0x00, 0x00, 0x40, 0x00,
  0x04, 0x20, 0x10, 0x42, 0x08, 0x08, 0x00, 0x12, 0x00, 0x00, 0x00, 0x20, 0x00, 0x00, 0x00, 0x12,
  0x00, 0x00, 0x02, 0x01, 0x11, 0x00, 0x08, 0xF9, 0x7F, 0xFF, 0xDF, 0xD6, 0xDF, 0xAD, 0xD6, 0xBD,
  0xF7, 0x75, 0x55, 0x6F, 0xEF, 0xDD, 0xFF, 0xC9, 0x04, 0x04, 0x00, 0x00, 0x00, 0x20, 0x20, 0x82,
  0x41, 0x04, 0x02, 0x40, 0x00, 0x10, 0x91, 0x22, 0x92, 0x4A, 0x11, 0x00, 0x04, 0x41, 0x24, 0x22,
  0x40, 0x08, 0x00, 0x47, 0x28, 0xEA, 0xFD, 0xBA, 0x96, 0x50, 0x50, 0x06, 0x00, 0x00, 0x00, 0x00,
  0x04, 0x40, 0x00, 0x00, 0x84, 0x00, 0x81, 0x00, 0x08, 0x01, 0x80, 0x08, 0x02, 0x00, 0x41, 0x80,
  0x08, 0x20, 0x00, 0x04, 0x00, 0x00, 0x80, 0x00, 0x42, 0x00, 0x10, 0x00, 0x10, 0x00, 0x02, 0x10,
  0x10, 0x02, 0x80, 0x00, 0x40, 0x40, 0x04, 0x20, 0x00, 0x08, 0x00, 0x00, 0x00, 0x02, 0x01, 0x00,
  0x88, 0x00, 0x01, 0x02, 0x10, 0x04, 0x00, 0x00, 0x20, 0x84, 0x40, 0x00, 0x00, 0x00, 0x44, 0xFC,
  0xFF, 0x7F, 0xF7, 0x7F, 0x75, 0xB7, 0x7D, 0xFD, 0xFF, 0xF7, 0x7F, 0xD5, 0xFA, 0xFF, 0xEE, 0x11,
  0x01, 0x01, 0x00, 0x20, 0x04, 0x00, 0x20, 0x80, 0x01, 0x42, 0x80, 0x10, 0x80, 0x24, 0x40, 0x48,
  0x08, 0x11, 0x2A, 0x80, 0x00, 0x40, 0xC9, 0x08, 0x00, 0x00, 0x80, 0x03, 0x9A, 0xDD, 0x7F, 0x6B,
  0x55, 0x0B, 0x55, 0x03, 0x11, 0x08, 0x00, 0x22, 0x00, 0x01, 0x00, 0x40, 0x00, 0x00, 0x00, 0x00,
  0x01, 0x00, 0x04, 0x00, 0x00, 0x10, 0x00, 0x10, 0x00, 0x08, 0x22, 0x00, 0x04, 0x80, 0x08, 0x00,
  0x00, 0x40, 0x02, 0x00, 0x04, 0x20, 0x00, 0x00, 0x02, 0x00, 0x00, 0x00, 0x02, 0x10, 0x00, 0x00,
  0x00, 0x02, 0x00, 0x00, 0x40, 0x00, 0x40, 0x00, 0x02, 0x00, 0x10, 0x00, 0x00, 0x00, 0x82, 0x80,
  0x08, 0x00, 0x00, 0x40, 0x00, 0x01, 0x04, 0xF0, 0xFF, 0xFF, 0xFF, 0xEE, 0xFF, 0xFF, 0xF9, 0xBF,
  0xFF, 0xFB, 0xFF, 0xFF, 0xBF, 0xBF, 0x7F, 0x8A, 0x01, 0x80, 0x08, 0x08, 0x40, 0x04, 0x20, 0xC2,
  0x21, 0x04, 0x00, 0x00, 0x00, 0x44, 0x2D, 0x22, 0xA5, 0xA4, 0x20, 0x22, 0x00, 0x60, 0x52, 0x20,
  0x08, 0x02, 0x02, 0x03, 0xEE, 0x02, 0xEE, 0xAB, 0x55, 0xA5, 0xD4, 0x00, 0x00, 0x00, 0x90, 0x00,
  0x40, 0x00, 0x04, 0x09, 0x00, 0x00, 0x00, 0x40, 0x00, 0x00, 0x01, 0x00, 0x80, 0x04, 0x00, 0x04,
  0x00, 0x00, 0x00, 0x00, 0x81, 0x04, 0x00, 0x80, 0x00, 0x10, 0x00, 0x10, 0x00, 0x02, 0x40, 0x04,
  0x00, 0x10, 0x08, 0x40, 0x00, 0x00, 0x00, 0x04, 0x81, 0x00, 0x42, 0x08, 0x02, 0x00, 0x00, 0x00,
  0x00, 0x20, 0x00, 0x00, 0x02, 0x41, 0x20, 0x00, 0x00, 0x00, 0x00, 0x00, 0x40, 0x10, 0x85, 0x82,
  0xFF, 0xF7, 0xFD, 0xFF, 0xFF, 0xFF, 0xFD, 0xBD, 0xFF, 0xFF, 0xF7, 0xFF, 0xFF, 0xFB, 0x9F, 0xA0,
  0x00, 0x00, 0x00, 0x01, 0x00, 0x00, 0x22, 0x80, 0x81, 0x06, 0x00, 0x04, 0x10, 0x09, 0x80, 0x88,
  0x48, 0x4A, 0x15, 0x00, 0x00, 0x20, 0x49, 0x42, 0x00, 0x40, 0x20, 0x81, 0x3D, 0x00, 0xB8, 0xDE,
  0xB6, 0x0A, 0x29, 0x00, 0x80, 0x80, 0x04, 0x00, 0x01, 0x10, 0x40, 0x00, 0x10, 0x10, 0x10, 0x08,
  0x40, 0x24, 0x20, 0x40, 0x08, 0x00, 0x04, 0x00, 0x00, 0x02, 0x00, 0x48, 0x00, 0x00, 0x00, 0x20,
  0x10, 0x04, 0x00, 0x04, 0x01, 0x00, 0x00, 0x00, 0x80, 0x00, 0x01, 0x10, 0x00, 0x02, 0x90, 0x00,
  0x20, 0x00, 0x00, 0x80, 0x00, 0x20, 0x08, 0x88, 0x00, 0x04, 0x80, 0x88, 0x00, 0x00, 0x00, 0x10,
  0x00, 0x11, 0x08, 0x08, 0x04, 0x00, 0x14, 0x00, 0xF4, 0xFF, 0xFF, 0xFF, 0xF7, 0xF7, 0xFB, 0xFF,
  0xFF, 0xF5, 0xFF, 0xFF, 0xFE, 0xFF, 0x01, 0xA4, 0x21, 0x10, 0x00, 0x00, 0x01, 0x80, 0x20, 0x82,
  0x41, 0x04, 0x08, 0x01, 0x82, 0x52, 0x55, 0x22, 0x55, 0x21, 0x20, 0x00, 0x20, 0xB1, 0x24, 0x28,
  0x40, 0x00, 0x80, 0x41, 0x07, 0x80, 0xF0, 0x75, 0x15, 0x75, 0x0A, 0x20, 0x04, 0x00, 0x00, 0x00,
  0x10, 0x00, 0x00, 0x00, 0x02, 0x01, 0x01, 0x01, 0x10, 0x00, 0x00, 0x02, 0x00, 0x00, 0x41, 0x00,
  0x22, 0x00, 0x00, 0x01, 0x20, 0x40, 0x20, 0x04, 0x00, 0x00, 0x80, 0x00, 0x80, 0x80, 0x08, 0x80,
  0x10, 0x00, 0x80, 0x00, 0x10, 0x00, 0x02, 0x40, 0x00, 0x40, 0x00, 0x02, 0x00, 0x08, 0x02, 0x02,
  0x40, 0x00, 0x02, 0x00, 0x40, 0x00, 0x00, 0x00, 0x00, 0x00, 0x01, 0x01, 0x00, 0x00, 0x24, 0x20,
  0x81, 0xFE, 0xFF, 0xBB, 0xBF, 0xFD, 0xF7, 0xBD, 0xEF, 0xFF, 0xFF, 0xF5, 0xFF, 0x0F, 0x20, 0x59,
  0x01, 0x02, 0x20, 0x00, 0x10, 0x22, 0x20, 0x90, 0x01, 0x84, 0x40, 0x80, 0x40, 0x00, 0x12, 0x48,
  0x24, 0x8A, 0x0A, 0x08, 0x04, 0x10, 0x41, 0x41, 0x04, 0x10, 0x88, 0xD1, 0x00, 0x20, 0xC0, 0xEF,
  0x76, 0xA9, 0x05, 0x04, 0x00, 0x04, 0x00, 0x10, 0x00, 0x00, 0x01, 0x80, 0x00, 0x00, 0x00, 0x00,
  0x00, 0x00, 0x00, 0x00, 0x02, 0x40, 0x00, 0x80, 0x00, 0x40, 0x44, 0x00, 0x00, 0x00, 0x04, 0x00,
  0x00, 0x01, 0x08, 0x00, 0x20, 0x10, 0x00, 0x20, 0x00, 0x08, 0x00, 0x00, 0x00, 0x40, 0x00, 0x00,
  0x08, 0x00, 0x08, 0x00, 0x10, 0x01, 0x80, 0x00, 0x10, 0x00, 0x20, 0x00, 0x00, 0x10, 0x08, 0x04,
  0x11, 0x00, 0x00, 0x80, 0x00, 0x04, 0xA4, 0x02, 0x28, 0x50, 0xFF, 0xFF, 0x6F, 0xFF, 0xFF, 0xFF,
  0xFF, 0xFD, 0xFF, 0xFF, 0x17, 0x00, 0x84, 0xAA, 0x01, 0x00, 0x09, 0x40, 0x00, 0x00, 0x20, 0x82,
  0x21, 0x06, 0x00, 0x00, 0xB0, 0xAA, 0x44, 0x91, 0xAA, 0x10, 0x11, 0x01, 0x01, 0x58, 0x15, 0x14,
  0x00, 0x04, 0x82, 0x51, 0x00, 0x04, 0x00, 0xBE, 0x95, 0xFE, 0x40, 0x00, 0x00, 0x20, 0x00, 0x02,
  0x04, 0x42, 0x10, 0x20, 0x00, 0x40, 0x20, 0x00, 0x01, 0x00, 0x08, 0x10, 0x40, 0x10, 0x00, 0x22,
  0x00, 0x00, 0x00, 0x00, 0x00, 0x04, 0x00, 0x00, 0x04, 0x00, 0x01, 0x00, 0x08, 0x00, 0x80, 0x08,
  0x00, 0x00, 0x08, 0x00, 0x84, 0x10, 0x00, 0x08, 0x00, 0x08, 0x80, 0x20, 0x00, 0x00, 0x00, 0x00,
  0x04, 0x40, 0x00, 0x40, 0x10, 0x00, 0x02, 0x01, 0x00, 0x04, 0x40, 0x00, 0x10, 0x41, 0x04, 0x14,
  0x00, 0x00, 0x80, 0xFE, 0xFF, 0xFD, 0xF7, 0xFD, 0xFF, 0xFF, 0xFF, 0x17, 0x00, 0x40, 0x78, 0x55,
  0x11, 0x00, 0x00, 0x04, 0x80, 0x00, 0x20, 0xC0, 0x01, 0x04, 0x00, 0x20, 0x18, 0x00, 0x29, 0x8A,
  0x08, 0xA5, 0x24, 0x00, 0x00, 0xA8, 0x20, 0x41, 0x00, 0x01, 0xC0, 0x28, 0x80, 0x00, 0x00, 0xE8,
  0xEB, 0x17, 0x00, 0x00, 0x21, 0x00, 0x44, 0x00, 0x01, 0x00, 0x00, 0x02, 0x40, 0x04, 0x08, 0x10,
  0x00, 0x89, 0x00, 0x01, 0x00, 0x02, 0x80, 0x00, 0x00, 0x11, 0x00, 0x20, 0x02, 0x01, 0x01, 0x01,
  0x41, 0x40, 0x00, 0x20, 0x02, 0x00, 0x00, 0x00, 0x04, 0x41, 0x00, 0x22, 0x00, 0x00, 0x40, 0x00,
  0x00, 0x02, 0x02, 0x00, 0x04, 0x80, 0x00, 0x40, 0x00, 0x04, 0x00, 0x02, 0x00, 0x04, 0x00, 0x00,
  0x00, 0x41, 0x10, 0x20, 0x00, 0x00, 0x54, 0x81, 0x00, 0x01, 0x00, 0x00, 0x90, 0xB6, 0xDD, 0xDF,
  0xB6, 0xAA, 0x00, 0x00, 0x20, 0x11, 0x25, 0x49, 0x01, 0x41, 0x00, 0x00, 0x04, 0x00, 0x28, 0x82,
  0x41, 0x42, 0x04, 0x08, 0x54, 0x55, 0x92, 0x50, 0xAA, 0x08, 0x10, 0x40, 0x00, 0x99, 0x4A, 0x54,
  0x10, 0x00, 0xC0, 0x1E, 0x08, 0x00, 0x02, 0x40, 0xBF, 0x00, 0x00, 0x40, 0x00, 0x01, 0x01, 0x00,
  0x80, 0x00, 0x00, 0x00, 0x10, 0x00, 0x00, 0x02, 0x08, 0x00, 0x00, 0x00, 0x01, 0x00, 0x10, 0x00,
  0x10, 0x00, 0x10, 0x08, 0x20, 0x40, 0x40, 0x10, 0x00, 0x00, 0x40, 0x04, 0x00, 0x04, 0x11, 0x00,
  0x40, 0x00, 0x40, 0x00, 0x00, 0x00, 0x08, 0x80, 0x80, 0x00, 0x00, 0x00, 0x00, 0x20, 0x10, 0x10,
  0x00, 0x00, 0x04, 0x00, 0x04, 0x80, 0x00, 0x40, 0x08, 0x00, 0x04, 0x08, 0x04, 0x00, 0x04, 0x20,
  0x0A, 0x40, 0x04, 0x00, 0x00, 0x00, 0x00, 0x00, 0x00, 0x00, 0x00, 0x40, 0x02, 0x54, 0xAB, 0xAA,
  0x01, 0x10, 0x00, 0x01, 0x00, 0x08, 0x41, 0x80, 0x01, 0x04, 0x40, 0x00, 0x0A, 0x80, 0x24, 0x8A,
  0x04, 0x51, 0x25, 0x10, 0x20, 0xA8, 0x10, 0x21, 0x00, 0x80, 0x60, 0x05, 0x02, 0x80, 0x20, 0x00,
  0x00, 0x00, 0x08, 0x11, 0x00, 0x00, 0x00, 0x20, 0x00, 0x10, 0x80, 0x00, 0x00, 0x00, 0x02, 0x00,
  0x00, 0x00, 0x40, 0x40, 0x10, 0x00, 0x04, 0x00, 0x04, 0x00, 0x01, 0x02, 0x00, 0x00, 0x00, 0x00,
  0x00, 0x08, 0x00, 0x00, 0x00, 0x40, 0x00, 0x00, 0x00, 0x00, 0x02, 0x00, 0x01, 0x02, 0x02, 0x02,
  0x24, 0x80, 0x40, 0x08, 0x41, 0x02, 0x00, 0x01, 0x80, 0x00, 0x41, 0x10, 0x00, 0x01, 0x40, 0x10,
  0x00, 0x00, 0x00, 0x00, 0x80, 0x20, 0x54, 0x04, 0xA0, 0x08, 0x40, 0x80, 0x00, 0x00, 0x02, 0x00,
  0x00, 0x00, 0x04, 0x00, 0xF4, 0x55, 0x55, 0x55, 0x41, 0x00, 0x40, 0x20, 0x20, 0x00, 0x20, 0x92,
  0x51, 0x06, 0x00, 0x00, 0x93, 0x2A, 0x89, 0x24, 0x55, 0x0A, 0x08, 0x04, 0x08, 0x2C, 0x55, 0x4A,
  0x00, 0x20, 0xE0, 0x86, 0x00, 0x04, 0x00, 0x02, 0x00, 0x00, 0x02, 0x00, 0x08, 0x10, 0x00, 0x04,
  0x20, 0x00, 0x22, 0x10, 0x01, 0x10, 0x00, 0x80, 0x40, 0x00, 0x02, 0x10, 0x00, 0x80, 0x00, 0x10,
  0x01, 0x04, 0x00, 0x00, 0x08, 0x10, 0x10, 0x00, 0x00, 0x00, 0x08, 0x80, 0x81, 0x00, 0x00, 0x89,
  0x10, 0x08, 0x00, 0x00, 0x90, 0x40, 0x00, 0x20, 0x00, 0x00, 0x10, 0x00, 0x00, 0x00, 0x00, 0x00,
  0x04, 0x10, 0x00, 0x00, 0x01, 0x00, 0x10, 0x00, 0x00, 0x00, 0x00, 0x02, 0x00, 0x08, 0x04, 0x21,
  0x01, 0x20, 0x00, 0x04, 0x88, 0x88, 0x40, 0x80, 0x00, 0x00, 0x21, 0xF5, 0x2B, 0x55, 0x55, 0xA5,
  0x10, 0x00, 0x04, 0x00, 0x02, 0x42, 0x20, 0x80, 0x01, 0x04, 0x11, 0x82, 0x4C, 0x40, 0x2A, 0x49,
  0x81, 0xA0, 0x32, 0x00, 0x00, 0xA8, 0x10, 0x21, 0x44, 0x02, 0xF0, 0x23, 0x80, 0x00, 0x00, 0x00,
  0x00, 0x40, 0x00, 0x00, 0x00, 0x04, 0x10, 0x01, 0x08, 0x00, 0x00, 0x00, 0x00, 0x01, 0x40, 0x10,
  0x00, 0x24, 0x00, 0x04, 0x80, 0x24, 0x00, 0x04, 0x00, 0x01, 0x40, 0x00, 0x01, 0x04, 0x04, 0x80,
  0x88, 0x00, 0x01, 0xC0, 0x21, 0x00, 0x40, 0x00, 0x00, 0x80, 0x00, 0x44, 0x00, 0x00, 0x00, 0x00,
  0x00, 0x20, 0x00, 0x00, 0x00, 0x00, 0x42, 0x00, 0x01, 0x00, 0x00, 0x00, 0x20, 0x20, 0x00, 0x04,
  0x22, 0x92, 0x80, 0x00, 0x21, 0x00, 0x54, 0x08, 0x08, 0x00, 0x12, 0x21, 0x22, 0x00, 0x10, 0x20,
  0x54, 0xB5, 0x6C, 0x2B, 0xD5, 0x5A, 0x55, 0x89, 0x01, 0x00, 0x00, 0x00, 0x00, 0x00, 0x20, 0x82,
  0x41, 0x42, 0x00, 0x60, 0x13, 0x25, 0x91, 0xAA, 0x28, 0x05, 0x24, 0x00, 0x02, 0x4C, 0x5B, 0x24,
  0x00, 0x00, 0xB0, 0x00, 0x00, 0x20, 0x08, 0x20, 0x00, 0x12, 0x80, 0x00, 0x40, 0x00, 0x01, 0x00,
  0x01, 0x84, 0x00, 0x00, 0x08, 0x80, 0x00, 0x04, 0x08, 0x00, 0x10, 0x00, 0x00, 0x00, 0x80, 0x00,
  0x00, 0x40, 0x04, 0x40, 0x00, 0x01, 0x00, 0x22, 0x00, 0x20, 0x80, 0x64, 0x02, 0x10, 0x08, 0x00,
  0x04, 0x00, 0x90, 0x00, 0x00, 0x00, 0x40, 0x08, 0x00, 0x08, 0x00, 0x44, 0x08, 0x10, 0x00, 0x08,
  0x40, 0x04, 0x10, 0x02, 0x00, 0x08, 0x04, 0x00, 0x00, 0x00, 0x10, 0x40, 0x00, 0x00, 0x05, 0x40,
  0x00, 0x04, 0x00, 0x08, 0x88, 0x2A, 0x55, 0x15, 0xD1, 0x56, 0x55, 0x6D, 0xAD, 0x56, 0x55, 0x55,
  0x01, 0x44, 0x00, 0x88, 0x00, 0x00, 0x20, 0xC0, 0x01, 0x04, 0x00, 0x40, 0x45, 0x90, 0x44, 0x48,
  0x41, 0xA8, 0x2A, 0x80, 0x80, 0x54, 0x4A, 0x12, 0x00, 0x00, 0x7A, 0x00, 0x10, 0x00, 0x82, 0x00,
  0x22, 0x00, 0x20, 0x88, 0x00, 0x00, 0x00, 0x00, 0x00, 0x00, 0x00, 0x42, 0x00, 0x00, 0x10, 0x00,
  0x00, 0x00, 0x04, 0x01, 0x04, 0x00, 0x20, 0x00, 0x20, 0x00, 0x00, 0x08, 0x40, 0x00, 0x01, 0x00,
  0x00, 0x04, 0x00, 0x20, 0x06, 0x00, 0x02, 0x00, 0x00, 0x21, 0x00, 0x00, 0x08, 0x08, 0x08, 0x00,
  0x22, 0x02, 0x04, 0x01, 0x80, 0x00, 0x10, 0x00, 0x00, 0x80, 0x00, 0x20, 0x00, 0x02, 0x00, 0x00,
  0x00, 0x00, 0x00, 0x00, 0x00, 0x02, 0x24, 0x09, 0x42, 0x00, 0x20, 0x80, 0x20, 0x00, 0x40, 0xA2,
  0x14, 0x55, 0x55, 0x55, 0x55, 0xD5, 0xAA, 0xA4, 0x08, 0x01, 0x10, 0x01, 0x10, 0x01, 0x22, 0x82,
  0x41, 0x06, 0x80, 0xB0, 0x14, 0x52, 0x2A, 0x53, 0x0A, 0x02, 0x14, 0x22, 0x00, 0x54, 0x35, 0x11,
  0x00, 0x48, 0x18, 0x00, 0x04, 0x04, 0x00, 0x08, 0x00, 0x00, 0x00, 0x00, 0x08, 0x40, 0x40, 0x20,
  0x00, 0x01, 0x88, 0x00, 0x40, 0x08, 0x00, 0x00, 0x81, 0x00, 0x01, 0x00, 0x21, 0x00, 0x04, 0x80,
  0x08, 0x10, 0x00, 0x01, 0x00, 0x00, 0x80, 0x00, 0x20, 0x00, 0x00, 0x20, 0x04, 0x04, 0x00, 0x90,
  0x00, 0x00, 0x00, 0x00, 0x02, 0x82, 0x00, 0x82, 0x00, 0x00, 0x00, 0x00, 0x00, 0x80, 0x00, 0x40,
  0x10, 0x00, 0x00, 0x00, 0x82, 0x00, 0x80, 0x20, 0x02, 0x00, 0x04, 0x10, 0x08, 0x20, 0x04, 0x20,
  0x10, 0x40, 0x04, 0x01, 0x82, 0xA4, 0x8A, 0x14, 0xA5, 0xAA, 0xAA, 0x5A, 0xB5, 0xAA, 0x55, 0xA9,
  0x01, 0x00, 0x02, 0x00, 0x00, 0x10, 0x20, 0x80, 0x01, 0x04, 0x04, 0x28, 0xA3, 0x90, 0x4A, 0x24,
  0x51, 0xA8, 0x22, 0x00, 0x20, 0xAC, 0x9A, 0x14, 0x49, 0x00, 0x1E, 0x12, 0x01, 0x01, 0x00, 0x00,
  0x00, 0x00, 0x04, 0x00, 0x00, 0x02, 0x08, 0x08, 0x20, 0x20, 0x00, 0x00, 0x04, 0x00, 0x02, 0x02,
  0x20, 0x10, 0x00, 0x40, 0x00, 0x42, 0x00, 0x20, 0x00, 0x04, 0x10, 0x00, 0x08, 0x20, 0x20, 0x00,
  0x04, 0x00, 0x44, 0x30, 0x04, 0x81, 0x00, 0x02, 0x20, 0x08, 0x04, 0x48, 0x80, 0x00, 0x00, 0x00,
  0x00, 0x00, 0x41, 0x00, 0x21, 0x04, 0x00, 0x01, 0x00, 0x20, 0x44, 0x08, 0x10, 0x00, 0x01, 0x08,
  0x20, 0x21, 0x00, 0x04, 0x80, 0x00, 0x20, 0x09, 0x00, 0x10, 0x00, 0x48, 0x08, 0x10, 0x10, 0xA1,
  0x48, 0x55, 0x55, 0x55, 0xAD, 0x6B, 0x95, 0x0A, 0x01, 0x00, 0x00, 0x00, 0x04, 0x00, 0x20, 0x92,
  0x21, 0x84, 0x00, 0xAC, 0x04, 0x92, 0x94, 0xAA, 0x84, 0x02, 0x2C, 0x00, 0x00, 0x54, 0x25, 0x12,
  0x00, 0x00, 0x07, 0x00, 0x00, 0x40, 0x40, 0x80, 0x10, 0x41, 0x00, 0x04, 0x82, 0x00, 0x00, 0x00,
  0x02, 0x00, 0x02, 0x10, 0x00, 0x40, 0x80, 0x40, 0x00, 0x00, 0x00, 0x10, 0x00, 0x00, 0x00, 0x04,
  0x00, 0x01, 0x02, 0x00, 0x02, 0x00, 0x00, 0x88, 0x00, 0x40, 0x00, 0x14, 0x4C, 0x00, 0x40, 0x00,
  0x08, 0x00, 0x80, 0x00, 0x00, 0x00, 0x40, 0x00, 0x80, 0x40, 0x00, 0x20, 0x00, 0x00, 0x04, 0x10,
  0x04, 0x09, 0x00, 0x00, 0x00, 0x00, 0x10, 0x00, 0x00, 0x00, 0x80, 0x00, 0x00, 0x00, 0x0C, 0x80,
  0x04, 0x02, 0x40, 0x00, 0x20, 0x85, 0x22, 0x14, 0x55, 0xA9, 0xAA, 0xAA, 0x55, 0x56, 0x55, 0xD5,
  0x21, 0x10, 0x00, 0x90, 0x00, 0x80, 0x20, 0x80, 0x01, 0x06, 0x20, 0x2A, 0xA9, 0x28, 0x25, 0x09,
  0x11, 0x50, 0x29, 0x08, 0x04, 0x6C, 0xAD, 0x0A, 0x00, 0x42, 0x83, 0x00, 0x00, 0x00, 0x04, 0x00,
  0x00, 0x08, 0x80, 0x40, 0x00, 0x10, 0x02, 0x02, 0x00, 0x00, 0x00, 0x00, 0x01, 0x11, 0x20, 0x00,
  0x08, 0x04, 0x20, 0x01, 0x00, 0x10, 0x80, 0x00, 0x00, 0x00, 0x00, 0x48, 0x00, 0x02, 0x04, 0x00,
  0x00, 0x09, 0x00, 0x10, 0x08, 0x00, 0x10, 0x00, 0x00, 0x00, 0x01, 0x00, 0x00, 0x00, 0x02, 0x10,
  0x08, 0x10, 0x00, 0x08, 0x00, 0x40, 0x00, 0x00, 0x00, 0x00, 0x00, 0x02, 0x00, 0x20, 0x00, 0x00,
  0x08, 0x00, 0x22, 0x00, 0x21, 0x88, 0x44, 0x12, 0x80, 0x00, 0x01, 0x80, 0x04, 0x20, 0x88, 0x44,
  0x92, 0xAA, 0xAA, 0x56, 0x6B, 0x55, 0x2D, 0x29, 0x01, 0x82, 0x90, 0x04, 0x40, 0x02, 0x20, 0xC2,
  0x41, 0x04, 0x00, 0x56, 0x03, 0x4A, 0x55, 0xAA, 0x24, 0x05, 0x12, 0x02, 0x01, 0x54, 0x4B, 0x49,
  0x00, 0xC0, 0x01, 0x40, 0x20, 0x00, 0x00, 0x24, 0x00, 0x00, 0x10, 0x00, 0x20, 0x00, 0x80, 0x00,
  0x00, 0x04, 0x20, 0x01, 0x40, 0x00, 0x00, 0x00, 0x00, 0x80, 0x08, 0x00, 0x90, 0x00, 0x12, 0x00,
  0x22, 0x80, 0x40, 0x02, 0x80, 0x80, 0x00, 0x00, 0x40, 0x00, 0x90, 0x10, 0x04, 0x10, 0x00, 0x20,
  0x02, 0x01, 0x20, 0x00, 0x08, 0x90, 0x00, 0x04, 0x01, 0x04, 0x10, 0x00, 0x08, 0x01, 0x20, 0x02,
  0x00, 0x00, 0x00, 0x80, 0x04, 0x02, 0x00, 0x81, 0x00, 0x84, 0x00, 0x00, 0x00, 0x00, 0x04, 0x80,
  0x10, 0x00, 0x10, 0x09, 0x40, 0x08, 0x11, 0x91, 0x24, 0x55, 0xAA, 0xB4, 0xDA, 0xAA, 0xA2, 0x92,
  0x01, 0x00, 0x00, 0x00, 0x00, 0x20, 0x48, 0x80, 0x01, 0x02, 0x04, 0x4B, 0xA9, 0x28, 0x85, 0x0A,
  0x42, 0x20, 0x15, 0x00, 0x80, 0x6C, 0x95, 0x0A, 0x84, 0xB0, 0x10, 0x10, 0x04, 0x12, 0x01, 0x01,
  0x04, 0x00, 0x02, 0x00, 0x00, 0x80, 0x20, 0x40, 0x48, 0x40, 0x00, 0x40, 0x10, 0x00, 0x08, 0x10,
  0x02, 0x00, 0x00, 0x00, 0x04, 0x00, 0x00, 0x80, 0x00, 0x20, 0x00, 0x00, 0x00, 0x20, 0x80, 0x20,
  0x08, 0x00, 0x02, 0x20, 0x04, 0x00, 0x01, 0x04, 0x00, 0x10, 0x00, 0x44, 0x80, 0x00, 0x10, 0x00,
  0x00, 0x00, 0x00, 0x01, 0x00, 0x10, 0x00, 0x80, 0x20, 0x80, 0x24, 0x00, 0x40, 0x00, 0x42, 0x10,
  0x00, 0x01, 0x00, 0x20, 0x08, 0x00, 0x24, 0x11, 0x00, 0x00, 0x00, 0x20, 0x11, 0x22, 0x44, 0x24,
  0xA9, 0xA4, 0xAA, 0xAA, 0xAA, 0xB6, 0x2A, 0x65, 0x81, 0x00, 0x00, 0x00, 0x08, 0x00, 0x20, 0x82,
  0x51, 0x44, 0x80, 0x55, 0x01, 0x52, 0x35, 0xA6, 0x14, 0x09, 0x29, 0x00, 0x00, 0xD8, 0x2A, 0x0D,
  0x00, 0x70, 0x00, 0x04, 0x00, 0x00, 0x20, 0x00, 0x40, 0x80, 0x00, 0x08, 0x04, 0x00, 0x00, 0x00,
  0x00, 0x00, 0x04, 0x08, 0x00, 0x00, 0x02, 0x04, 0x80, 0x20, 0x00, 0x88, 0x00, 0x08, 0x00, 0x08,
  0x00, 0x08, 0x10, 0x00, 0x10, 0x00, 0x20, 0x08, 0x02, 0x00, 0x10, 0x20, 0x06, 0x05, 0x00, 0x00,
  0x00, 0x00, 0x08, 0x00, 0x00, 0x00, 0x00, 0x01, 0x20, 0x01, 0x04, 0x00, 0x01, 0x00, 0x02, 0x20,
  0x08, 0x22, 0x00, 0x20, 0x00, 0x80, 0x00, 0x00, 0x40, 0x00, 0x00, 0x04, 0x00, 0x02, 0x04, 0x00,
  0x00, 0x10, 0x02, 0x00, 0x00, 0x80, 0x00, 0x51, 0x25, 0x55, 0x55, 0x6B, 0xAD, 0xAD, 0xD5, 0x94,
  0x21, 0x00, 0x02, 0x00, 0x01, 0x00, 0x20, 0xC0, 0x01, 0x06, 0x80, 0xAA, 0xAA, 0x14, 0x55, 0x11,
  0x49, 0x20, 0x05, 0x20, 0x10, 0xAC, 0x55, 0x05, 0x21, 0x1C, 0x00, 0x01, 0x80, 0x00, 0x00, 0x00,
  0x00, 0x12, 0x00, 0x81, 0x00, 0x12, 0x00, 0x10, 0x02, 0x10, 0x00, 0x00, 0x00, 0x88, 0x00, 0x00,
  0x00, 0x08, 0x00, 0x02, 0x00, 0x82, 0x80, 0x00, 0x80, 0x00, 0x04, 0x40, 0x04, 0x08, 0x08, 0x00,
  0x18, 0x40, 0xF8, 0x63, 0xC2, 0x0F, 0x90, 0x03, 0x48, 0x80, 0x00, 0x01, 0x22, 0x04, 0x00, 0x40,
  0x08, 0x80, 0x00, 0x20, 0x20, 0x00, 0x80, 0x00, 0x00, 0x00, 0x00, 0x02, 0x00, 0x10, 0x10, 0x00,
  0x12, 0x20, 0x88, 0x00, 0x00, 0x20, 0x44, 0x44, 0x12, 0x01, 0x80, 0x04, 0x44, 0x0A, 0x52, 0x04,
  0x49, 0x89, 0xAA, 0xAA, 0x5B, 0x55, 0x15, 0x55, 0x01, 0x90, 0x20, 0x22, 0x00, 0x11, 0x21, 0x92,
  0x41, 0x04, 0x50, 0x25, 0x09, 0xA9, 0x4A, 0xA5, 0x00, 0x4A, 0x32, 0x01, 0x02, 0x58, 0x55, 0x05,
  0x00, 0x16, 0x40, 0x00, 0x10, 0x00, 0x08, 0x40, 0x00, 0x00, 0x40, 0x00, 0x40, 0x00, 0x04, 0x04,
  0x00, 0x02, 0x40, 0x00, 0x04, 0x02, 0x80, 0x80, 0x10, 0x00, 0x44, 0x00, 0x00, 0x00, 0x00, 0x00,
  0x00, 0x00, 0x00, 0x00, 0x00, 0x00, 0x00, 0x00, 0x7E, 0x08, 0x10, 0xC6, 0x62, 0x88, 0xC0, 0x87,
  0x00, 0x00, 0x00, 0x00, 0x00, 0x00, 0x00, 0x00, 0x00, 0x00, 0x00, 0x08, 0x00, 0x42, 0x10, 0x08,
  0x00, 0x00, 0x00, 0x00, 0x04, 0x04, 0x00, 0x08, 0x00, 0x00, 0x02, 0x00, 0x41, 0x00, 0x24, 0x10,
  0x00, 0x00, 0x00, 0x20, 0x01, 0xA0, 0x00, 0x51, 0x52, 0x32, 0x55, 0x55, 0xEA, 0xAA, 0xAA, 0x8A,
  0x00, 0x00, 0x00, 0x00, 0x40, 0x00, 0x20, 0x80, 0x01, 0x04, 0x41, 0x49, 0x52, 0x44, 0x55, 0x29,
  0x92, 0xA0, 0x14, 0x00, 0x00, 0xE8, 0x57, 0x03, 0x80, 0x07, 0x08, 0x00, 0x01, 0x90, 0x00, 0x04,
  0x04, 0x00, 0x10, 0x00, 0x00, 0x00, 0x41, 0x00, 0x40, 0x00, 0x02, 0x82, 0x80, 0x00, 0x00, 0x00,
  0x00, 0x00, 0x00, 0x00, 0x10, 0x55, 0xBB, 0xDA, 0x5E, 0xD5, 0x6A, 0x5F, 0xD5, 0xD6, 0x56, 0x03,
  0x6A, 0x00, 0x10, 0x88, 0x31, 0x04, 0xC0, 0x0E, 0xA8, 0x5E, 0xB5, 0xBA, 0x55, 0xF5, 0xEF, 0xB6,
  0x56, 0x6D, 0xB5, 0x01, 0x08, 0x00, 0x00, 0x00, 0x80, 0x00, 0x88, 0x00, 0x41, 0x00, 0x00, 0x82,
  0x00, 0x00, 0x00, 0x40, 0x10, 0x08, 0x09, 0x09, 0x40, 0x40, 0x10, 0x00, 0x10, 0x09, 0x54, 0x84,
  0x94, 0x4A, 0xB5, 0xAA, 0x95, 0x55, 0x55, 0xA9, 0x01, 0x02, 0x00, 0x00, 0x10, 0x00, 0x20, 0x82,
  0x41, 0x42, 0xA0, 0xAA, 0x84, 0x9A, 0xAA, 0x8A, 0x20, 0x14, 0x15, 0x88, 0x80, 0x58, 0x55, 0x41,
  0xC4, 0x01, 0x00, 0x68, 0x2F, 0x00, 0x00, 0x01, 0x20, 0x00, 0x02, 0x10, 0x04, 0x40, 0x00, 0x00,
  0x08, 0x80, 0x00, 0x20, 0x00, 0x00, 0x10, 0x10, 0x00, 0x01, 0x01, 0x20, 0x02, 0xAA, 0xA4, 0x2A,
  0x51, 0x55, 0x95, 0x50, 0x95, 0x94, 0xA4, 0x44, 0x7E, 0x00, 0x20, 0x18, 0x08, 0x04, 0x64, 0x0B,
  0xA8, 0xA2, 0x4A, 0xA5, 0xAA, 0x0A, 0x28, 0x55, 0xA9, 0x92, 0x4A, 0x00, 0x00, 0x10, 0x04, 0x00,
  0x22, 0x88, 0x00, 0x10, 0x00, 0x00, 0x02, 0x00, 0x00, 0x44, 0x00, 0x08, 0x00, 0x00, 0x04, 0x00,
  0x00, 0x10, 0x84, 0x08, 0x04, 0x00, 0x81, 0x28, 0x49, 0x94, 0xAA, 0x6D, 0x6D, 0xAD, 0x2A, 0x2A,
  0x91, 0x00, 0x88, 0x10, 0x02, 0x00, 0x24, 0x80, 0x11, 0x04, 0xB0, 0xAA, 0x2A, 0xA4, 0x4A, 0x20,
  0x04, 0x49, 0x15, 0x00, 0x00, 0xB0, 0xAB, 0x00, 0xF0, 0x02, 0x01, 0xDF, 0xD4, 0x03, 0x40, 0x00,
  0x01, 0x22, 0x00, 0x00, 0x01, 0x04, 0x00, 0x40, 0x02, 0x00, 0x20, 0x00, 0x20, 0x40, 0x04, 0x04,
  0x42, 0x20, 0x00, 0x08, 0x00, 0x00, 0x00, 0x00, 0x00, 0x00, 0x00, 0x00, 0x00, 0x00, 0x00, 0x00,
  0x2C, 0x02, 0x21, 0x90, 0x09, 0x04, 0xC0, 0x07, 0x00, 0x00, 0x00, 0x00, 0x00, 0x00, 0x00, 0x00,
  0x00, 0x00, 0x00, 0x00, 0x81, 0x00, 0x00, 0x81, 0x00, 0x00, 0x00, 0x00, 0x00, 0x80, 0x20, 0x00,
  0x40, 0x00, 0x20, 0x02, 0x00, 0x00, 0x24, 0x42, 0x12, 0x04, 0x00, 0x40, 0x40, 0x20, 0x24, 0x41,
  0x92, 0xA2, 0xAA, 0xAA, 0x5A, 0x55, 0x55, 0x95, 0x00, 0x20, 0x02, 0x00, 0x00, 0x24, 0x21, 0xC2,
  0x01, 0x06, 0x58, 0x55, 0x42, 0x95, 0x5A, 0x15, 0xA9, 0x52, 0x08, 0x01, 0x10, 0x70, 0xDB, 0x00,
  0x70, 0x20, 0xE0, 0x32, 0xAB, 0x2C, 0x04, 0x20, 0x00, 0x00, 0x00, 0x02, 0x40, 0x00, 0x10, 0x02,
  0x00, 0x04, 0x00, 0x00, 0x00, 0x10, 0x00, 0x00, 0x00, 0x00, 0x90, 0x00, 0x80, 0x00, 0x00, 0x00,
  0x00, 0x00, 0x00, 0x00, 0x00, 0x00, 0x00, 0x00, 0x3C, 0x20, 0x60, 0x20, 0x05, 0x02, 0x81, 0x85,
  0x00, 0x00, 0x00, 0x00, 0x00, 0x00, 0x01, 0x00, 0x00, 0x00, 0x00, 0x44, 0x00, 0x00, 0x41, 0x10,
  0x00, 0x00, 0x00, 0x00, 0x10, 0x11, 0x00, 0x00, 0x04, 0x00, 0x08, 0x00, 0x00, 0x41, 0x08, 0x08,
  0x00, 0x00, 0x00, 0x00, 0x00, 0x09, 0x41, 0x94, 0x24, 0x55, 0x55, 0x55, 0xAB, 0xAA, 0xAA, 0xA4,
  0x01, 0x00, 0x00, 0x04, 0x00, 0x00, 0x20, 0x90, 0x41, 0x04, 0xA8, 0x4A, 0x29, 0x55, 0x15, 0x49,
  0x40, 0x24, 0x13, 0x20, 0x04, 0xD4, 0x75, 0x00, 0x3C, 0x00, 0xB4, 0xEE, 0x2A, 0xA9, 0x00, 0x00,
  0x00, 0x00, 0x80, 0x40, 0x00, 0x00, 0x00, 0x00, 0x00, 0x41, 0x00, 0x02, 0x04, 0x00, 0x00, 0x01,
  0x10, 0x08, 0x00, 0x00, 0x10, 0x00, 0x00, 0x00, 0x00, 0x00, 0x00, 0x00, 0x00, 0x00, 0x00, 0x00,
  0x00, 0x00, 0xC0, 0x90, 0x84, 0x01, 0x00, 0x00, 0x00, 0x00, 0x00, 0x00, 0x00, 0x40, 0x00, 0x00,
  0x00, 0x00, 0x00, 0x01, 0x20, 0x04, 0x00, 0x00, 0x00, 0x22, 0x22, 0x41, 0x04, 0x00, 0x00, 0x11,
  0x01, 0x08, 0x01, 0x00, 0x12, 0x10, 0x84, 0x00, 0x80, 0x00, 0x40, 0x04, 0x09, 0x40, 0x08, 0x11,
  0x49, 0x8A, 0xAA, 0xAA, 0xAA, 0x55, 0x55, 0xA9, 0x00, 0x00, 0x00, 0x80, 0x40, 0x00, 0x20, 0x82,
  0x01, 0x82, 0xAC, 0x52, 0x44, 0x94, 0x56, 0x02, 0x95, 0x94, 0x14, 0x08, 0x00, 0xA1, 0x2D, 0x08,
  0x0F, 0x08, 0xAF, 0xA9, 0xAA, 0x4A, 0x00, 0x08, 0x48, 0x44, 0x12, 0x00, 0x10, 0x20, 0x82, 0x10,
  0x40, 0x00, 0x84, 0x10, 0x01, 0x02, 0x40, 0x80, 0x00, 0x00, 0x00, 0x80, 0x04, 0x00, 0x04, 0x80,
  0x04, 0x00, 0x80, 0x04, 0x40, 0x00, 0x00, 0x48, 0x00, 0x00, 0x00, 0x23, 0xA5, 0x20, 0x00, 0x00,
  0x04, 0x10, 0x00, 0x00, 0x00, 0x10, 0x00, 0x00, 0x04, 0x08, 0x20, 0x00, 0x00, 0x40, 0x00, 0x00,
  0x88, 0x00, 0x00, 0x10, 0x00, 0x00, 0x08, 0x00, 0x00, 0x01, 0x00, 0x40, 0x00, 0x00, 0x08, 0x44,
  0x20, 0x80, 0x08, 0x20, 0x20, 0x05, 0x22, 0xAA, 0x90, 0xB0, 0x52, 0xB5, 0xAD, 0xAA, 0x4A, 0x4A,
  0x49, 0x84, 0x20, 0x00, 0x08, 0x00, 0x20, 0x80, 0x41, 0x04, 0xAC, 0xAA, 0x92, 0xAA, 0x4A, 0x55,
  0x24, 0x21, 0x0A, 0x02, 0x00, 0xE0, 0x1D, 0xC0, 0xA5, 0xD6, 0x5E, 0xAD, 0xAD, 0x82, 0x22, 0x02,
  0x02, 0x00, 0x00, 0x00, 0x00, 0x02, 0x00, 0x00, 0x11, 0x00, 0x00, 0x00, 0x80, 0x00, 0x11, 0x20,
  0x00, 0x02, 0x01, 0x04, 0x00, 0x40, 0x40, 0x04, 0x40, 0x24, 0x22, 0x40, 0x04, 0x24, 0x49, 0x00,
  0x00, 0x02, 0x02, 0xBE, 0xBC, 0x08, 0x08, 0x20, 0x40, 0x04, 0x91, 0x88, 0x88, 0x00, 0x90, 0x44,
  0x40, 0x82, 0x04, 0x00, 0x04, 0x00, 0x10, 0x00, 0x02, 0x00, 0x00, 0x00, 0x00, 0x00, 0x02, 0x00,
  0x20, 0x00, 0x00, 0x11, 0x00, 0x04, 0x44, 0x00, 0x02, 0x10, 0x00, 0x00, 0x04, 0x90, 0x40, 0x80,
  0x2A, 0x4B, 0xAC, 0xAA, 0xAA, 0x56, 0x95, 0x94, 0x01, 0x00, 0x00, 0x21, 0x00, 0x84, 0x20, 0x82,
  0x11, 0x02, 0x54, 0x55, 0x24, 0x55, 0xAD, 0x20, 0x41, 0x94, 0x88, 0x00, 0x41, 0xE0, 0x06, 0xA2,
  0x7F, 0xB5, 0xF5, 0x2B, 0x55, 0x14, 0x05, 0x00, 0x00, 0x00, 0x00, 0x10, 0x02, 0x00, 0x20, 0x00,
  0x00, 0x20, 0x20, 0x00, 0x20, 0x40, 0x00, 0x00, 0x08, 0x00, 0x88, 0x00, 0x00, 0x04, 0x00, 0x00,
  0x00, 0x00, 0x00, 0x00, 0x00, 0x00, 0x00, 0x00, 0x80, 0x20, 0x00, 0x00, 0x01, 0x00, 0x00, 0x02,
  0x00, 0x00, 0x00, 0x00, 0x00, 0x00, 0x00, 0x00, 0x00, 0x00, 0x00, 0x10, 0x01, 0x10, 0x04, 0x92,
  0x00, 0x00, 0x08, 0x00, 0x80, 0x44, 0x00, 0x04, 0x00, 0x20, 0x20, 0x00, 0x80, 0x00, 0x08, 0x42,
  0x00, 0x04, 0x00, 0x88, 0x40, 0x00, 0x14, 0x95, 0xA4, 0x94, 0xAA, 0xB6, 0xD5, 0xAA, 0xAA, 0x52,
  0x01, 0x20, 0x08, 0x00, 0x00, 0x00, 0x20, 0xC0, 0x01, 0x24, 0x16, 0x55, 0x49, 0xAA, 0x26, 0x4D,
  0x2A, 0x21, 0x05, 0x00, 0x10, 0xE0, 0x83, 0xB0, 0x07, 0xE0, 0x5F, 0xDD, 0x2A, 0x21, 0x08, 0x80,
  0x00, 0x10, 0x00, 0x04, 0x00, 0x80, 0x08, 0x40, 0x00, 0x08, 0x00, 0x00, 0x00, 0x00, 0x00, 0x00,
  0x80, 0x20, 0x00, 0x20, 0x80, 0x00, 0x00, 0x20, 0x00, 0x00, 0x00, 0x00, 0x00, 0x01, 0x00, 0x02,
  0x22, 0x00, 0x10, 0x80, 0x00, 0x00, 0x82, 0x00, 0x00, 0x00, 0x00, 0x00, 0x00, 0x04, 0x02, 0x00,
  0x10, 0x00, 0x00, 0x04, 0x80, 0x04, 0x00, 0x00, 0x00, 0x88, 0x00, 0x01, 0x11, 0x00, 0x40, 0x40,
  0x04, 0x00, 0x09, 0x00, 0x08, 0x80, 0x84, 0x10, 0x40, 0x00, 0x88, 0x00, 0x10, 0x22, 0x41, 0x48,
  0x4A, 0x52, 0x55, 0x55, 0xAD, 0xDA, 0x4A, 0xAA, 0x00, 0x08, 0x00, 0x00, 0x82, 0x20, 0x24, 0x92,
  0x41, 0x06, 0xAB, 0xAA, 0x92, 0x2A, 0x53, 0x92, 0x40, 0x4A, 0x0A, 0x40, 0x00, 0x60, 0x21, 0x6C,
  0x00, 0x00, 0xB7, 0x6A, 0x45, 0x4A, 0x15, 0x20, 0x80, 0x04, 0x21, 0x00, 0x40, 0x08, 0x00, 0x04,
  0x00, 0x00, 0x02, 0x44, 0x04, 0x10, 0x00, 0x04, 0x02, 0x00, 0x00, 0x00, 0x04, 0x00, 0x12, 0x01,
  0x22, 0x00, 0x00, 0x08, 0x11, 0x00, 0x00, 0x40, 0x00, 0x00, 0x04, 0x00, 0x01, 0x80, 0x00, 0x00,
  0x09, 0x00, 0x04, 0x10, 0x00, 0x80, 0x00, 0x10, 0x01, 0x20, 0x20, 0x01, 0x00, 0x00, 0x00, 0x00,
  0x40, 0x00, 0x40, 0x08, 0x00, 0x00, 0x00, 0x00, 0x00, 0x02, 0x00, 0x00, 0x02, 0x00, 0x28, 0x00,
  0x10, 0x00, 0x00, 0x00, 0x04, 0x08, 0x00, 0x05, 0x91, 0xA4, 0xAA, 0xAA, 0xAA, 0x56, 0x95, 0x92,
  0x41, 0x02, 0x00, 0x04, 0x20, 0x00, 0x20, 0x80, 0x01, 0x04, 0x4B, 0x2A, 0xA4, 0x5A, 0xA1, 0x24,
  0x95, 0x94, 0x44, 0x10, 0x00, 0xE4, 0x00, 0x1A, 0x00, 0x01, 0xAB, 0x55, 0x9F, 0x10, 0x21, 0x02,
  0x10, 0x00, 0x00, 0x80, 0x10, 0x00, 0x00, 0x00, 0x88, 0x00, 0x00, 0x01, 0x00, 0x00, 0x08, 0x41,
  0x00, 0x00, 0x02, 0x00, 0x00, 0x20, 0x00, 0x00, 0x00, 0x22, 0x12, 0x01, 0x00, 0x20, 0x42, 0x00,
  0x00, 0x80, 0x80, 0x80, 0x00, 0x04, 0x00, 0x20, 0x80, 0x48, 0x80, 0x04, 0x49, 0x20, 0x40, 0x04,
  0x00, 0x08, 0x02, 0x00, 0x10, 0x00, 0x41, 0x00, 0x10, 0x00, 0x00, 0x00, 0x00, 0x00, 0x10, 0x00,
  0x40, 0x00, 0x00, 0x44, 0x00, 0x08, 0x04, 0x02, 0x04, 0x00, 0x01, 0x24, 0x81, 0x40, 0x2A, 0x50,
  0x4A, 0x95, 0xA4, 0x6A, 0x55, 0x55, 0x55, 0xAA, 0x10, 0x00, 0x42, 0x40, 0x00, 0x08, 0x20, 0x82,
  0x21, 0x02, 0x95, 0x6A, 0x55, 0x56, 0x4D, 0x49, 0x48, 0x42, 0x0A, 0x04, 0x08, 0x60, 0x80, 0x05,
  0x48, 0x10, 0x5E, 0x55, 0x51, 0x25, 0x2A, 0x00, 0x00, 0x00, 0x08, 0x01, 0x00, 0x80, 0x80, 0x00,
  0x02, 0x80, 0x10, 0x00, 0x00, 0x01, 0x02, 0x00, 0x00, 0x84, 0x20, 0x82, 0x40, 0x00, 0x00, 0x10,
  0x00, 0x00, 0x00, 0x00, 0x00, 0x08, 0x00, 0x10, 0x00, 0x24, 0x00, 0x88, 0x00, 0x01, 0x20, 0x00,
  0x00, 0x00, 0x00, 0x00, 0x00, 0x08, 0x00, 0x00, 0x80, 0x00, 0x00, 0x80, 0x00, 0x00, 0x00, 0x44,
  0x00, 0x84, 0x08, 0x40, 0x04, 0x91, 0x04, 0x12, 0x11, 0x10, 0x00, 0x01, 0x80, 0x00, 0x48, 0x48,
  0x00, 0x20, 0x00, 0x01, 0x20, 0x04, 0x40, 0x85, 0x10, 0xA9, 0xAA, 0x5A, 0xB5, 0xAA, 0x92, 0xD4,
  0x01, 0x00, 0x00, 0x00, 0x00, 0x00, 0x20, 0x80, 0x81, 0x84, 0xA5, 0x56, 0x82, 0x54, 0x92, 0x92,
  0x12, 0x89, 0x04, 0x00, 0x00, 0x71, 0xA0, 0x02, 0x02, 0x00, 0x6C, 0xA5, 0xA6, 0x4A, 0xD5, 0x00,
  0x02, 0x00, 0x00, 0x20, 0x00, 0x22, 0x08, 0x10, 0x00, 0x04, 0x00, 0x80, 0x10, 0x80, 0x00, 0x00,
  0x20, 0x00, 0x00, 0x10, 0x00, 0x04, 0x00, 0x04, 0x00, 0x00, 0x00, 0x40, 0x40, 0x00, 0x00, 0x00,
  0x24, 0x00, 0x00, 0x00, 0x10, 0x00, 0x00, 0x04, 0x00, 0x00, 0x20, 0x00, 0x00, 0x02, 0x10, 0x00,
  0x04, 0x00, 0x00, 0x20, 0x00, 0x11, 0x08, 0x00, 0x04, 0x00, 0x00, 0x00, 0x40, 0x00, 0x00, 0x00,
  0x00, 0x00, 0x21, 0x00, 0x20, 0x40, 0x08, 0x00, 0x00, 0x02, 0x10, 0x00, 0x08, 0x90, 0x08, 0x10,
  0x4A, 0x52, 0x55, 0xA5, 0xAA, 0x56, 0x55, 0x25, 0x00, 0x40, 0x00, 0x08, 0x04, 0x02, 0x21, 0xC2,
  0x41, 0x84, 0x55, 0xAD, 0xB4, 0xAA, 0x36, 0x24, 0xA4, 0x10, 0x05, 0x00, 0x02, 0x30, 0x68, 0x41,
  0x00, 0x00, 0xB0, 0xAA, 0x0C, 0x31, 0x28, 0x11, 0x00, 0x42, 0x02, 0x00, 0x04, 0x00, 0x00, 0x00,
  0x00, 0x00, 0x00, 0x10, 0x00, 0x08, 0x80, 0x00, 0x08, 0x20, 0x00, 0x00, 0x10, 0x00, 0x11, 0x01,
  0x49, 0x08, 0x00, 0x10, 0x04, 0x00, 0x08, 0x02, 0x00, 0x00, 0x00, 0x00, 0x00, 0x20, 0x04, 0x00,
  0x08, 0x00, 0x02, 0x80, 0x00, 0x00, 0x04, 0x40, 0x00, 0x00, 0x11, 0x01, 0x08, 0x00, 0x02, 0x01,
  0x00, 0x01, 0x00, 0x11, 0x00, 0x00, 0x00, 0x00, 0x00, 0x00, 0x00, 0x00, 0x04, 0x00, 0x84, 0x00,
  0x80, 0x00, 0x00, 0x40, 0x00, 0x01, 0x42, 0x42, 0x90, 0x8A, 0xA4, 0xAA, 0x56, 0xB5, 0x4A, 0xCA,
  0x00, 0x10, 0x08, 0x01, 0x41, 0x00, 0x20, 0x90, 0x01, 0xC2, 0xAA, 0x55, 0x49, 0x6D, 0x55, 0x49,
  0x09, 0x4A, 0x00, 0x81, 0x40, 0x30, 0x2A, 0x00, 0x00, 0x08, 0x70, 0xA5, 0xB5, 0xC4, 0x46, 0x01,
  0x20, 0x00, 0x00, 0x04, 0x40, 0x00, 0x00, 0x82, 0x20, 0x20, 0x40, 0x04, 0x00, 0x00, 0x00, 0x90,
  0x00, 0x01, 0x88, 0x00, 0x04, 0x00, 0x00, 0x00, 0x00, 0x80, 0x88, 0x00, 0x00, 0x02, 0x81, 0x00,
  0x01, 0x02, 0x44, 0x04, 0x02, 0x00, 0x00, 0x81, 0x80, 0x44, 0x00, 0x20, 0x20, 0x00, 0x00, 0x02,
  0x20, 0x22, 0x00, 0x00, 0x00, 0x80, 0x00, 0x00, 0x01, 0x20, 0x42, 0x00, 0x00, 0x00, 0x80, 0x00,
  0x00, 0x21, 0x08, 0x20, 0x01, 0x08, 0x20, 0x24, 0x22, 0x00, 0x04, 0x12, 0x40, 0x24, 0x10, 0x88,
  0x2A, 0xB5, 0xAA, 0xAA, 0xAA, 0x56, 0x95, 0x94, 0x44, 0x04, 0x40, 0x00, 0x00, 0x40, 0x28, 0x82,
  0x21, 0x44, 0x55, 0xB5, 0x52, 0x2A, 0x95, 0x92, 0x52, 0x10, 0x03, 0x20, 0x00, 0x38, 0x1A, 0x10,
  0x00, 0x81, 0xC0, 0x5A, 0x49, 0x94, 0x58, 0x82, 0x00, 0x00, 0x40, 0x00, 0x01, 0x08, 0x22, 0x00,
  0x08, 0x02, 0x12, 0x00, 0x44, 0x00, 0x20, 0x00, 0x00, 0x00, 0x00, 0x00, 0x00, 0x20, 0x00, 0x00,
  0x00, 0x02, 0x00, 0x00, 0x80, 0x40, 0x00, 0x40, 0x00, 0x80, 0x00, 0x40, 0x80, 0x08, 0x00, 0x00,
  0x00, 0x00, 0x00, 0x02, 0x08, 0x80, 0x00, 0x00, 0x00, 0x00, 0x00, 0x10, 0x40, 0x08, 0x00, 0x10,
  0x40, 0x00, 0x00, 0x00, 0x12, 0x88, 0x10, 0x90, 0x44, 0x08, 0x00, 0x08, 0x00, 0x02, 0x04, 0x00,
  0x00, 0x20, 0x00, 0x00, 0x12, 0x80, 0x84, 0x22, 0x44, 0x49, 0x55, 0x55, 0xB5, 0xAD, 0x2A, 0xA9,
  0x01, 0x00, 0x00, 0x40, 0x00, 0x00, 0x40, 0x80, 0x01, 0xC2, 0xD5, 0x6A, 0xAA, 0x9A, 0x2A, 0x25,
  0x04, 0x45, 0x40, 0x00, 0x00, 0x9C, 0x05, 0x00, 0x24, 0x00, 0x80, 0xAB, 0x2A, 0x21, 0xA7, 0x02,
  0x08, 0x08, 0x00, 0x40, 0x00, 0x02, 0x00, 0x20, 0x00, 0x00, 0x00, 0x00, 0x01, 0x22, 0x02, 0x00,
  0x00, 0x08, 0x01, 0x88, 0x00, 0x01, 0x40, 0x40, 0x00, 0x00, 0x00, 0x04, 0x11, 0x00, 0x00, 0x00,
  0x40, 0x20, 0x00, 0x00, 0x20, 0x00, 0x21, 0x20, 0x00, 0x00, 0x20, 0x00, 0x00, 0x04, 0x40, 0x10,
  0x09, 0x00, 0x20, 0x04, 0x01, 0x00, 0x40, 0x00, 0x00, 0x00, 0x10, 0x80, 0x00, 0x02, 0x00, 0x00,
  0x00, 0x00, 0x00, 0x01, 0x00, 0x80, 0x88, 0x80, 0x00, 0x00, 0x40, 0x00, 0x00, 0x09, 0x20, 0x80,
  0x12, 0x25, 0xA9, 0xDA, 0xAA, 0x6A, 0x55, 0x92, 0x00, 0x00, 0x01, 0x10, 0x10, 0x08, 0x20, 0x82,
  0x41, 0x64, 0x55, 0xAD, 0x92, 0xCA, 0x4A, 0xAA, 0x92, 0x10, 0x01, 0x08, 0x10, 0x4C, 0x01, 0x04,
  0x01, 0x00, 0x00, 0x56, 0xA5, 0x54, 0xAC, 0x05, 0x00, 0x81, 0x08, 0x10, 0x10, 0x80, 0x00, 0x08,
  0x00, 0x00, 0x00, 0x40, 0x00, 0x00, 0x00, 0x04, 0x44, 0x00, 0x00, 0x02, 0x00, 0x00, 0x12, 0x08,
  0x08, 0x00, 0x02, 0x40, 0x00, 0x10, 0x20, 0x08, 0x10, 0x00, 0x00, 0x01, 0x00, 0x00, 0x00, 0x00,
  0x44, 0x00, 0x04, 0x00, 0x00, 0x01, 0x08, 0x00, 0x00, 0x08, 0x02, 0x00, 0x10, 0x02, 0x00, 0x04,
  0x08, 0x44, 0x00, 0x08, 0x00, 0x00, 0x00, 0x04, 0x00, 0x00, 0x41, 0x00, 0x40, 0x00, 0x28, 0x24,
  0x20, 0x08, 0x01, 0x84, 0x40, 0x20, 0x89, 0x94, 0xA0, 0x54, 0xAA, 0xAA, 0x6A, 0x55, 0x95, 0xA4,
  0x80, 0x00, 0x10, 0x00, 0x00, 0x01, 0x22, 0xA0, 0x11, 0x66, 0x55, 0x6B, 0x55, 0xAD, 0xAA, 0x90,
  0x00, 0x44, 0x08, 0x00, 0x00, 0x7E, 0x01, 0x01, 0x00, 0x10, 0x02, 0x5C, 0x55, 0x89, 0x6B, 0x8B,
  0x00, 0x00, 0x00, 0x01, 0x00, 0x00, 0x80, 0x00, 0x84, 0x90, 0x00, 0x11, 0x00, 0x00, 0x00, 0x41,
  0x00, 0x00, 0x90, 0x00, 0x20, 0x08, 0x00, 0x00, 0x80, 0x90, 0x20, 0x00, 0x00, 0x00, 0x08, 0x00,
  0x00, 0x04, 0x10, 0x00, 0x04, 0x00, 0x00, 0x04, 0x00, 0x10, 0x01, 0x88, 0x00, 0x40, 0x00, 0x04,
  0x00, 0x81, 0x00, 0x01, 0x00, 0x80, 0x08, 0x80, 0x00, 0x00, 0x04, 0x02, 0x80, 0x00, 0x02, 0x01,
  0x00, 0x00, 0x10, 0x00, 0x10, 0x00, 0x08, 0x00, 0x00, 0x02, 0x00, 0x00, 0x08, 0x04, 0x00, 0x21,
  0xAA, 0x92, 0x4A, 0x55, 0xAD, 0xDA, 0x52, 0x95, 0x11, 0x10, 0x00, 0x02, 0x04, 0x80, 0x20, 0x82,
  0x01, 0xA4, 0x6A, 0x55, 0x52, 0xA5, 0xAA, 0x06, 0xAA, 0x90, 0x00, 0x02, 0x01, 0x2F, 0x00, 0x00,
  0x00, 0x02, 0x10, 0xB1, 0x0A, 0x52, 0x9A, 0x0E, 0x40, 0x00, 0x00, 0x00, 0x00, 0x00, 0x08, 0x00,
  0x00, 0x00, 0x10, 0x00, 0x20, 0x08, 0x11, 0x00, 0x00, 0x20, 0x04, 0x00, 0x04, 0x80, 0x00, 0x00,
  0x02, 0x00, 0x00, 0x02, 0x00, 0x02, 0x02, 0x02, 0x01, 0x00, 0x04, 0x10, 0x01, 0x44, 0x08, 0x01,
  0x00, 0x04, 0x00, 0x01, 0x08, 0x00, 0x00, 0x00, 0x40, 0x00, 0x00, 0x00, 0x02, 0x20, 0x00, 0x00,
  0x80, 0x00, 0x00, 0x00, 0x20, 0x40, 0x20, 0x00, 0x11, 0x21, 0x00, 0x40, 0x04, 0x10, 0x04, 0x01,
  0x08, 0x00, 0x10, 0x20, 0x02, 0x40, 0x4A, 0x84, 0x84, 0x54, 0x55, 0x55, 0x53, 0x2B, 0x55, 0xA4,
  0x00, 0x00, 0x04, 0x00, 0x01, 0x00, 0x20, 0x80, 0x41, 0xE2, 0x56, 0xB5, 0x4A, 0xB1, 0x2A, 0x51,
  0x00, 0x8A, 0x80, 0x00, 0x20, 0x17, 0x10, 0x40, 0x40, 0x80, 0x00, 0xC0, 0xB5, 0xAA, 0xE2, 0x01,
  0x08, 0x20, 0x44, 0x00, 0x44, 0x22, 0x00, 0x80, 0x00, 0x00, 0x04, 0x00, 0x08, 0x02, 0x00, 0x00,
  0x10, 0x02, 0x00, 0x40, 0x00, 0x00, 0x00, 0x82, 0x00, 0x00, 0x00, 0x20, 0x44, 0x00, 0x00, 0x40,
  0x00, 0x80, 0x00, 0x00, 0x80, 0x00, 0x00, 0x80, 0x00, 0x00, 0x00, 0x00, 0x00, 0x10, 0x82, 0x40,
  0x02, 0x00, 0x10, 0x20, 0x80, 0x00, 0x80, 0x20, 0x20, 0x00, 0x80, 0x80, 0x08, 0x00, 0x00, 0x40,
  0x00, 0x00, 0x00, 0x10, 0x00, 0x04, 0x11, 0x90, 0x00, 0x00, 0x00, 0x01, 0x40, 0x12, 0x00, 0x28,
  0x52, 0x92, 0x54, 0x55, 0xAD, 0xAA, 0x92, 0x4A, 0x01, 0x04, 0x01, 0x40, 0x40, 0x10, 0x20, 0xC2,
  0x01, 0xB4, 0x5A, 0x55, 0xA9, 0x5A, 0x55, 0x04, 0x95, 0xA0, 0x08, 0x40, 0x88, 0x05, 0x04, 0x10,
  0x08, 0x00, 0x00, 0x00, 0x4E, 0x91, 0x3E, 0x00, 0x02, 0x08, 0x00, 0x08, 0x01, 0x00, 0x02, 0x11,
  0x20, 0x04, 0x00, 0x04, 0x00, 0x00, 0x00, 0x00, 0x01, 0x00, 0x01, 0x10, 0x00, 0x01, 0x40, 0x20,
  0x00, 0x11, 0x80, 0x00, 0x00, 0x40, 0x00, 0x00, 0x10, 0x21, 0x00, 0x01, 0x00, 0x00, 0x00, 0x00,
  0x88, 0x00, 0x20, 0x00, 0x42, 0x04, 0x20, 0x00, 0x00, 0x20, 0x00, 0x08, 0x20, 0x00, 0x00, 0x08,
  0x04, 0x90, 0x20, 0x00, 0x00, 0x08, 0x00, 0x00, 0x00, 0x08, 0x02, 0x04, 0x00, 0x00, 0x48, 0x04,
  0x80, 0x40, 0x04, 0x08, 0x04, 0x00, 0xA9, 0x82, 0x24, 0x25, 0xA5, 0x6A, 0x55, 0x55, 0x95, 0xA8,
  0x00, 0x01, 0x80, 0x10, 0x00, 0x04, 0x20, 0x90, 0x41, 0xB4, 0xAA, 0xAA, 0xAA, 0xAA, 0x82, 0x90,
  0x40, 0x4A, 0x00, 0x00, 0x40, 0x85, 0x00, 0x01, 0x00, 0x20, 0x20, 0x00, 0x70, 0xEF, 0x05, 0x44,
  0x00, 0x00, 0x00, 0x00, 0x00, 0x00, 0x40, 0x00, 0x08, 0x80, 0x00, 0x81, 0x00, 0x40, 0x40, 0x48,
  0x00, 0x40, 0x00, 0x04, 0x40, 0x10, 0x04, 0x00, 0x20, 0x00, 0x24, 0x00, 0x00, 0x10, 0x40, 0x00,
  0x00, 0x00, 0x40, 0x20, 0x10, 0x00, 0x42, 0x20, 0x00, 0x80, 0x08, 0x20, 0x00, 0x00, 0x00, 0x10,
  0x10, 0x08, 0x04, 0x01, 0x08, 0x08, 0x22, 0x00, 0x00, 0x00, 0x08, 0x20, 0x00, 0x00, 0x04, 0x04,
  0x40, 0x00, 0x80, 0x00, 0x80, 0x00, 0x00, 0x00, 0x10, 0x00, 0x00, 0x80, 0x20, 0x42, 0x00, 0x54,
  0x92, 0x54, 0x55, 0x55, 0xD5, 0xB6, 0x52, 0x92, 0x10, 0x00, 0x00, 0x00, 0x00, 0x00, 0x22, 0x82,
  0x11, 0x52, 0x55, 0x75, 0x55, 0xAD, 0x14, 0x45, 0x14, 0x24, 0x00, 0x10, 0xA0, 0x02, 0x00, 0x00,
  0x02, 0x04, 0x04, 0x12, 0x00, 0x11, 0x00, 0x01, 0x00, 0x01, 0x01, 0x02, 0x00, 0x80, 0x00, 0x00,
  0x00, 0x20, 0x40, 0x00, 0x80, 0x00, 0x04, 0x00, 0x40, 0x04, 0x40, 0x00, 0x04, 0x00, 0x01, 0x00,
  0x00, 0x00, 0x01, 0x10, 0x21, 0x00, 0x08, 0x04, 0x00, 0x08, 0x00, 0x00, 0x04, 0x88, 0x00, 0x08,
  0x00, 0x20, 0x00, 0x08, 0x00, 0x00, 0x00, 0x04, 0x00, 0x02, 0x00, 0x00, 0x01, 0x00, 0x00, 0x00,
  0x00, 0x02, 0x00, 0x00, 0x00, 0x82, 0x40, 0x00, 0x04, 0x00, 0x10, 0x00, 0x11, 0x00, 0x88, 0x20,
  0x01, 0x08, 0x00, 0x01, 0x88, 0x10, 0x94, 0x00, 0x49, 0x92, 0x54, 0xAA, 0xAA, 0xAA, 0x8A, 0xA4,
  0x00, 0x40, 0x10, 0x04, 0x10, 0x80, 0x20, 0x80, 0x01, 0xB4, 0xBA, 0x4A, 0x55, 0x54, 0x22, 0x10,
  0x41, 0x21, 0x42, 0x04, 0x52, 0x00, 0x40, 0x00, 0x80, 0x00, 0x00, 0x00, 0x00, 0x00, 0x00, 0x00,
  0x40, 0x00, 0x10, 0x40, 0x20, 0x12, 0x00, 0x00, 0x01, 0x01, 0x00, 0x00, 0x08, 0x10, 0x00, 0x00,
  0x08, 0x00, 0x10, 0x00, 0x00, 0x00, 0x00, 0x04, 0x04, 0x08, 0x00, 0x00, 0x00, 0x02, 0x02, 0x40,
  0x84, 0x00, 0x04, 0x08, 0x00, 0x02, 0x00, 0x00, 0x00, 0x04, 0x00, 0x02, 0x00, 0x81, 0x04, 0x00,
  0x04, 0x00, 0x00, 0x00, 0x00, 0x40, 0x00, 0x00, 0x81, 0x00, 0x00, 0x04, 0x44, 0x00, 0x00, 0x20,
  0x00, 0x40, 0x00, 0x00, 0x00, 0x20, 0x0A, 0x04, 0x00, 0x00, 0x40, 0x10, 0x02, 0x04, 0x01, 0x55,
  0xA2, 0x24, 0x55, 0xAD, 0x56, 0x55, 0x55, 0x89, 0x04, 0x10, 0x04, 0x00, 0x04, 0x01, 0x20, 0x82,
  0x41, 0x5A, 0x55, 0xF5, 0x6A, 0x2A, 0x89, 0x44, 0x14, 0x2A, 0x00, 0x00, 0x28, 0x20, 0x04, 0x88,
  0x20, 0x00, 0x00, 0x00, 0x01, 0x00, 0x20, 0x00, 0x08, 0x40, 0x00, 0x00, 0x08, 0x00, 0x10, 0x44,
  0x00, 0x00, 0x08, 0x10, 0x02, 0x00, 0x00, 0x01, 0x00, 0x00, 0x00, 0x80, 0x00, 0x00, 0x40, 0x80,
  0x00, 0x01, 0x00, 0x04, 0x08, 0x00, 0x00, 0x00, 0x00, 0x00, 0x01, 0x00, 0x81, 0x00, 0x10, 0x01,
  0x92, 0x00, 0x00, 0x00, 0x12, 0x20, 0x40, 0x00, 0x01, 0x00, 0x21, 0x20, 0x00, 0x01, 0x00, 0x11,
  0x10, 0x40, 0x04, 0x00, 0x01, 0x00, 0x00, 0x08, 0x00, 0x09, 0x04, 0x40, 0x00, 0x04, 0x20, 0x00,
  0x09, 0x01, 0x11, 0x00, 0x00, 0x00, 0x50, 0x80, 0x08, 0xA9, 0xAA, 0xAA, 0x55, 0xAB, 0x24, 0xD2,
  0x81, 0x00, 0x00, 0x80, 0x00, 0x10, 0x20, 0x90, 0x01, 0xD4, 0xAA, 0xAA, 0x2A, 0x55, 0x24, 0x11,
  0x41, 0x10, 0x00, 0x00, 0x16, 0x00, 0x01, 0x00, 0x00, 0x40, 0x90, 0x00, 0x10, 0x00, 0x02, 0x90,
  0x00, 0x10, 0x80, 0x00, 0x00, 0x00, 0x04, 0x01, 0x20, 0x08, 0x02, 0x00, 0x00, 0x02, 0x21, 0x10,
  0x01, 0x22, 0x02, 0x22, 0x10, 0x49, 0x10, 0x00, 0x40, 0x80, 0x00, 0x01, 0x02, 0x80, 0x00, 0x01,
  0x00, 0x40, 0x40, 0x00, 0x00, 0x00, 0x00, 0x00, 0x00, 0x00, 0x44, 0x00, 0x00, 0x00, 0x00, 0x00,
  0x80, 0x40, 0x00, 0x02, 0x40, 0x10, 0x24, 0x00, 0x00, 0x10, 0x80, 0x40, 0x00, 0x20, 0x08, 0x01,
  0x11, 0x00, 0x00, 0x02, 0x00, 0x01, 0x08, 0x21, 0x00, 0x40, 0x00, 0x80, 0x20, 0x21, 0x01, 0x15,
  0x52, 0x4A, 0x52, 0x55, 0xD5, 0xAA, 0x95, 0xA4, 0x00, 0x00, 0x80, 0x20, 0x00, 0x00, 0x20, 0x82,
  0x41, 0x5C, 0xBB, 0xD6, 0xAA, 0x42, 0x91, 0x44, 0x4A, 0x15, 0x08, 0x01, 0x09, 0x02, 0x00, 0x01,
  0x00, 0x10, 0x04, 0x08, 0x00, 0x11, 0x00, 0x04, 0x00, 0x00, 0x00, 0x08, 0x01, 0x00, 0x01, 0x00,
  0x00, 0x00, 0x00, 0x82, 0x40, 0x00, 0x00, 0x00, 0x80, 0x00, 0x00, 0x00, 0x00, 0x00, 0x00, 0x10,
  0x00, 0x00, 0x10, 0x40, 0x00, 0x10, 0x40, 0x10, 0x10, 0x04, 0x00, 0x04, 0x00, 0x40, 0x04, 0x20,
  0x00, 0x00, 0x01, 0x80, 0x00, 0x04, 0x00, 0x22, 0x00, 0x10, 0x00, 0x00, 0x04, 0x00, 0x00, 0x00,
  0x04, 0x00, 0x00, 0x00, 0x00, 0x08, 0x02, 0x00, 0x00, 0x00, 0x80, 0x00, 0x24, 0x00, 0x08, 0x08,
  0x00, 0x00, 0x00, 0x22, 0x08, 0x08, 0x24, 0xA0, 0xA4, 0x54, 0x55, 0x55, 0x35, 0x55, 0xAA, 0x88,
  0x00, 0x04, 0x01, 0x08, 0x00, 0x02, 0x22, 0x80, 0x11, 0xAC, 0xAA, 0xAA, 0xB6, 0x2C, 0x4A, 0x10,
  0x10, 0x08, 0x41, 0x40, 0x05, 0x40, 0x20, 0x20, 0x04, 0x04, 0x00, 0x80, 0x00, 0x00, 0x80, 0x00,
  0x00, 0x02, 0x04, 0x00, 0x80, 0x48, 0x00, 0x00, 0x04, 0x82, 0x80, 0x00, 0x00, 0x20, 0x00, 0x00,
  0x10, 0x00, 0x40, 0x00, 0x00, 0x00, 0x04, 0x04, 0x08, 0x10, 0x00, 0x00, 0x80, 0x04, 0x00, 0x00,
  0x01, 0x01, 0x00, 0x40, 0x08, 0x10, 0x00, 0x08, 0x00, 0x20, 0x00, 0x20, 0x80, 0x00, 0x84, 0x00,
  0x20, 0x00, 0x10, 0x00, 0x01, 0x00, 0x00, 0x40, 0x00, 0x04, 0x20, 0x08, 0x20, 0x02, 0x40, 0x00,
  0x00, 0x80, 0x20, 0x20, 0x00, 0x80, 0x48, 0x02, 0x40, 0x08, 0x00, 0x00, 0x40, 0x80, 0x80, 0x0A,
  0x09, 0x29, 0x55, 0x55, 0xD5, 0xAA, 0x12, 0x55, 0x21, 0x00, 0x20, 0x00, 0x20, 0x80, 0x20, 0xC1,
  0x01, 0xDC, 0xBD, 0xEA, 0x1A, 0x49, 0x11, 0x45, 0xA5, 0x0A, 0x00, 0x50, 0x01, 0x10, 0x00, 0x00,
  0x40, 0x00, 0x00, 0x00, 0x00, 0x80, 0x10, 0x00, 0x24, 0x00, 0x20, 0x40, 0x20, 0x00, 0x00, 0x10,
  0x01, 0x00, 0x20, 0x00, 0x00, 0x00, 0x04, 0x41, 0x00, 0x00, 0x08, 0x00, 0x42, 0x00, 0x00, 0x00,
  0x02, 0x00, 0x04, 0x00, 0x00, 0x00, 0x08, 0x00, 0x00, 0x00, 0x08, 0x01, 0x40, 0x04, 0x40, 0x00,
  0x22, 0x04, 0x00, 0x02, 0x20, 0x80, 0x00, 0x00, 0x04, 0x04, 0x00, 0x22, 0x00, 0x84, 0x00, 0x12,
  0x40, 0x00, 0x02, 0x00, 0x08, 0x00, 0x00, 0x40, 0x40, 0x04, 0x08, 0x00, 0x00, 0x00, 0x08, 0x40,
  0x02, 0x00, 0x88, 0x00, 0x00, 0x22, 0x12, 0xA4, 0x52, 0x45, 0xA9, 0xAA, 0xAA, 0x4A, 0x65, 0xA2,
  0x00, 0x20, 0x00, 0x00, 0x04, 0x20, 0x20, 0x84, 0x01, 0xAC, 0x52, 0x95, 0x4D, 0x93, 0xA4, 0x48,
  0x44, 0x44, 0x00, 0xA0, 0x80, 0x80, 0xAE, 0x02, 0x01, 0x00, 0x01, 0x01, 0x48, 0x00, 0x00, 0x00,
  0x01, 0x40, 0x00, 0x02, 0x00, 0x00, 0x20, 0x01, 0x40, 0x20, 0x00, 0x10, 0x04, 0x04, 0x40, 0x10,
  0x04, 0x90, 0x00, 0x24, 0x00, 0x10, 0x81, 0x00, 0x00, 0x01, 0x81, 0x08, 0x11, 0x00, 0x00, 0x40,
  0x40, 0x40, 0x40, 0x00, 0x00, 0x00, 0x00, 0x02, 0x00, 0x00, 0x20, 0x00, 0x00, 0x20, 0x20, 0x80,
  0x00, 0x00, 0x84, 0x00, 0x40, 0x00, 0x88, 0x00, 0x00, 0x80, 0x00, 0x00, 0x02, 0x00, 0x00, 0x04,
  0x04, 0x00, 0x00, 0x00, 0x00, 0x10, 0x88, 0x00, 0x00, 0x00, 0x01, 0x08, 0x89, 0x00, 0x40, 0x01,
  0x24, 0x55, 0x4A, 0x55, 0x55, 0xB5, 0x8A, 0x48, 0x00, 0x01, 0x04, 0x02, 0x01, 0x08, 0x20, 0x80,
  0x41, 0xD6, 0xB6, 0xEA, 0xA6, 0x24, 0x09, 0x25, 0x29, 0x05, 0x00, 0x58, 0x20, 0xE8, 0xD5, 0x1E,
  0x00, 0x00, 0x20, 0x10, 0x02, 0x04, 0x00, 0x10, 0x00, 0x08, 0x00, 0x00, 0x08, 0x00, 0x00, 0x00,
  0x00, 0x00, 0x08, 0x00, 0x41, 0x00, 0x01, 0x00, 0x00, 0x04, 0x00, 0x00, 0x00, 0x02, 0x00, 0x40,
  0x00, 0x20, 0x00, 0x40, 0x00, 0x80, 0x00, 0x09, 0x08, 0x00, 0x00, 0x20, 0x02, 0x00, 0x02, 0x00,
  0x00, 0x01, 0x08, 0x00, 0x04, 0x00, 0x00, 0x10, 0x00, 0x00, 0x01, 0x00, 0x10, 0x00, 0x00, 0x00,
  0x04, 0x20, 0x00, 0x21, 0x00, 0x80, 0x08, 0x00, 0x00, 0x20, 0x00, 0x08, 0x11, 0x01, 0x00, 0x08,
  0x10, 0x42, 0x00, 0x40, 0x00, 0x48, 0x12, 0x54, 0x49, 0xA9, 0x2A, 0x55, 0x55, 0x2B, 0xA9, 0x52,
  0x08, 0x00, 0x00, 0x40, 0x00, 0x01, 0x20, 0x91, 0x01, 0xBC, 0xBA, 0xAA, 0xB5, 0xAA, 0xB2, 0x94,
  0x44, 0x02, 0x88, 0x24, 0x08, 0xBE, 0xBA, 0xF2, 0x10, 0x11, 0x00, 0x00, 0x00, 0x40, 0x04, 0x01,
  0x00, 0x01, 0x42, 0x10, 0x02, 0x44, 0x04, 0x20, 0x00, 0x04, 0x00, 0x00, 0x00, 0x40, 0x00, 0x00,
  0x80, 0x00, 0x80, 0x00, 0x08, 0x00, 0x00, 0x10, 0x20, 0x08, 0x00, 0x00, 0x00, 0x21, 0x40, 0x00,
  0x00, 0x08, 0x02, 0x00, 0x00, 0x81, 0x10, 0x40, 0x08, 0x40, 0x00, 0x10, 0x01, 0x04, 0x00, 0x04,
  0x80, 0x20, 0x00, 0x00, 0x00, 0x20, 0x02, 0x00, 0x81, 0x08, 0x20, 0x00, 0x00, 0x21, 0x80, 0x00,
  0x00, 0x01, 0x02, 0x02, 0x00, 0x00, 0x28, 0x82, 0x00, 0x00, 0x00, 0x01, 0x20, 0x02, 0x80, 0x80,
  0x92, 0x24, 0xA9, 0xAA, 0x6A, 0x55, 0x55, 0xA4, 0x00, 0x10, 0x80, 0x00, 0x40, 0x00, 0x20, 0x84,
  0x21, 0xAC, 0x6A, 0x55, 0x53, 0x55, 0x24, 0x25, 0x29, 0x11, 0x02, 0x1E, 0x80, 0xB7, 0x56, 0x25,
  0x01, 0x00, 0x04, 0x00, 0x00, 0x00, 0x40, 0x00, 0x20, 0x00, 0x10, 0x00, 0x00, 0x01, 0x00, 0x08,
  0x12, 0x00, 0x01, 0x02, 0x00, 0x10, 0x00, 0x04, 0x01, 0x00, 0x24, 0x00, 0x41, 0x00, 0x10, 0x02,
  0x00, 0x00, 0x20, 0x02, 0x40, 0x00, 0x08, 0x00, 0x02, 0x00, 0x00, 0x04, 0x10, 0x20, 0x00, 0x00,
  0x00, 0x10, 0x00, 0x02, 0x00, 0x01, 0x04, 0x01, 0x10, 0x08, 0x00, 0x10, 0x01, 0x04, 0x40, 0x40,
  0x00, 0x00, 0x00, 0x08, 0x40, 0x00, 0x00, 0x90, 0x10, 0x00, 0x40, 0x00, 0x00, 0x80, 0x08, 0x20,
  0x80, 0x00, 0x20, 0x08, 0x82, 0x90, 0x24, 0x2A, 0x2A, 0xA9, 0xAA, 0x5A, 0xAD, 0xAA, 0x92, 0x92,
  0x40, 0x00, 0x21, 0x00, 0x00, 0x00, 0x22, 0x80, 0x01, 0xAE, 0xAA, 0xDA, 0x55, 0x55, 0xAB, 0x48,
  0x92, 0x01, 0x00, 0x03, 0xEA, 0xDA, 0xAA, 0x5A, 0x07, 0x80, 0x00, 0x42, 0x80, 0x10, 0x00, 0x40,
  0x04, 0x00, 0x00, 0x04, 0x00, 0x00, 0x40, 0x00, 0x00, 0x41, 0x80, 0x20, 0x10, 0x01, 0x10, 0x01,
  0x10, 0x00, 0x01, 0x08, 0x00, 0x20, 0x01, 0x00, 0x04, 0x04, 0x08, 0x20, 0x04, 0x00, 0x00, 0x80,
  0x20, 0x02, 0x10, 0x01, 0x00, 0x08, 0x00, 0x02, 0x02, 0x00, 0x82, 0x00, 0x40, 0x00, 0x41, 0x00,
  0x02, 0x00, 0x20, 0x02, 0x00, 0x01, 0x00, 0x08, 0x20, 0x00, 0x08, 0x00, 0x02, 0x00, 0x00, 0x00,
  0x00, 0x80, 0x00, 0x40, 0x04, 0x24, 0x88, 0x00, 0x00, 0x10, 0x08, 0x80, 0x00, 0x00, 0x08, 0x80,
  0xA0, 0x4A, 0x55, 0x55, 0x55, 0x95, 0x24, 0xA4, 0x00, 0x04, 0x00, 0x10, 0x10, 0x40, 0x20, 0xC1,
  0x41, 0xDC, 0xBA, 0xAA, 0xB9, 0xAD, 0x24, 0x25, 0x49, 0x80, 0x80, 0xD5, 0xBF, 0xAF, 0x55, 0xA5,
  0x0C, 0x04, 0x40, 0x00, 0x04, 0x00, 0x00, 0x10, 0x00, 0x90, 0x00, 0x80, 0x00, 0x00, 0x01, 0x00,
  0x00, 0x00, 0x20, 0x00, 0x02, 0x00, 0x00, 0x40, 0x00, 0x20, 0x00, 0x00, 0xC0, 0x06, 0x80, 0x00,
  0x00, 0x06, 0x02, 0x00, 0x00, 0x08, 0x00, 0x0E, 0x60, 0x40, 0x04, 0x80, 0x6C, 0x81, 0x31, 0x06,
  0xC0, 0x07, 0x00, 0x00, 0x00, 0x60, 0x00, 0x80, 0x00, 0x00, 0x08, 0x00, 0x08, 0x00, 0x10, 0x00,
  0x00, 0x00, 0x02, 0x82, 0x00, 0x08, 0x12, 0x02, 0x00, 0x08, 0x10, 0x00, 0x40, 0x00, 0x00, 0x04,
  0x12, 0x00, 0x02, 0x00, 0x48, 0x44, 0x82, 0x2A, 0x95, 0x54, 0xAA, 0xAA, 0xAA, 0x4A, 0x55, 0xC9,
  0x08, 0x00, 0x00, 0x00, 0x02, 0x10, 0x20, 0x84, 0x01, 0xAC, 0x6A, 0xAB, 0x6C, 0x5B, 0x89, 0x48,
  0xA4, 0x04, 0xE0, 0xFD, 0xFF, 0x7F, 0xAB, 0x5A, 0x31, 0x00, 0x10, 0x00, 0x00, 0x00, 0x12, 0x04,
  0x00, 0x02, 0x00, 0x00, 0x20, 0x10, 0x10, 0x02, 0x01, 0x00, 0x00, 0x00, 0x00, 0x00, 0x02, 0x00,
  0x00, 0x09, 0x00, 0x40, 0xE8, 0x3F, 0x00, 0x80, 0x80, 0x06, 0x00, 0x08, 0x00, 0x00, 0x41, 0x04,
  0x30, 0x00, 0x00, 0x00, 0xFE, 0xC3, 0x30, 0x46, 0xE0, 0x1E, 0x20, 0x20, 0x02, 0x60, 0x00, 0x00,
  0x00, 0x01, 0x01, 0x80, 0x00, 0x80, 0x00, 0x02, 0x00, 0x22, 0x00, 0x00, 0x00, 0x00, 0x00, 0x00,
  0x84, 0x00, 0x00, 0x10, 0x00, 0x00, 0x18, 0x41, 0x00, 0x01, 0x80, 0x04, 0x00, 0x10, 0x20, 0x80,
  0x24, 0xA9, 0x4A, 0x55, 0x55, 0x55, 0x49, 0x92, 0x00, 0x40, 0x04, 0x82, 0x00, 0x04, 0x20, 0x80,
  0x11, 0xBE, 0xB5, 0x6A, 0xB7, 0x92, 0x52, 0x8A, 0x52, 0x20, 0xB0, 0xBF, 0xE0, 0x6A, 0xDB, 0x26,
  0x2A, 0x20, 0x04, 0x10, 0x20, 0x82, 0x00, 0x00, 0x40, 0x00, 0x88, 0x00, 0x08, 0x04, 0x00, 0x40,
  0x20, 0x08, 0x04, 0x00, 0x00, 0x44, 0x40, 0x00, 0x08, 0x00, 0x00, 0x01, 0x40, 0x30, 0x08, 0x08,
  0x20, 0x80, 0x00, 0x01, 0x21, 0x02, 0x08, 0x26, 0x24, 0x00, 0x80, 0x20, 0x04, 0x03, 0x18, 0x02,
  0x30, 0xB0, 0x08, 0x00, 0x20, 0x00, 0x10, 0x10, 0x40, 0x10, 0x00, 0x10, 0x40, 0x20, 0x00, 0x00,
  0x02, 0x00, 0x80, 0x00, 0x10, 0x41, 0x80, 0x20, 0x00, 0x00, 0x00, 0x02, 0x00, 0x00, 0x08, 0x10,
  0x00, 0x40, 0x00, 0x20, 0x09, 0x01, 0x09, 0x15, 0x52, 0x92, 0x54, 0xD5, 0x56, 0x55, 0x95, 0xC8,
  0x80, 0x00, 0x40, 0x00, 0x00, 0x01, 0x20, 0x81, 0x41, 0x54, 0x6D, 0x55, 0xAE, 0x4A, 0xA4, 0x50,
  0x24, 0x00, 0xD8, 0x03, 0x80, 0xCB, 0x7A, 0x89, 0xC0, 0x00, 0x00, 0x00, 0x01, 0x20, 0x00, 0x01,
  0x12, 0x00, 0x02, 0x08, 0x02, 0x00, 0x04, 0x10, 0x00, 0x80, 0x00, 0x48, 0x20, 0x01, 0x00, 0x08,
  0x02, 0x00, 0x48, 0x10, 0x62, 0x60, 0x00, 0x00, 0x00, 0x20, 0x00, 0x00, 0x00, 0x00, 0x00, 0x06,
  0x30, 0x00, 0x20, 0x08, 0x06, 0x02, 0x10, 0x06, 0x38, 0x70, 0x00, 0x08, 0x00, 0x08, 0x04, 0x04,
  0x10, 0x00, 0x80, 0x00, 0x00, 0x08, 0x08, 0x40, 0x20, 0x00, 0x00, 0x20, 0x00, 0x00, 0x00, 0x00,
  0x20, 0x20, 0x82, 0x00, 0x22, 0x82, 0x88, 0x00, 0x00, 0x08, 0x20, 0x00, 0x40, 0x08, 0x20, 0x40,
  0x81, 0x2A, 0x55, 0x55, 0x55, 0x55, 0x52, 0x92, 0x20, 0x08, 0x00, 0x20, 0x40, 0x00, 0x24, 0xC4,
  0x01, 0xDC, 0xDA, 0x35, 0x55, 0x95, 0x0A, 0x8A, 0x1A, 0x00, 0xFE, 0x00, 0x00, 0x5B, 0xD5, 0x53,
  0xAA, 0x08, 0x01, 0x02, 0x00, 0x00, 0x00, 0x80, 0x00, 0x20, 0x00, 0x40, 0x00, 0x80, 0x00, 0x00,
  0x00, 0x03, 0x00, 0x01, 0x04, 0x00, 0x10, 0x80, 0x80, 0x00, 0x02, 0x00, 0x60, 0xC0, 0xE0, 0x81,
  0x0F, 0x06, 0x27, 0xE4, 0x08, 0x47, 0x78, 0x06, 0x91, 0x87, 0x81, 0x00, 0x02, 0xC6, 0x18, 0x03,
  0x19, 0x00, 0xB8, 0x20, 0x27, 0x23, 0x03, 0xC3, 0x03, 0x2E, 0x0C, 0x06, 0x04, 0x00, 0x80, 0x10,
  0x00, 0x08, 0x11, 0x00, 0x00, 0x80, 0x21, 0x00, 0x01, 0x08, 0x20, 0x00, 0x00, 0x20, 0x08, 0x00,
  0x21, 0x00, 0x04, 0x09, 0x00, 0x42, 0x8A, 0x14, 0x54, 0x52, 0x55, 0x55, 0x55, 0x55, 0x25, 0x51,
  0x08, 0x00, 0x10, 0x00, 0x10, 0x00, 0x21, 0x80, 0x41, 0xAC, 0x6A, 0xAD, 0xAD, 0x6A, 0xA9, 0x24,
  0x19, 0x84, 0x3A, 0x00, 0x20, 0x56, 0x55, 0x14, 0x11, 0x01, 0x80, 0x00, 0x10, 0x00, 0x40, 0x00,
  0x00, 0x04, 0x00, 0x02, 0x00, 0x01, 0x80, 0x04, 0x88, 0x0F, 0x20, 0x00, 0x00, 0x00, 0x02, 0x02,
  0x00, 0x88, 0x00, 0x00, 0x30, 0xC0, 0x78, 0xC3, 0x1A, 0xC3, 0x6D, 0xBC, 0x83, 0x1D, 0xEC, 0x02,
  0xF0, 0x8E, 0xC1, 0x00, 0x03, 0x43, 0x18, 0x43, 0x08, 0x00, 0xEE, 0xE0, 0xB3, 0x33, 0x82, 0x61,
  0x07, 0x3B, 0x08, 0x04, 0x81, 0x00, 0x02, 0x00, 0x00, 0x01, 0x00, 0x04, 0x22, 0xE4, 0x07, 0x08,
  0x00, 0x00, 0x00, 0x40, 0x00, 0x00, 0x10, 0x12, 0x00, 0x02, 0x00, 0x80, 0x24, 0x00, 0x00, 0x40,
  0x89, 0xAA, 0xAA, 0xAA, 0xAA, 0xAA, 0x4A, 0xC4, 0x00, 0x00, 0x01, 0x04, 0x04, 0x40, 0x20, 0x81,
  0x01, 0xBE, 0x6B, 0x9B, 0xAA, 0x8A, 0x54, 0x49, 0x0E, 0x00, 0x0F, 0x10, 0x08, 0xAC, 0xAA, 0x48,
  0x4A, 0x02, 0x20, 0x20, 0x04, 0x09, 0x08, 0x10, 0x00, 0x01, 0x20, 0x00, 0x00, 0x10, 0x20, 0x00,
  0xC2, 0x1D, 0x00, 0x00, 0x00, 0x00, 0x00, 0x00, 0x00, 0x00, 0x00, 0x84, 0x20, 0xC4, 0x18, 0x46,
  0x10, 0x62, 0x30, 0x0C, 0xC3, 0x30, 0x06, 0x03, 0x30, 0x08, 0x61, 0x04, 0xEE, 0xC1, 0x08, 0x03,
  0x0C, 0x22, 0x86, 0x71, 0x60, 0x30, 0x87, 0x31, 0x8C, 0x61, 0x4C, 0x06, 0x00, 0x00, 0x00, 0x00,
  0x00, 0x00, 0x00, 0x00, 0x00, 0x60, 0x07, 0x00, 0x08, 0x02, 0x08, 0x10, 0x00, 0x08, 0x88, 0x80,
  0x00, 0x80, 0x00, 0x01, 0x00, 0x48, 0xA9, 0x92, 0x52, 0x54, 0x55, 0x75, 0x5B, 0x15, 0x29, 0xA9,
  0x00, 0x40, 0x00, 0x00, 0x00, 0x10, 0x20, 0xC4, 0x21, 0x6C, 0x75, 0xD5, 0x5F, 0x55, 0x22, 0x92,
  0x06, 0xC0, 0x05, 0x04, 0x02, 0x58, 0x93, 0xA5, 0xA4, 0x02, 0x08, 0x00, 0x00, 0x00, 0x01, 0x00,
  0x40, 0x00, 0x01, 0x00, 0x10, 0x00, 0x08, 0x00, 0xC0, 0xBF, 0x5B, 0xBB, 0xDB, 0xFE, 0xDA, 0xBA,
  0xDD, 0x56, 0xB5, 0x00, 0x30, 0x40, 0x0C, 0xC6, 0x00, 0x63, 0x30, 0x0E, 0x62, 0x30, 0x06, 0x23,
  0x18, 0x98, 0x69, 0x40, 0xFF, 0x60, 0x1C, 0x01, 0x0C, 0x00, 0x80, 0x21, 0x30, 0x10, 0xC2, 0x18,
  0x0C, 0x60, 0x0C, 0x06, 0xA0, 0xEE, 0xBA, 0xB7, 0x7F, 0xED, 0xEE, 0x75, 0xAD, 0xF5, 0x0D, 0x42,
  0x00, 0x00, 0x01, 0x04, 0x44, 0x02, 0x08, 0x00, 0x88, 0x00, 0x20, 0x10, 0x81, 0x00, 0x00, 0x24,
  0x04, 0x89, 0xAA, 0x4A, 0x55, 0x69, 0x45, 0x92, 0x00, 0x12, 0x80, 0x40, 0x00, 0x04, 0x20, 0x80,
  0x01, 0xAC, 0xD6, 0xCE, 0xAA, 0x24, 0x49, 0x25, 0x03, 0xC1, 0x03, 0x01, 0x00, 0xB0, 0x2C, 0x91,
  0x09, 0x45, 0x00, 0x00, 0x01, 0x00, 0x00, 0x02, 0x12, 0x40, 0x00, 0x88, 0x04, 0x04, 0x01, 0x40,
  0xC0, 0x56, 0xA4, 0x44, 0x52, 0x81, 0x2A, 0xA5, 0xA2, 0x54, 0x55, 0x20, 0x30, 0xE0, 0xAC, 0xC6,
  0x21, 0x33, 0x30, 0x04, 0x63, 0x2A, 0x03, 0x03, 0x18, 0x18, 0x23, 0x00, 0x03, 0x61, 0x88, 0x11,
  0x8C, 0x00, 0x90, 0x30, 0x30, 0x18, 0x46, 0x58, 0x0D, 0x2A, 0x04, 0x02, 0x80, 0x92, 0x4A, 0xA4,
  0x40, 0x29, 0x29, 0x8A, 0x52, 0x6A, 0x07, 0x00, 0x80, 0x00, 0x00, 0x00, 0x00, 0x00, 0x11, 0x24,
  0x00, 0x20, 0x04, 0x04, 0x08, 0x24, 0x24, 0x81, 0xA8, 0x52, 0x55, 0xB5, 0xAA, 0x4A, 0x99, 0xA4,
  0x40, 0x00, 0x08, 0x10, 0x00, 0x01, 0x20, 0x82, 0x41, 0xDC, 0x7D, 0xED, 0x57, 0x49, 0x92, 0xC8,
  0x01, 0xF0, 0x40, 0x00, 0x00, 0x61, 0x55, 0x0A, 0xAA, 0x04, 0x00, 0x04, 0x00, 0x20, 0x00, 0x80,
  0x00, 0x00, 0x10, 0x01, 0x00, 0x01, 0x00, 0x10, 0xC0, 0x1B, 0x00, 0x00, 0x00, 0x00, 0x00, 0x00,
  0x00, 0x00, 0x00, 0x00, 0x10, 0x69, 0xFE, 0x03, 0x0F, 0x21, 0x34, 0x06, 0xE3, 0x3F, 0x03, 0x03,
  0x09, 0x0C, 0x33, 0x10, 0x01, 0x23, 0x0C, 0x01, 0x0D, 0x80, 0xFE, 0x31, 0x18, 0x10, 0x66, 0xFC,
  0x87, 0x7F, 0x0E, 0x43, 0x04, 0x00, 0x00, 0x00, 0x00, 0x00, 0x00, 0x00, 0x00, 0xE0, 0x87, 0x00,
  0x04, 0x20, 0x80, 0x00, 0x00, 0x00, 0x48, 0x00, 0x01, 0x00, 0x00, 0x80, 0x00, 0x81, 0x00, 0x94,
  0x42, 0x24, 0xA9, 0xAA, 0xAA, 0xAA, 0x22, 0x55, 0x10, 0x00, 0x00, 0x00, 0x44, 0x00, 0x24, 0xC0,
  0x01, 0xBA, 0xE6, 0x66, 0x15, 0x95, 0x54, 0x95, 0x40, 0xF0, 0x10, 0x80, 0x40, 0xC0, 0x4A, 0xA5,
  0x48, 0x0A, 0x02, 0x40, 0x20, 0x01, 0x10, 0x20, 0x00, 0x08, 0x00, 0x00, 0x00, 0x00, 0x00, 0x01,
  0x90, 0x0E, 0x00, 0x00, 0x00, 0x00, 0x00, 0x00, 0x00, 0x00, 0x00, 0x04, 0x38, 0x60, 0x04, 0x00,
  0x0C, 0x33, 0x11, 0x06, 0x33, 0x00, 0x81, 0x01, 0x18, 0x19, 0x13, 0x00, 0x03, 0x63, 0x8C, 0x09,
  0x0C, 0x10, 0x83, 0x18, 0x10, 0x1A, 0x64, 0x0C, 0xC0, 0x20, 0x04, 0x03, 0x00, 0x00, 0x00, 0x00,
  0x00, 0x00, 0x00, 0x00, 0x00, 0xA0, 0x05, 0x00, 0x01, 0x00, 0x20, 0x00, 0x21, 0x00, 0x08, 0x01,
  0x10, 0x04, 0x80, 0x20, 0x20, 0x10, 0x4A, 0x21, 0x94, 0xAA, 0xAA, 0x6A, 0xAB, 0x54, 0x55, 0xC2,
  0x00, 0x00, 0x02, 0x02, 0x00, 0x00, 0x21, 0x92, 0x21, 0xAC, 0xAD, 0x75, 0x65, 0x22, 0x25, 0x61,
  0x00, 0x38, 0x00, 0x20, 0x10, 0x80, 0xB5, 0x44, 0x52, 0x09, 0x40, 0x00, 0x00, 0x00, 0x02, 0x01,
  0x00, 0x00, 0x04, 0x40, 0x40, 0x40, 0x20, 0x00, 0x04, 0x02, 0x00, 0x20, 0x00, 0x08, 0x00, 0x00,
  0x00, 0x00, 0x00, 0x00, 0x11, 0x30, 0x04, 0x20, 0x98, 0x61, 0x38, 0x02, 0x21, 0x00, 0x23, 0x21,
  0x18, 0x0C, 0x1B, 0x84, 0x01, 0x33, 0x84, 0x01, 0x18, 0x38, 0xC1, 0x10, 0x18, 0x18, 0x34, 0x08,
  0x60, 0x30, 0x06, 0x03, 0x00, 0x00, 0x00, 0x00, 0x10, 0x00, 0x00, 0x00, 0x00, 0x80, 0x00, 0x10,
  0x00, 0x08, 0x04, 0x40, 0x00, 0x10, 0x48, 0x48, 0x00, 0x01, 0x21, 0x08, 0x04, 0x04, 0x00, 0x84,
  0xA2, 0x4A, 0x55, 0x95, 0xAA, 0xAA, 0x8A, 0x94, 0x00, 0x88, 0x40, 0x00, 0x01, 0x40, 0x40, 0x80,
  0x01, 0xBA, 0xFA, 0x53, 0x4D, 0xA9, 0xA8, 0x3A, 0x00, 0x2A, 0x00, 0x00, 0x00, 0x10, 0x4B, 0x95,
  0x84, 0x9A, 0x00, 0x10, 0x08, 0x08, 0x00, 0x00, 0x40, 0x80, 0x00, 0x08, 0x08, 0x00, 0x04, 0x00,
  0x01, 0x00, 0x22, 0x02, 0x00, 0x80, 0x00, 0x00, 0x10, 0x02, 0x00, 0x41, 0x18, 0x1C, 0x0C, 0x63,
  0x08, 0x61, 0x1C, 0x82, 0x61, 0x18, 0xC3, 0x01, 0x1C, 0x06, 0x0E, 0x80, 0xC1, 0x21, 0x84, 0x80,
  0x18, 0x0E, 0xC3, 0x18, 0x18, 0x08, 0x1E, 0x18, 0xC6, 0x18, 0x84, 0x21, 0x48, 0x00, 0x80, 0x08,
  0x02, 0x00, 0x01, 0x21, 0x42, 0x00, 0x00, 0x04, 0x20, 0x02, 0x00, 0x08, 0x00, 0x02, 0x19, 0x00,
  0x02, 0x00, 0x00, 0x00, 0x81, 0x40, 0x28, 0x51, 0x94, 0x54, 0x55, 0xB5, 0xAA, 0xAA, 0x54, 0x49,
  0x00, 0x02, 0x00, 0x40, 0x00, 0x10, 0x20, 0x82, 0x41, 0x6C, 0xA7, 0xD9, 0xAA, 0x0A, 0x55, 0x0C,
  0x10, 0x0A, 0x00, 0x04, 0x04, 0x00, 0xAC, 0x28, 0x29, 0x35, 0x10, 0x04, 0x00, 0x80, 0x00, 0x08,
  0x04, 0x22, 0x40, 0x02, 0x00, 0x08, 0x00, 0x08, 0x00, 0x00, 0x00, 0x00, 0x22, 0x02, 0x10, 0x89,
  0x00, 0x40, 0x44, 0x00, 0xF8, 0x0F, 0xFC, 0xE9, 0x8F, 0xC1, 0x1B, 0x93, 0xC1, 0x0F, 0xBE, 0x01,
  0xEC, 0x03, 0x06, 0x80, 0xFF, 0x30, 0x86, 0x00, 0xF0, 0x07, 0xF7, 0x18, 0x89, 0x8C, 0x0C, 0xF8,
  0xC3, 0x35, 0xFE, 0x03, 0x02, 0x44, 0x22, 0x80, 0x00, 0x12, 0x10, 0x00, 0x00, 0x04, 0x90, 0x00,
  0x00, 0x00, 0x01, 0x00, 0x08, 0x00, 0x00, 0x82, 0x20, 0x40, 0x08, 0x00, 0x20, 0x10, 0x02, 0x84,
  0x20, 0xA5, 0xA4, 0xAA, 0x6A, 0x55, 0x21, 0xD0, 0x88, 0x00, 0x00, 0x10, 0x10, 0x01, 0x20, 0x80,
  0x01, 0x5C, 0xED, 0xAD, 0xB6, 0xAA, 0x92, 0x06, 0x00, 0x05, 0x88, 0x00, 0x00, 0x04, 0xB0, 0x4A,
  0x52, 0x0A, 0x00, 0x00, 0x02, 0x02, 0x20, 0x00, 0x01, 0x00, 0x00, 0x00, 0x02, 0x00, 0x01, 0x02,
  0x00, 0x40, 0x00, 0x80, 0x00, 0x00, 0x00, 0x00, 0x80, 0x00, 0x00, 0x00, 0xA8, 0x00, 0x50, 0x80,
  0x82, 0x00, 0x09, 0x02, 0x91, 0x02, 0x14, 0x81, 0xC8, 0x10, 0x06, 0x81, 0x2A, 0x10, 0xC2, 0x20,
  0xA0, 0x01, 0x0E, 0x08, 0x08, 0x08, 0x08, 0xA0, 0x90, 0x16, 0x18, 0x00, 0x00, 0x00, 0x00, 0x00,
  0x00, 0x00, 0x00, 0x00, 0x10, 0x00, 0x04, 0x00, 0x01, 0x00, 0x00, 0x01, 0x80, 0x00, 0x48, 0x10,
  0x00, 0x00, 0x00, 0x49, 0x08, 0x02, 0x88, 0x50, 0x4A, 0x55, 0x55, 0x55, 0x55, 0x95, 0x4A, 0x45,
  0x00, 0x00, 0x08, 0x02, 0x00, 0x00, 0x20, 0xC2, 0x21, 0xBA, 0xDB, 0x7C, 0x15, 0xA9, 0x54, 0x03,
  0x84, 0x02, 0x02, 0x80, 0x00, 0x01, 0xC0, 0x95, 0x44, 0x35, 0x00, 0x00, 0x80, 0x00, 0x00, 0x02,
  0x00, 0x00, 0x10, 0x80, 0x00, 0x01, 0x40, 0x40, 0x40, 0x04, 0x88, 0x08, 0x00, 0x40, 0x04, 0x00,
  0x04, 0x10, 0x00, 0x10, 0x00, 0x00, 0x00, 0x02, 0x00, 0x10, 0x18, 0x00, 0x00, 0x00, 0x00, 0x10,
  0x00, 0x04, 0x03, 0x20, 0x00, 0x00, 0x10, 0x08, 0x00, 0x20, 0x00, 0x00, 0x00, 0x00, 0x00, 0x01,
  0x00, 0x00, 0x00, 0x00, 0x00, 0x00, 0x00, 0x00, 0x40, 0x00, 0x04, 0x44, 0x00, 0x20, 0x01, 0x40,
  0x10, 0x40, 0x40, 0x00, 0x00, 0x40, 0x08, 0x00, 0x84, 0x08, 0x00, 0x00, 0x00, 0x40, 0x22, 0x02,
  0x29, 0x29, 0x95, 0xAA, 0xAA, 0xAA, 0x94, 0xA8, 0x00, 0x40, 0x82, 0x00, 0x00, 0x00, 0x24, 0x80,
  0x01, 0x6C, 0xF5, 0xD6, 0x6A, 0x2A, 0xA5, 0x20, 0x40, 0x83, 0x00, 0x20, 0x40, 0x00, 0x00, 0x2E,
  0xA9, 0x6A, 0x84, 0x80, 0x00, 0x00, 0x04, 0x40, 0x20, 0x08, 0x04, 0x00, 0x40, 0x20, 0x10, 0x00,
  0x08, 0x00, 0x02, 0x00, 0x00, 0x10, 0x00, 0x00, 0x00, 0x00, 0x00, 0x00, 0x01, 0x80, 0x00, 0x00,
  0x10, 0x30, 0x0C, 0x00, 0x00, 0x20, 0x00, 0x00, 0x00, 0x00, 0x03, 0x00, 0x00, 0x00, 0x00, 0x00,
  0x04, 0x00, 0x00, 0x80, 0x20, 0x00, 0x40, 0x00, 0x00, 0x00, 0x00, 0x44, 0x80, 0x20, 0x00, 0x22,
  0x10, 0x40, 0x80, 0x00, 0x04, 0x02, 0x00, 0x00, 0x00, 0x11, 0x10, 0x40, 0x04, 0x10, 0x88, 0x44,
  0x01, 0x80, 0x10, 0x00, 0x42, 0x04, 0x00, 0x54, 0x52, 0x4A, 0x65, 0x55, 0x55, 0x55, 0x25, 0x45,
  0x00, 0x10, 0x00, 0x00, 0x42, 0x88, 0x20, 0x82, 0x41, 0xDA, 0x5E, 0xB6, 0xAA, 0xAA, 0x2A, 0x00,
  0xA0, 0x20, 0x00, 0x04, 0x10, 0x40, 0x02, 0xF0, 0xB6, 0x3A, 0x00, 0x08, 0x20, 0x20, 0x01, 0x00,
  0x00, 0x02, 0x01, 0x04, 0x10, 0x00, 0x00, 0x00, 0x00, 0x00, 0x00, 0x00, 0x90, 0x04, 0x80, 0x88,
  0x40, 0x00, 0x12, 0x01, 0x00, 0x20, 0x00, 0x00, 0x04, 0xF0, 0x07, 0x24, 0x04, 0x08, 0x00, 0x00,
  0x00, 0xE0, 0x01, 0x04, 0x00, 0x42, 0x00, 0x00, 0x00, 0x08, 0x00, 0x01, 0x08, 0x20, 0x00, 0x00,
  0x04, 0x00, 0x81, 0x00, 0x04, 0x08, 0x44, 0x00, 0x04, 0x08, 0x00, 0x00, 0x00, 0x00, 0x00, 0x11,
  0x00, 0x00, 0x00, 0x10, 0x00, 0x00, 0x10, 0x00, 0x00, 0x00, 0x00, 0x22, 0x08, 0x90, 0xA4, 0x80,
  0xA4, 0x54, 0x55, 0xB5, 0xAD, 0x2A, 0xA9, 0x68, 0x90, 0x00, 0x00, 0x80, 0x00, 0x00, 0x20, 0x90,
  0x01, 0xF4, 0x75, 0xAD, 0xAA, 0x2A, 0x59, 0x00, 0x51, 0x00, 0x40, 0x00, 0x00, 0x00, 0x20, 0x00,
  0x08, 0x00, 0x00, 0x00, 0x00, 0x00, 0x40, 0x08, 0x08, 0x00, 0x00, 0x41, 0x00, 0x00, 0x02, 0x10,
  0x02, 0x90, 0x00, 0x20, 0x04, 0x00, 0x20, 0x00, 0x10, 0x84, 0x00, 0x40, 0x80, 0x04, 0x88, 0x40,
  0x00, 0x80, 0x02, 0x01, 0x80, 0x00, 0x88, 0x84, 0x44, 0x60, 0x40, 0x00, 0x80, 0x00, 0x04, 0x00,
  0x01, 0x02, 0x40, 0x20, 0x00, 0x02, 0x02, 0x80, 0x00, 0x40, 0x00, 0x00, 0x00, 0x00, 0x00, 0x00,
  0x00, 0x00, 0x10, 0x20, 0x80, 0x00, 0x40, 0x00, 0x40, 0x00, 0x04, 0x00, 0x40, 0x04, 0x08, 0x08,
  0x20, 0x00, 0x84, 0x00, 0x01, 0x01, 0x00, 0x2A, 0x0A, 0xA9, 0xAA, 0xAA, 0xAA, 0xAA, 0x12, 0x45,
  0x04, 0x00, 0x20, 0x10, 0x00, 0x00, 0x20, 0x82, 0x51, 0x54, 0x3F, 0xAB, 0x55, 0x55, 0x0E, 0x08,
  0xA8, 0x00, 0x00, 0x00, 0x04, 0x10, 0x00, 0x00, 0x00, 0x00, 0x08, 0x01, 0x04, 0x04, 0x00, 0x00,
  0x02, 0x00, 0x00, 0x00, 0x00, 0x84, 0x00, 0x02, 0x80, 0x04, 0x40, 0x02, 0x00, 0x00, 0x02, 0x00,
  0x00, 0x00, 0x00, 0x10, 0x08, 0x00, 0x00, 0x08, 0x00, 0x01, 0x00, 0x00, 0x00, 0x00, 0x01, 0x00,
  0x00, 0x08, 0x00, 0x00, 0x11, 0x00, 0x00, 0x11, 0x20, 0x80, 0x04, 0x00, 0x00, 0x00, 0x10, 0x24,
  0x80, 0x08, 0x10, 0x00, 0x21, 0x00, 0x00, 0x10, 0x01, 0x02, 0x01, 0x04, 0x20, 0x40, 0x08, 0x00,
  0x12, 0x00, 0x00, 0x04, 0x00, 0x00, 0x92, 0x42, 0x04, 0x22, 0x00, 0x20, 0x40, 0x48, 0xAA, 0x40,
  0x50, 0xA5, 0xAA, 0x55, 0x55, 0x55, 0xAA, 0xA8, 0x00, 0x04, 0x04, 0x04, 0x10, 0x21, 0x20, 0x80,
  0x01, 0xF2, 0xBA, 0x6D, 0x95, 0x4A, 0x03, 0x00, 0x14, 0x08, 0x08, 0x80, 0x00, 0x04, 0x00, 0x04,
  0x00, 0x00, 0x41, 0x20, 0x00, 0x01, 0x00, 0x82, 0x00, 0x21, 0x20, 0x00, 0x04, 0x00, 0x40, 0x00,
  0x00, 0x00, 0x10, 0x00, 0x00, 0x80, 0x00, 0x20, 0x04, 0x00, 0x00, 0x04, 0x00, 0x00, 0x02, 0x00,
  0x40, 0x00, 0x00, 0x00, 0x11, 0x00, 0x00, 0x00, 0x00, 0x02, 0x00, 0x20, 0x00, 0x10, 0x40, 0x00,
  0x00, 0x00, 0x00, 0x00, 0x04, 0x40, 0x00, 0x01, 0x20, 0x00, 0x00, 0x10, 0x00, 0x02, 0x11, 0x04,
  0x80, 0x00, 0x00, 0x01, 0x02, 0x10, 0x00, 0x00, 0x00, 0x88, 0x00, 0x01, 0x02, 0x80, 0x10, 0x00,
  0x00, 0x00, 0x00, 0x08, 0x08, 0x00, 0x00, 0x2A, 0x25, 0x55, 0x55, 0x55, 0x55, 0x55, 0x45, 0x52,
  0x00, 0x40, 0x00, 0x00, 0x00, 0x00, 0x24, 0xC2, 0x01, 0xA4, 0x97, 0x5B, 0x55, 0xE9, 0x01, 0x40,
  0x0A, 0x00, 0x02, 0x09, 0x00, 0x01, 0x84, 0x80, 0x40, 0x02, 0x00, 0x00, 0x40, 0x80, 0x08, 0x00,
  0x00, 0x00, 0x02, 0x10, 0x80, 0x20, 0x10, 0x80, 0x10, 0x00, 0x00, 0x80, 0x00, 0x10, 0x00, 0x02,
  0x00, 0x10, 0x90, 0x00, 0x00, 0x80, 0x00, 0x00, 0x02, 0x10, 0x40, 0x40, 0x00, 0x04, 0x00, 0x20,
  0x00, 0x00, 0x08, 0x09, 0x00, 0x00, 0x01, 0x00, 0x00, 0x00, 0x00, 0x04, 0x81, 0x08, 0x00, 0x00,
  0x00, 0x00, 0x00, 0x02, 0x00, 0x40, 0x00, 0x01, 0x00, 0x40, 0x40, 0x00, 0x00, 0x00, 0x00, 0x44,
  0x00, 0x00, 0x40, 0x00, 0x20, 0x00, 0x08, 0x10, 0x81, 0x00, 0x21, 0x00, 0x02, 0x44, 0x92, 0x80,
  0x94, 0xA4, 0xAA, 0xAA, 0xB6, 0x55, 0x95, 0x44, 0x00, 0x01, 0x00, 0x01, 0x02, 0x08, 0x20, 0x80,
  0x21, 0x66, 0xDD, 0x56, 0x55, 0x3A, 0x80, 0x08, 0x0A, 0x82, 0x00, 0x00, 0x40, 0x00, 0x01, 0x00,
  0x04, 0x20, 0x00, 0x00, 0x01, 0x20, 0x80, 0x00, 0x40, 0x00, 0x00, 0x04, 0x01, 0x00, 0x00, 0x00,
  0x00, 0x00, 0x01, 0x10, 0x90, 0x04, 0x20, 0x00, 0x00, 0x01, 0x01, 0x00, 0x20, 0x11, 0x40, 0x82,
  0x00, 0x00, 0x10, 0x08, 0x00, 0x41, 0x90, 0x08, 0x92, 0x00, 0x02, 0x00, 0x00, 0x02, 0x10, 0x40,
  0x84, 0x08, 0x10, 0x41, 0x00, 0x00, 0x04, 0x00, 0x04, 0x00, 0x82, 0x00, 0x00, 0x00, 0x00, 0x00,
  0x10, 0x00, 0x04, 0x80, 0x00, 0x04, 0x04, 0x01, 0x00, 0x02, 0x10, 0x80, 0x00, 0x22, 0x50, 0x02,
  0x20, 0x00, 0x00, 0x42, 0x20, 0x11, 0x00, 0x55, 0x20, 0xA9, 0x54, 0x55, 0x55, 0x55, 0x52, 0xA9,
  0x20, 0x00, 0x20, 0x80, 0x00, 0x00, 0x21, 0x92, 0x81, 0xE4, 0xCF, 0x55, 0x95, 0x0F, 0x20, 0x00,
  0x85, 0x00, 0x00, 0x00, 0x10, 0x00, 0x00, 0x20, 0x00, 0x00, 0x10, 0x04, 0x10, 0x00, 0x00, 0x10,
  0x00, 0x08, 0x80, 0x00, 0x20, 0x00, 0x04, 0x08, 0x00, 0x11, 0x00, 0x02, 0x00, 0x00, 0x08, 0x80,
  0x40, 0x00, 0x00, 0x00, 0x09, 0x00, 0x00, 0x20, 0x10, 0x04, 0x01, 0x00, 0x00, 0x00, 0x04, 0x00,
  0x00, 0x80, 0x00, 0x00, 0x24, 0x00, 0x00, 0x08, 0x00, 0x80, 0x00, 0x00, 0x00, 0x00, 0x40, 0x00,
  0x01, 0x22, 0x20, 0x80, 0x48, 0x08, 0x00, 0x80, 0x00, 0x08, 0x00, 0x20, 0x10, 0x01, 0x40, 0x00,
  0x84, 0x00, 0x04, 0x00, 0x00, 0x00, 0x10, 0x00, 0x04, 0x88, 0x08, 0x00, 0x00, 0x00, 0x55, 0x20,
  0x4D, 0x55, 0x55, 0x55, 0xAD, 0xAA, 0x4A, 0x44, 0x08, 0x00, 0x09, 0x20, 0x20, 0x01, 0x20, 0x80,
  0x01, 0x64, 0x6D, 0xAB, 0xEA, 0x02, 0x00, 0x80, 0x00, 0x00, 0x40, 0x20, 0x02, 0x40, 0x20, 0x08,
  0x00, 0x00, 0x02, 0x40, 0x00, 0x00, 0x20, 0x00, 0x02, 0x80, 0x10, 0x00, 0x00, 0x04, 0x01, 0x02,
  0x42, 0x00, 0x10, 0x00, 0x04, 0x00, 0x00, 0x08, 0x08, 0x00, 0x00, 0x40, 0x00, 0x00, 0x10, 0x00,
  0x00, 0x00, 0x00, 0x00, 0x08, 0x00, 0x00, 0x00, 0x00, 0x20, 0x40, 0x00, 0x01, 0x20, 0x00, 0x00,
  0x20, 0x00, 0x00, 0x00, 0x20, 0x82, 0x00, 0x48, 0x80, 0x00, 0x00, 0x20, 0x00, 0x00, 0x24, 0x20,
  0x00, 0x02, 0x00, 0x08, 0x00, 0x00, 0x01, 0x00, 0x01, 0x40, 0x00, 0x10, 0x08, 0x00, 0x08, 0x48,
  0x00, 0x00, 0x40, 0x10, 0x02, 0x44, 0x00, 0x05, 0x12, 0x49, 0x55, 0xD5, 0x6A, 0x55, 0x15, 0xA9,
  0x00, 0x10, 0x00, 0x00, 0x00, 0x00, 0x20, 0x82, 0x21, 0x64, 0xE7, 0xB6, 0x7F, 0x01, 0x04, 0xA0,
  0x02, 0x20, 0x10, 0x04, 0x00, 0x10, 0x00, 0x02, 0x10, 0x81, 0x00, 0x00, 0x00, 0x04, 0x02, 0x80,
  0x00, 0x02, 0x00, 0x00, 0x08, 0x40, 0x80, 0x80, 0x00, 0x00, 0x04, 0x00, 0x01, 0x80, 0x00, 0x02,
  0x00, 0x10, 0x12, 0x11, 0x00, 0x00, 0x02, 0x00, 0x00, 0x01, 0x00, 0x01, 0x41, 0x10, 0x00, 0x80,
  0x00, 0x08, 0x00, 0x20, 0x00, 0x08, 0x02, 0x01, 0x08, 0x10, 0x04, 0x00, 0x08, 0x20, 0x00, 0x00,
  0x00, 0x00, 0x00, 0x00, 0x00, 0x00, 0x01, 0x02, 0x88, 0x80, 0x88, 0x00, 0x00, 0x00, 0x00, 0x10,
  0x00, 0x00, 0x00, 0x00, 0x80, 0x00, 0x92, 0x00, 0x00, 0x01, 0x00, 0x84, 0x90, 0x02, 0x48, 0x50,
  0x61, 0xAA, 0xAA, 0xAA, 0xAA, 0x2A, 0x52, 0x50, 0x00, 0x04, 0x00, 0x04, 0x00, 0x20, 0x20, 0xC0,
  0x01, 0xC2, 0xB7, 0xD5, 0x17, 0x40, 0x00, 0x22, 0x40, 0x00, 0x04, 0x00, 0x00, 0x04, 0x00, 0x00,
  0x02, 0x10, 0x80, 0x08, 0x00, 0x41, 0x00, 0x02, 0x20, 0x00, 0x04, 0x90, 0x00, 0x00, 0x00, 0x00,
  0x00, 0x40, 0x00, 0x21, 0x00, 0x21, 0x80, 0x00, 0x01, 0x04, 0x00, 0x00, 0x00, 0x92, 0x00, 0x04,
  0x00, 0x20, 0x44, 0x10, 0x00, 0x00, 0x01, 0x11, 0x10, 0x02, 0x00, 0x04, 0x00, 0x01, 0x20, 0x80,
  0x00, 0x02, 0x40, 0x44, 0x00, 0x00, 0x08, 0x01, 0x20, 0x00, 0x09, 0x08, 0x00, 0x21, 0x00, 0x00,
  0x00, 0x00, 0x00, 0x00, 0x04, 0x20, 0x10, 0x00, 0x20, 0x10, 0x00, 0x01, 0x01, 0x88, 0x10, 0x80,
  0x24, 0x20, 0x04, 0x00, 0x00, 0x90, 0x02, 0x89, 0x94, 0x52, 0x55, 0x55, 0xAB, 0x52, 0x25, 0x45,
  0x00, 0x01, 0x00, 0x01, 0x04, 0x04, 0x22, 0x82, 0x41, 0x64, 0x73, 0xFF, 0x02, 0x00, 0x40, 0x50,
  0x10, 0x08, 0x00, 0x00, 0x01, 0x01, 0x04, 0x00, 0x00, 0x00, 0x00, 0x00, 0x12, 0x00, 0x00, 0x20,
  0x00, 0x20, 0x00, 0x02, 0x00, 0x11, 0x20, 0x00, 0x10, 0x04, 0x00, 0x00, 0x40, 0x00, 0x08, 0x40,
  0x00, 0x01, 0x00, 0x00, 0x80, 0x00, 0x00, 0x81, 0x44, 0x00, 0x00, 0x00, 0x00, 0x04, 0x20, 0x00,
  0x00, 0x00, 0x08, 0x01, 0x40, 0x00, 0x00, 0x10, 0x00, 0x00, 0x01, 0x00, 0x00, 0x00, 0x00, 0x00,
  0x00, 0x10, 0x00, 0x01, 0x44, 0x00, 0x00, 0x00, 0x00, 0x00, 0x00, 0x00, 0x41, 0x08, 0x00, 0x02,
  0x00, 0x04, 0x44, 0x00, 0x00, 0x00, 0x10, 0x12, 0x00, 0x08, 0x21, 0x00, 0x24, 0x01, 0x50, 0x50,
  0x22, 0x55, 0x55, 0xAD, 0xAA, 0xAA, 0x94, 0x54, 0x20, 0x80, 0x08, 0x80, 0x40, 0x00, 0x20, 0x80,
  0x01, 0xC2, 0xDB, 0x3D, 0x00, 0x10, 0x10, 0x48, 0x04, 0x00, 0x01, 0x20, 0x20, 0x00, 0x40, 0x40,
  0x00, 0x00, 0x20, 0x80, 0x00, 0x00, 0x10, 0x00, 0x00, 0x00, 0x80, 0x00, 0x40, 0x00, 0x00, 0x10,
  0x00, 0x01, 0x40, 0x00, 0x00, 0x00, 0x00, 0x00, 0x10, 0x80, 0x40, 0x04, 0x04, 0x00, 0x00, 0x00,
  0x00, 0x00, 0x01, 0x00, 0x00, 0x01, 0x00, 0x00, 0x04, 0x00, 0x02, 0x00, 0x08, 0x00, 0x08, 0x00,
  0x00, 0x00, 0x00, 0x00, 0x04, 0x09, 0x00, 0x10, 0x02, 0x04, 0x00, 0x00, 0x01, 0x00, 0x40, 0x88,
  0x20, 0x10, 0x42, 0x44, 0x00, 0x00, 0x04, 0x40, 0x04, 0x01, 0x00, 0x10, 0x10, 0x02, 0x98, 0x00,
  0x00, 0x02, 0x00, 0x91, 0x00, 0x24, 0x01, 0x22, 0x55, 0xAA, 0xAA, 0xAA, 0xAA, 0xAA, 0x2A, 0x61,
  0x08, 0x00, 0x00, 0x20, 0x00, 0x00, 0x20, 0xC2, 0x21, 0xC4, 0xF9, 0x07, 0x00, 0x00, 0x02, 0x28,
  0x00, 0x00, 0x00, 0x09, 0x00, 0x00, 0x00, 0x04, 0x20, 0x01, 0x08, 0x20, 0x00, 0x10, 0x04, 0x01,
  0x88, 0x04, 0x21, 0x00, 0x04, 0x00, 0x04, 0x04, 0x01, 0x80, 0x08, 0x08, 0x08, 0x08, 0x02, 0x10,
  0x00, 0x00, 0x08, 0x80, 0x00, 0x00, 0x20, 0x00, 0x00, 0x08, 0x00, 0x40, 0x44, 0x00, 0x04, 0x00,
  0x81, 0x80, 0x00, 0x80, 0x00, 0x40, 0x02, 0x04, 0x44, 0x20, 0x10, 0x82, 0x40, 0x00, 0x21, 0x04,
  0x00, 0x01, 0x40, 0x00, 0x00, 0x08, 0x04, 0x00, 0x04, 0x04, 0x00, 0x00, 0x00, 0x02, 0x80, 0x00,
  0x00, 0x00, 0x01, 0x00, 0x04, 0x00, 0x20, 0x20, 0x42, 0x00, 0x00, 0x00, 0x20, 0x00, 0x94, 0x84,
  0x88, 0x52, 0x55, 0x55, 0xAB, 0xAA, 0x44, 0x4A, 0x00, 0x00, 0x40, 0x00, 0x00, 0x10, 0x21, 0x90,
  0x01, 0xE6, 0xED, 0x00, 0x00, 0x01, 0x00, 0x12, 0x00, 0x42, 0x40, 0x00, 0x08, 0x40, 0x10, 0x00,
  0x04, 0x48, 0x02, 0x04, 0x80, 0x00, 0x01, 0x00, 0x01, 0x00, 0x00, 0x00, 0x01, 0x00, 0x01, 0x01,
  0x20, 0x20, 0x00, 0x80, 0x00, 0x80, 0x40, 0x04, 0x00, 0x00, 0x00, 0x00, 0x40, 0x20, 0x08, 0x10,
  0x00, 0x02, 0x10, 0x09, 0x00, 0x40, 0x00, 0x12, 0x00, 0x10, 0x40, 0x20, 0x00, 0x08, 0x00, 0x01,
  0x00, 0x04, 0x00, 0x20, 0x00, 0x00, 0x00, 0x00, 0x10, 0x00, 0x11, 0x20, 0x00, 0x80, 0x00, 0x02,
  0x00, 0x00, 0x00, 0x00, 0x00, 0x00, 0x01, 0x10, 0x40, 0x00, 0x00, 0x84, 0x00, 0x20, 0x10, 0x04,
  0x10, 0x00, 0x12, 0x04, 0x09, 0x49, 0x00, 0x28, 0x52, 0x95, 0xAA, 0xAA, 0xAA, 0x54, 0x19, 0x51,
  0x00, 0x10, 0x01, 0x04, 0x88, 0x04, 0x20, 0x82, 0x41, 0xC4, 0x3E, 0x00, 0x22, 0x80, 0x00, 0x0A,
  0x80, 0x00, 0x10, 0x00, 0x00, 0x08, 0x04, 0x00, 0x00, 0x00, 0x00, 0x00, 0x20, 0x00, 0x00, 0x48,
  0x00, 0x00, 0x00, 0x20, 0x00, 0x44, 0x00, 0x00, 0x08, 0x00, 0x00, 0x00, 0x80, 0x00, 0x00, 0x00,
  0x84, 0x08, 0x01, 0x10, 0x00, 0x08, 0x02, 0x04, 0x11, 0x00, 0x00, 0x00, 0x00, 0x00, 0x40, 0x00,
  0x00, 0x00, 0x00, 0x08, 0x00, 0x02, 0x00, 0x80, 0x00, 0x00, 0x04, 0x00, 0x00, 0x40, 0x00, 0x81,
  0x00, 0x00, 0x00, 0x08, 0x10, 0x01, 0x00, 0x00, 0x00, 0x80, 0x08, 0x01, 0x48, 0x00, 0x00, 0x00,
  0x10, 0x40, 0x10, 0x01, 0x80, 0x00, 0x12, 0x81, 0x00, 0x80, 0x00, 0x21, 0x00, 0x00, 0x45, 0x41,
  0x25, 0xA9, 0xAA, 0xAA, 0xAA, 0x2A, 0x25, 0x6A, 0x00, 0x02, 0x10, 0x00, 0x02, 0x00, 0x20, 0x80,
  0x01, 0xC4, 0x1E, 0x80, 0x00, 0x10, 0x80, 0x02, 0x12, 0x00, 0x04, 0x40, 0x01, 0x01, 0x00, 0x20,
  0x00, 0x00, 0x00, 0x01, 0x08, 0x08, 0x00, 0x00, 0x00, 0x20, 0x04, 0x08, 0x40, 0x00, 0x40, 0x80,
  0x00, 0x04, 0x00, 0x01, 0x20, 0x10, 0x00, 0x00, 0x00, 0x00, 0x80, 0x04, 0x08, 0x00, 0x00, 0x00,
  0x00, 0x40, 0x04, 0x00, 0x10, 0x10, 0x00, 0x00, 0x10, 0x02, 0x10, 0x00, 0x88, 0x00, 0x00, 0x00,
  0x00, 0x01, 0x81, 0x00, 0x10, 0x10, 0x08, 0x00, 0x00, 0x20, 0x00, 0x00, 0x04, 0x00, 0x20, 0x20,
  0x40, 0x00, 0x00, 0x10, 0x01, 0x20, 0x20, 0x04, 0x01, 0x10, 0x00, 0x00, 0x00, 0x08, 0x10, 0x20,
  0x00, 0x24, 0x00, 0x00, 0x22, 0x49, 0x10, 0x94, 0xA8, 0xAA, 0xAA, 0xAA, 0xAA, 0x52, 0xA5, 0x40,
  0x88, 0x00, 0x00, 0x80, 0x00, 0x00, 0x24, 0x82, 0x21, 0xE2, 0x07, 0x10, 0x00, 0x00, 0x90, 0x02,
  0x00, 0x10, 0x00, 0xFD, 0xFF, 0x04, 0x00, 0x09, 0x42, 0x00, 0x00, 0x00, 0x01, 0x00, 0x20, 0x01,
  0x20, 0x01, 0x00, 0x01, 0x10, 0x00, 0x00, 0x20, 0x00, 0x00, 0x22, 0x10, 0x02, 0x00, 0x08, 0x81,
  0x00, 0x40, 0x20, 0x00, 0x02, 0x02, 0x00, 0x01, 0x80, 0x00, 0x00, 0x80, 0x00, 0x04, 0x04, 0x80,
  0x00, 0x00, 0x04, 0x00, 0x00, 0x00, 0x20, 0x20, 0x48, 0x40, 0x00, 0x08, 0x02, 0x02, 0x00, 0x00,
  0x44, 0x04, 0x00, 0x01, 0x00, 0x20, 0x08, 0x00, 0x02, 0x04, 0x40, 0x00, 0x00, 0x08, 0x08, 0x00,
  0x00, 0x04, 0x00, 0x00, 0x10, 0x00, 0x90, 0x08, 0x94, 0x00, 0x20, 0x40, 0x00, 0x00, 0x22, 0x21,
  0x92, 0x54, 0x55, 0x55, 0x55, 0x55, 0x0A, 0x55, 0x00, 0x00, 0x04, 0x21, 0x00, 0x40, 0x20, 0xC0,
  0x81, 0x64, 0x03, 0x04, 0x00, 0x02, 0x44, 0x81, 0x00, 0x00, 0xF5, 0x4B, 0x54, 0xBB, 0x00, 0x00,
  0x00, 0x44, 0x20, 0x20, 0x00, 0x40, 0x04, 0x00, 0x08, 0x00, 0x40, 0x00, 0x00, 0x10, 0x08, 0x00,
  0x80, 0x80, 0x00, 0x00, 0x00, 0x04, 0x01, 0x20, 0x10, 0x00, 0x00, 0x00, 0x80, 0x00, 0x00, 0x80,
  0x20, 0x10, 0x80, 0x08, 0x00, 0x01, 0x00, 0x04, 0x80, 0x40, 0x00, 0x02, 0x01, 0x40, 0x04, 0x08,
  0x00, 0x00, 0x00, 0x80, 0x00, 0x00, 0x40, 0x10, 0x00, 0x00, 0x22, 0x80, 0x00, 0x08, 0x00, 0x02,
  0x00, 0x40, 0x00, 0x00, 0x00, 0x02, 0x00, 0x00, 0x00, 0x00, 0x40, 0x20, 0x01, 0x00, 0x11, 0x00,
  0x00, 0x00, 0x04, 0x12, 0x84, 0x24, 0x88, 0x44, 0x25, 0xA9, 0xAA, 0xAA, 0xAA, 0x4A, 0xA9, 0x64,
  0x00, 0x20, 0x01, 0x00, 0x20, 0x11, 0x20, 0x92, 0x01, 0x64, 0x01, 0x01, 0x88, 0x00, 0x41, 0x00,
  0x00, 0xC1, 0xBE, 0xAA, 0x95, 0x64, 0x0B, 0x00, 0x00, 0x00, 0x04, 0x08, 0x00, 0x11, 0x00, 0x10,
  0x02, 0x88, 0x10, 0x00, 0x01, 0x04, 0x02, 0x04, 0x08, 0x20, 0x00, 0x80, 0x00, 0x00, 0x40, 0x00,
  0x00, 0x09, 0x08, 0x80, 0x00, 0x40, 0x44, 0x20, 0x08, 0x00, 0x20, 0x00, 0x04, 0x00, 0x21, 0x01,
  0x04, 0x10, 0x00, 0x40, 0x00, 0x10, 0x00, 0x02, 0x00, 0x10, 0x20, 0x00, 0x80, 0x00, 0x02, 0x04,
  0x01, 0x00, 0x00, 0x00, 0x80, 0x00, 0x02, 0x80, 0x10, 0x00, 0x04, 0x40, 0x80, 0x00, 0x02, 0x21,
  0x44, 0x00, 0x12, 0x08, 0x00, 0x41, 0x10, 0x82, 0x00, 0x02, 0x01, 0x00, 0x21, 0x80, 0x12, 0x28,
  0x48, 0x4A, 0xAA, 0xAA, 0xAA, 0x52, 0x15, 0x49, 0x00, 0x00, 0x00, 0x00, 0x00, 0x00, 0x20, 0x80,
  0x21, 0xA4, 0x01, 0x00, 0x00, 0x20, 0x90, 0x20, 0x10, 0x78, 0x53, 0x55, 0x6D, 0x89, 0x56, 0x00,
  0x11, 0x01, 0x00, 0x02, 0x40, 0x00, 0x00, 0x00, 0x00, 0x00, 0x00, 0x40, 0x00, 0x01, 0x00, 0x01,
  0x02, 0x08, 0x00, 0x02, 0x10, 0x41, 0x00, 0x08, 0x00, 0x00, 0x02, 0x20, 0x00, 0x00, 0x00, 0x00,
  0x00, 0x00, 0x02, 0x00, 0x40, 0x00, 0x00, 0x40, 0x00, 0x00, 0x80, 0x00, 0x90, 0x00, 0x00, 0x00,
  0x02, 0x00, 0x00, 0x02, 0x20, 0x80, 0x00, 0x00, 0x00, 0x41, 0x00, 0x10, 0x10, 0x00, 0x00, 0x20,
  0x00, 0x01, 0x00, 0x12, 0x08, 0x00, 0x00, 0x00, 0x00, 0x00, 0x00, 0x00, 0x40, 0x10, 0x50, 0x20,
  0x84, 0x40, 0x80, 0x08, 0x00, 0x12, 0xA0, 0x92, 0xAA, 0xAA, 0xAA, 0xAA, 0xAA, 0x94, 0x4A, 0x52,
  0x48, 0x04, 0x40, 0x08, 0x04, 0x00, 0x22, 0x82, 0x01, 0xF2, 0x20, 0x00, 0x01, 0x00, 0x20, 0x00,
  0x00, 0xAE, 0x55, 0xA9, 0x55, 0xAA, 0x68, 0x21, 0x00, 0x80, 0x00, 0x00, 0x04, 0x00, 0x40, 0x04,
  0x00, 0x00, 0x04, 0x08, 0x10, 0x00, 0x40, 0x80, 0x00, 0x02, 0x90, 0x20, 0x00, 0x00, 0x00, 0x00,
  0x42, 0x00, 0x00, 0x02, 0x10, 0x00, 0x00, 0x08, 0x00, 0x84, 0x00, 0x40, 0x00, 0x00, 0x00, 0x00,
  0x40, 0x00, 0x04, 0x10, 0x00, 0x00, 0x40, 0x00, 0x20, 0x02, 0x04, 0x20, 0x08, 0x10, 0x00, 0x00,
  0x10, 0x10, 0x08, 0x04, 0x04, 0x00, 0x40, 0x08, 0x00, 0x10, 0x20, 0x00, 0x00, 0x80, 0x00, 0x08,
  0x01, 0x44, 0x00, 0x00, 0x08, 0x00, 0x10, 0x04, 0x20, 0x00, 0x10, 0x40, 0x84, 0x80, 0x04, 0x24,
  0x49, 0x94, 0xAA, 0xAA, 0xAA, 0xAA, 0x92, 0x24, 0x00, 0x00, 0x00, 0x00, 0x01, 0x04, 0x20, 0x80,
  0x21, 0x54, 0x00, 0x40, 0x40, 0x00, 0x28, 0x08, 0x84, 0x6B, 0x55, 0x6A, 0xAB, 0x52, 0x45, 0x03,
  0x00, 0x10, 0x40, 0x00, 0x01, 0x00, 0x09, 0x80, 0x80, 0x20, 0x00, 0x02, 0x00, 0x80, 0x00, 0x20,
  0x80, 0x00, 0x00, 0x00, 0x04, 0x00, 0x08, 0x01, 0x00, 0x40, 0x80, 0x00, 0x00, 0x11, 0x00, 0x02,
  0x00, 0x01, 0x00, 0x04, 0x00, 0x10, 0x08, 0x00, 0x10, 0x04, 0x01, 0x00, 0x00, 0x08, 0x02, 0x80,
  0x00, 0x00, 0x01, 0x00, 0x00, 0x00, 0x90, 0x00, 0x00, 0x00, 0x80, 0x00, 0x00, 0x88, 0x00, 0x00,
  0x00, 0x00, 0x01, 0x00, 0x00, 0x20, 0x20, 0x00, 0x00, 0x01, 0x00, 0x01, 0x02, 0x00, 0x90, 0x00,
  0x01, 0x00, 0x00, 0x04, 0x10, 0x24, 0x50, 0x49, 0x92, 0xAA, 0xAA, 0xD5, 0xAA, 0xAA, 0x2A, 0x69,
  0x00, 0x80, 0x10, 0x40, 0x40, 0x40, 0x20, 0x91, 0x09, 0x7A, 0x08, 0x08, 0x10, 0x08, 0x0A, 0x00,
  0xE1, 0xAE, 0xD6, 0xAA, 0x4A, 0x0A, 0xA9, 0x0E, 0x00, 0x00, 0x08, 0x40, 0x00, 0x44, 0x00, 0x00,
  0x10, 0x04, 0x00, 0x00, 0x00, 0x20, 0x10, 0x00, 0x20, 0x00, 0x02, 0x00, 0x00, 0x08, 0x02, 0x80,
  0x00, 0x10, 0x00, 0x00, 0x02, 0x00, 0x49, 0x00, 0x09, 0x00, 0x40, 0x00, 0x04, 0x04, 0x01, 0x22,
  0x02, 0x00, 0x40, 0x00, 0x02, 0x00, 0x00, 0x08, 0x00, 0x20, 0x40, 0x00, 0x02, 0x04, 0x00, 0x90,
  0x00, 0x00, 0x00, 0x00, 0x01, 0x02, 0x08, 0x00, 0x24, 0x00, 0x00, 0x00, 0x21, 0x02, 0x00, 0x02,
  0x10, 0x00, 0x04, 0x90, 0x00, 0x00, 0x14, 0x20, 0x08, 0x10, 0x44, 0x80, 0x84, 0x00, 0x05, 0x92,
  0x24, 0xA5, 0xAA, 0x9A, 0x4A, 0x55, 0x45, 0x44, 0x00, 0x10, 0x00, 0x02, 0x00, 0x00, 0x20, 0x84,
  0x41, 0x6C, 0x00, 0x01, 0x00, 0x00, 0x02, 0x02, 0xB8, 0x6D, 0x95, 0xB6, 0x2A, 0x51, 0x15, 0x19,
  0x24, 0x01, 0x00, 0x08, 0x40, 0x00, 0x00, 0x10, 0x04, 0x00, 0x40, 0x00, 0x22, 0x02, 0x00, 0x00,
  0x00, 0x80, 0x00, 0x10, 0x40, 0x80, 0x00, 0x20, 0x10, 0x04, 0x10, 0x10, 0x00, 0x00, 0x00, 0x00,
  0x00, 0x00, 0x08, 0x00, 0x41, 0x00, 0x80, 0x00, 0x00, 0x40, 0x00, 0x04, 0x20, 0x82, 0x10, 0x02,
  0x10, 0x08, 0x00, 0x84, 0x00, 0x00, 0x04, 0x00, 0x88, 0x04, 0x01, 0x00, 0x80, 0x00, 0x00, 0x01,
  0x01, 0x02, 0x10, 0x21, 0x00, 0x00, 0x08, 0x00, 0x00, 0x00, 0x41, 0x00, 0x00, 0x22, 0x20, 0x09,
  0x00, 0x81, 0x00, 0x10, 0x20, 0x12, 0x50, 0x20, 0x49, 0xA9, 0xAA, 0x56, 0x55, 0xA9, 0x94, 0x28,
  0x24, 0x01, 0x00, 0x00, 0x00, 0x10, 0x24, 0x80, 0x01, 0x3C, 0x00, 0x00, 0x00, 0x40, 0x85, 0x40,
  0x6E, 0x5B, 0x55, 0xAD, 0x44, 0x2A, 0xA9, 0x64, 0x00, 0x40, 0x00, 0x02, 0x00, 0x00, 0x80, 0x00,
  0x00, 0x00, 0x11, 0x40, 0x00, 0x00, 0x04, 0x04, 0x08, 0x20, 0x20, 0x02, 0x01, 0x00, 0x40, 0x04,
  0x00, 0x01, 0x04, 0x00, 0x20, 0x20, 0x00, 0x00, 0x80, 0x10, 0x01, 0x20, 0x00, 0x00, 0x00, 0x00,
  0x00, 0x00, 0x00, 0x40, 0x00, 0x00, 0x00, 0x00, 0x04, 0x01, 0x00, 0x00, 0x80, 0x80, 0x00, 0x04,
  0x00, 0x00, 0x10, 0x20, 0x20, 0x00, 0x00, 0x20, 0x00, 0x20, 0x04, 0x00, 0x00, 0x00, 0x00, 0x40,
  0x04, 0x10, 0x00, 0x00, 0x40, 0x00, 0x30, 0x00, 0x41, 0x00, 0x00, 0x81, 0x08, 0x40, 0x81, 0x4A,
  0x52, 0x4A, 0xD5, 0x6A, 0x55, 0x55, 0x25, 0x65, 0x00, 0x00, 0x84, 0x10, 0x88, 0x04, 0x20, 0x82,
  0x01, 0x2C, 0x04, 0x00, 0x01, 0x81, 0x26, 0x00, 0xDB, 0xD6, 0xAA, 0x4B, 0x29, 0x49, 0x12, 0xA9,
  0x00, 0x08, 0x84, 0x00, 0x08, 0x10, 0x20, 0x00, 0x00, 0x40, 0x00, 0x08, 0x00, 0x00, 0x00, 0x41,
  0x00, 0x08, 0x00, 0x00, 0x10, 0x02, 0x00, 0x00, 0x00, 0x00, 0x00, 0x82, 0x08, 0x02, 0x00, 0x10,
  0x21, 0x00, 0x00, 0x02, 0x00, 0x40, 0x10, 0x40, 0x80, 0x04, 0x08, 0x01, 0x00, 0x20, 0x80, 0x80,
  0x00, 0x00, 0x44, 0x20, 0x20, 0x20, 0x00, 0x01, 0x00, 0x20, 0x00, 0x09, 0x08, 0x40, 0x42, 0x08,
  0x00, 0x00, 0x00, 0x00, 0x88, 0x10, 0x81, 0x10, 0x80, 0x00, 0x00, 0x04, 0x00, 0x00, 0x21, 0x00,
  0x10, 0x10, 0x12, 0x08, 0x80, 0x14, 0x24, 0x90, 0x94, 0x52, 0x55, 0x95, 0xAA, 0x2A, 0x49, 0x28,
  0x00, 0x00, 0x01, 0x00, 0x01, 0x00, 0x20, 0xC0, 0x21, 0x36, 0x40, 0x10, 0x10, 0x90, 0x03, 0xC0,
  0xB7, 0xB5, 0xEA, 0x2A, 0x45, 0x92, 0x6A, 0x4B, 0x05, 0x00, 0x00, 0x00, 0x00, 0x02, 0x02, 0x88,
  0x80, 0x04, 0x00, 0x00, 0x88, 0x88, 0x00, 0x00, 0x00, 0x02, 0x00, 0x00, 0x00, 0x20, 0x10, 0x00,
  0x04, 0x00, 0x00, 0x00, 0x00, 0x00, 0x00, 0x00, 0x00, 0x00, 0x00, 0x00, 0x00, 0x00, 0x00, 0x00,
  0x00, 0x00, 0x00, 0x00, 0x00, 0x00, 0x00, 0x00, 0x00, 0x00, 0x00, 0x00, 0x00, 0x00, 0x00, 0x00,
  0x00, 0x00, 0x00, 0x00, 0x00, 0x00, 0x00, 0x00, 0x80, 0x00, 0x00, 0x08, 0x02, 0x00, 0x00, 0x00,
  0x00, 0x00, 0x10, 0x00, 0x02, 0x10, 0x90, 0x12, 0x04, 0x04, 0x00, 0x01, 0x21, 0x40, 0x80, 0x4A,
  0x29, 0x55, 0x55, 0x55, 0xAB, 0xA4, 0x4A, 0x25, 0x00, 0x24, 0x00, 0x00, 0x00, 0x00, 0x21, 0x82,
  0x01, 0x1E, 0x00, 0x04, 0x00, 0xC0, 0x01, 0xF0, 0x6A, 0xAF, 0xDA, 0x56, 0x94, 0xAA, 0x56, 0x10,
  0x0A, 0x01, 0x20, 0x80, 0x80, 0x00, 0x00, 0x00, 0x08, 0x00, 0x00, 0x01, 0x00, 0x00, 0x20, 0x00,
  0x82, 0x00, 0x08, 0x41, 0x00, 0x00, 0x04, 0x00, 0x41, 0xA0, 0xAA, 0xAA, 0x52, 0x55, 0xAD, 0x55,
  0x4A, 0xAA, 0xAA, 0x54, 0x55, 0x55, 0x55, 0x55, 0xB5, 0x52, 0x55, 0x55, 0x55, 0x95, 0xAA, 0xAA,
  0xAA, 0xAA, 0x2A, 0x95, 0x4A, 0x95, 0xAA, 0x54, 0x55, 0x95, 0xAA, 0xA4, 0x92, 0x2A, 0x01, 0x00,
  0x10, 0x10, 0x01, 0x81, 0x00, 0x00, 0x20, 0x00, 0x20, 0x88, 0x00, 0x41, 0x10, 0x02, 0x20, 0x40,
  0x00, 0x80, 0x10, 0x20, 0x08, 0x12, 0x15, 0x10, 0x52, 0x55, 0xD5, 0x6A, 0x55, 0x55, 0x12, 0x28,
  0x44, 0x00, 0x20, 0x42, 0x40, 0x00, 0x20, 0x90, 0x21, 0x1B, 0x00, 0x00, 0x02, 0xA4, 0x00, 0xB8,
  0xDB, 0xAA, 0xBD, 0x29, 0xA9, 0x5A, 0x89, 0xAA, 0x30, 0x40, 0x04, 0x20, 0x20, 0x80, 0x00, 0x00,
  0x00, 0x00, 0x44, 0x80, 0x00, 0x00, 0x08, 0x10, 0x20, 0x00, 0x02, 0x10, 0x04, 0x00, 0x00, 0x11,
  0x00, 0xF8, 0xFF, 0xFF, 0xFF, 0xFF, 0xFF, 0xFF, 0xFF, 0xFF, 0xFF, 0xFF, 0xFF, 0xFF, 0xFF, 0xFF,
  0xFF, 0xFF, 0xFF, 0xFF, 0xFF, 0xFF, 0xFF, 0xFF, 0xFF, 0xFF, 0xFF, 0xFF, 0xFF, 0xFF, 0xFF, 0xFF,
  0xFF, 0xFF, 0xFF, 0xFF, 0xFF, 0xFF, 0x1F, 0x00, 0x02, 0x00, 0x20, 0x00, 0x00, 0x42, 0x08, 0x08,
  0x02, 0x00, 0x00, 0x00, 0x00, 0x00, 0x20, 0x08, 0x08, 0x00, 0x84, 0x08, 0x80, 0x00, 0xA0, 0x4A,
  0xA5, 0x54, 0x55, 0x55, 0x55, 0x55, 0xA5, 0x32, 0x00, 0x00, 0x00, 0x10, 0x10, 0x10, 0x20, 0x82,
  0x41, 0x0E, 0x12, 0x80, 0x40, 0x10, 0x00, 0xDC, 0xB6, 0xAA, 0x56, 0x4A, 0x55, 0x57, 0x52, 0x22,
  0x45, 0x10, 0x00, 0x08, 0x08, 0x20, 0x10, 0x21, 0x00, 0x10, 0x01, 0x10, 0x10, 0x20, 0x00, 0x04,
  0x00, 0x80, 0x00, 0x00, 0x40, 0x84, 0x00, 0x00, 0x00, 0x5E, 0x92, 0x10, 0x04, 0x22, 0x11, 0x22,
  0x22, 0x22, 0x91, 0x44, 0x92, 0x08, 0x82, 0x24, 0x44, 0x24, 0x11, 0x88, 0x44, 0x22, 0x12, 0x10,
  0x40, 0x44, 0x44, 0x22, 0x22, 0x44, 0x48, 0x42, 0x24, 0x49, 0x92, 0x88, 0x44, 0x24, 0x3A, 0x11,
  0x00, 0x00, 0x00, 0x00, 0x40, 0x00, 0x00, 0x00, 0x00, 0x00, 0x04, 0x10, 0x80, 0x00, 0x21, 0x01,
  0x41, 0x21, 0x00, 0x80, 0x04, 0x48, 0x09, 0x20, 0x29, 0x55, 0xAA, 0xAA, 0xAA, 0x4A, 0x12, 0x12,
  0x01, 0x00, 0x04, 0x00, 0x04, 0x04, 0x24, 0x80, 0x09, 0x0F, 0x00, 0x01, 0x00, 0x28, 0x40, 0x6E,
  0xDB, 0xD5, 0xB7, 0x55, 0xEA, 0x4A, 0x89, 0x54, 0xA9, 0x01, 0x00, 0x02, 0x00, 0x00, 0x00, 0x00,
  0x42, 0x02, 0x00, 0x00, 0x00, 0x09, 0x02, 0x00, 0x04, 0x20, 0x40, 0x00, 0x00, 0x00, 0x00, 0x00,
  0x00, 0x06, 0x00, 0x00, 0x00, 0x00, 0x00, 0x00, 0x00, 0x00, 0x00, 0x00, 0x00, 0x00, 0x00, 0x00,
  0x00, 0x00, 0x00, 0x02, 0x00, 0x00, 0x00, 0x04, 0x10, 0x00, 0x00, 0x00, 0x00, 0x00, 0x00, 0x00,
  0x00, 0x00, 0x00, 0x00, 0x00, 0x00, 0x60, 0x00, 0x00, 0x02, 0x08, 0x10, 0x10, 0x10, 0x00, 0x82,
  0x00, 0x01, 0x40, 0x00, 0x04, 0x20, 0x20, 0x40, 0x08, 0x08, 0x22, 0x22, 0x20, 0x01, 0xA0, 0x4A,
  0x4A, 0xA5, 0xAA, 0x5A, 0x55, 0x55, 0x49, 0x29, 0x00, 0x11, 0x81, 0x00, 0x00, 0x00, 0x21, 0xC2,
  0x81, 0x8D, 0x00, 0x10, 0x00, 0x12, 0x10, 0xFF, 0x6E, 0x6D, 0xAD, 0xAA, 0xB5, 0x2A, 0x2A, 0x41,
  0x02, 0x06, 0x80, 0x00, 0x00, 0x08, 0x00, 0x08, 0x00, 0x00, 0x00, 0x00, 0x02, 0x00, 0x00, 0x81,
  0x00, 0x08, 0x00, 0x04, 0x01, 0x20, 0x10, 0x84, 0x48, 0x03, 0x00, 0x04, 0x41, 0x00, 0x00, 0x00,
  0x00, 0x00, 0x00, 0x00, 0x00, 0x40, 0x10, 0x00, 0x00, 0x00, 0x80, 0x00, 0x00, 0x00, 0x00, 0x01,
  0x01, 0x00, 0x00, 0x00, 0x00, 0x00, 0x00, 0x00, 0x00, 0x00, 0x00, 0x00, 0x00, 0x00, 0xC0, 0x80,
  0x40, 0x20, 0x02, 0x04, 0x04, 0x00, 0x04, 0x00, 0x20, 0x90, 0x00, 0x04, 0x01, 0x00, 0x28, 0x12,
  0x00, 0x00, 0x00, 0x00, 0x08, 0x54, 0x15, 0x91, 0x54, 0x55, 0x55, 0x55, 0xAB, 0x2A, 0x05, 0x32,
  0x10, 0x00, 0x00, 0x00, 0x00, 0x00, 0x20, 0x80, 0xA1, 0x05, 0x00, 0x00, 0x08, 0x0A, 0x84, 0xAB,
  0x75, 0xFB, 0xB5, 0x55, 0xAF, 0x52, 0xA5, 0x2A, 0xB5, 0x08, 0x22, 0x00, 0x02, 0x02, 0x42, 0x00,
  0x00, 0x00, 0x10, 0x82, 0x00, 0x00, 0x40, 0x00, 0x00, 0x02, 0x00, 0x00, 0x10, 0x08, 0x04, 0x01,
  0x00, 0x03, 0x00, 0x00, 0x00, 0x00, 0x80, 0x00, 0x00, 0x00, 0x00, 0x00, 0x00, 0x00, 0x00, 0x00,
  0x01, 0x00, 0x00, 0x00, 0x00, 0x00, 0x00, 0x00, 0x00, 0x00, 0x00, 0x00, 0x80, 0x00, 0x02, 0x10,
  0x00, 0x00, 0x00, 0x20, 0x00, 0x00, 0xC1, 0x08, 0x08, 0x00, 0x00, 0x01, 0x01, 0x00, 0x81, 0x00,
  0x08, 0x00, 0x00, 0x00, 0x00, 0x04, 0x40, 0x00, 0x42, 0x80, 0x40, 0x08, 0x41, 0x01, 0x40, 0x24,
  0xA1, 0x54, 0x55, 0x55, 0x55, 0x49, 0xA9, 0x14, 0x02, 0x04, 0x10, 0x92, 0x40, 0x22, 0x20, 0x82,
  0x81, 0x26, 0x20, 0x04, 0x82, 0x04, 0xC0, 0x7F, 0xAF, 0xB7, 0x56, 0xED, 0xAA, 0x4A, 0x12, 0x94,
  0x08, 0x15, 0x00, 0x80, 0x40, 0x00, 0x10, 0x00, 0x11, 0x20, 0x02, 0x20, 0x20, 0x80, 0x00, 0x00,
  0x40, 0x00, 0x08, 0x40, 0x00, 0x01, 0x00, 0x00, 0x80, 0x01, 0x10, 0x01, 0x10, 0x24, 0x12, 0x88,
  0x88, 0x24, 0x22, 0x88, 0x10, 0x09, 0x00, 0x42, 0x90, 0x08, 0x22, 0x40, 0x44, 0x88, 0x08, 0x00,
  0x08, 0x91, 0x44, 0x24, 0x09, 0x48, 0x40, 0x04, 0x21, 0x84, 0x10, 0x09, 0x24, 0x49, 0x80, 0x01,
  0x00, 0x00, 0x00, 0x00, 0x00, 0x02, 0x00, 0x20, 0x00, 0x00, 0x08, 0x01, 0x20, 0x01, 0x60, 0x82,
  0x00, 0x12, 0x04, 0x42, 0x10, 0x84, 0x94, 0xA4, 0x2A, 0x95, 0xAA, 0xAA, 0xAA, 0xAA, 0x52, 0x12,
  0x40, 0x40, 0x02, 0x00, 0x04, 0x00, 0x20, 0x90, 0xC1, 0x05, 0x08, 0x80, 0x80, 0x82, 0xE0, 0xD5,
  0x75, 0xDD, 0x6D, 0xD5, 0x57, 0x95, 0xA4, 0x52, 0x65, 0x28, 0x00, 0x20, 0x00, 0x00, 0x00, 0x20,
  0x00, 0x01, 0x00, 0x00, 0x00, 0x11, 0x08, 0x10, 0x08, 0x00, 0x82, 0x10, 0x00, 0x00, 0x00, 0x20,
  0x80, 0x21, 0x02, 0x20, 0x04, 0x00, 0x00, 0x00, 0x00, 0x00, 0x00, 0x02, 0x00, 0x00, 0x41, 0x00,
  0x00, 0x80, 0x00, 0x10, 0x00, 0x00, 0x80, 0x20, 0x02, 0x00, 0x00, 0x00, 0x00, 0x00, 0x00, 0x00,
  0x00, 0x00, 0x00, 0x00, 0x00, 0x00, 0x90, 0x01, 0x00, 0x84, 0x20, 0x00, 0x00, 0x20, 0x00, 0x00,
  0x00, 0x04, 0x02, 0x40, 0x00, 0x80, 0x40, 0x28, 0x10, 0x00, 0x80, 0x00, 0x02, 0x21, 0x20, 0x49,
  0x54, 0xA9, 0xAA, 0xAA, 0xAA, 0x2A, 0x24, 0x99, 0x08, 0x01, 0x40, 0x00, 0x00, 0x00, 0x29, 0x82,
  0x51, 0x07, 0x00, 0x00, 0x40, 0x01, 0xF8, 0xBF, 0xAF, 0x7F, 0x5B, 0x75, 0xAD, 0xA4, 0x4A, 0x45,
  0x95, 0x65, 0x04, 0x08, 0x00, 0x40, 0x00, 0x02, 0x00, 0x00, 0x80, 0x08, 0x00, 0x00, 0x00, 0x00,
  0x01, 0x00, 0x00, 0x00, 0x08, 0x00, 0x41, 0x00, 0x92, 0x00, 0x00, 0x00, 0x01, 0x01, 0x00, 0x00,
  0x00, 0x00, 0x00, 0x00, 0x04, 0x00, 0x08, 0x00, 0x00, 0x00, 0x00, 0x04, 0x00, 0x02, 0x00, 0x00,
  0x00, 0x00, 0x00, 0x00, 0x00, 0x01, 0x08, 0x00, 0x08, 0x20, 0x04, 0x00, 0x01, 0x00, 0x00, 0x41,
  0x04, 0x01, 0x08, 0x20, 0x40, 0x00, 0x20, 0x04, 0x01, 0x41, 0x00, 0x00, 0x04, 0x00, 0x48, 0x02,
  0x84, 0x80, 0x10, 0x20, 0x20, 0x48, 0x15, 0x92, 0x4A, 0xAA, 0x6A, 0x55, 0x55, 0x55, 0x95, 0x14,
  0x00, 0x08, 0x10, 0x44, 0x48, 0x44, 0x20, 0x80, 0xC1, 0x02, 0x02, 0x01, 0xA0, 0x00, 0x7C, 0x6B,
  0xD5, 0xED, 0x56, 0xDB, 0x55, 0x55, 0xB4, 0xBA, 0x52, 0x95, 0x81, 0x00, 0x10, 0x10, 0x04, 0x00,
  0x40, 0x10, 0x00, 0x00, 0x04, 0x00, 0x00, 0x01, 0x00, 0x20, 0x00, 0x04, 0x00, 0x20, 0x00, 0x08,
  0x80, 0x01, 0x00, 0x00, 0x00, 0x00, 0x01, 0x41, 0x20, 0x00, 0x08, 0x00, 0x01, 0x20, 0x00, 0x10,
  0x04, 0x04, 0x00, 0x01, 0x10, 0x00, 0x02, 0x08, 0x40, 0x08, 0x20, 0x00, 0x20, 0x00, 0x02, 0x00,
  0x00, 0x01, 0x00, 0x00, 0x00, 0x00, 0x80, 0x09, 0x40, 0x00, 0x00, 0x04, 0x02, 0x08, 0x08, 0x00,
  0x10, 0x00, 0x40, 0x08, 0x00, 0x10, 0x40, 0x08, 0x01, 0x04, 0x00, 0x80, 0x84, 0x02, 0x40, 0x25,
  0xA9, 0x4A, 0x95, 0xAA, 0x55, 0x92, 0x4A, 0x0A, 0x22, 0x40, 0x02, 0x01, 0x02, 0x00, 0x20, 0xC2,
  0x61, 0x87, 0x00, 0x10, 0x28, 0x20, 0xFE, 0xDD, 0xFB, 0xDF, 0xB5, 0xBE, 0x56, 0xA5, 0xEA, 0x2B,
  0x24, 0xA2, 0x00, 0x00, 0x00, 0x01, 0x80, 0x00, 0x09, 0x00, 0x11, 0x00, 0x40, 0x08, 0x21, 0x40,
  0x00, 0x09, 0x40, 0x00, 0x82, 0x04, 0x10, 0x00, 0x80, 0x88, 0x20, 0x09, 0x00, 0x10, 0x20, 0x10,
  0x04, 0x46, 0x82, 0x20, 0x80, 0x04, 0x00, 0x04, 0x81, 0x00, 0x48, 0x00, 0x02, 0x20, 0x20, 0x00,
  0x01, 0x00, 0x01, 0x12, 0x01, 0x90, 0x80, 0x44, 0x00, 0x00, 0x40, 0x22, 0x20, 0x22, 0x82, 0x01,
  0x00, 0x20, 0x00, 0x00, 0x00, 0x02, 0x02, 0x40, 0x00, 0x00, 0x00, 0x00, 0x40, 0x04, 0xC0, 0x20,
  0x20, 0x01, 0x02, 0x12, 0x20, 0x50, 0x09, 0x48, 0x95, 0xAA, 0x6A, 0x55, 0x55, 0x55, 0x95, 0x8C,
  0x80, 0x10, 0x40, 0x00, 0x00, 0x02, 0x24, 0x90, 0xE1, 0x05, 0x40, 0x00, 0x29, 0x00, 0x6F, 0xF7,
  0xF6, 0xBB, 0xEE, 0x57, 0x55, 0xA9, 0x3E, 0x4A, 0x45, 0x09, 0x23, 0x00, 0x02, 0x00, 0x00, 0x10,
  0x00, 0x00, 0x00, 0x80, 0x00, 0x00, 0x00, 0x08, 0x20, 0x00, 0x02, 0x80, 0x00, 0x00, 0x00, 0x02,
  0x81, 0x01, 0x08, 0x00, 0x90, 0x01, 0x08, 0x00, 0x00, 0x04, 0x00, 0x08, 0x00, 0x00, 0x82, 0x00,
  0x00, 0x20, 0x02, 0x80, 0x00, 0x00, 0x00, 0x02, 0x00, 0x02, 0x00, 0x00, 0x00, 0x00, 0x00, 0x00,
  0x42, 0x08, 0x01, 0x00, 0x08, 0x00, 0x20, 0x01, 0x00, 0x00, 0x82, 0x00, 0x10, 0x00, 0x00, 0x01,
  0x00, 0x00, 0x10, 0x80, 0x10, 0x00, 0x81, 0x04, 0x09, 0x20, 0x20, 0x80, 0x04, 0x05, 0xA2, 0x92,
  0x54, 0x55, 0x95, 0xAA, 0xAA, 0xAA, 0x50, 0x05, 0x00, 0x04, 0x10, 0x90, 0x80, 0x20, 0x20, 0x82,
  0xB1, 0x04, 0x00, 0x00, 0x14, 0xC0, 0xFF, 0x5F, 0x5D, 0xF7, 0xDB, 0x56, 0x55, 0xAD, 0xAB, 0x55,
  0x29, 0x52, 0x06, 0x44, 0x40, 0x00, 0x21, 0x00, 0x00, 0x04, 0x00, 0x22, 0x00, 0x02, 0x08, 0x00,
  0x08, 0x00, 0x00, 0x00, 0x20, 0x00, 0x02, 0x00, 0xC0, 0x00, 0x00, 0x80, 0x80, 0x01, 0x00, 0x00,
  0x00, 0x02, 0x00, 0x00, 0x20, 0x00, 0x20, 0x00, 0x20, 0x00, 0x00, 0x00, 0x80, 0x08, 0x00, 0x40,
  0x10, 0x40, 0x88, 0x00, 0x08, 0x01, 0x00, 0x00, 0x00, 0x00, 0x10, 0x00, 0x02, 0x00, 0x80, 0x81,
  0x04, 0x08, 0x20, 0x40, 0x00, 0x80, 0x00, 0x10, 0x88, 0x88, 0x00, 0x02, 0x00, 0x00, 0x80, 0x10,
  0x00, 0x88, 0x08, 0x21, 0x40, 0x50, 0x08, 0x25, 0x95, 0xAA, 0x6A, 0xAD, 0x52, 0x25, 0x25, 0x0E,
  0x08, 0x00, 0x02, 0x00, 0x20, 0x00, 0x20, 0x80, 0xB1, 0x04, 0x10, 0x20, 0x0A, 0xFA, 0x0B, 0x00,
  0x00, 0x00, 0xFA, 0xAF, 0xAA, 0xFA, 0x56, 0x22, 0x42, 0x84, 0x0C, 0x00, 0x00, 0x08, 0x00, 0x00,
  0x00, 0x41, 0x84, 0x00, 0x08, 0x40, 0x00, 0x02, 0x00, 0x00, 0x10, 0x22, 0x00, 0x40, 0x80, 0x40,
  0x90, 0x01, 0x02, 0x20, 0x84, 0x21, 0x01, 0x02, 0x40, 0x02, 0x20, 0x00, 0x08, 0x20, 0x00, 0x40,
  0x00, 0x08, 0x00, 0x10, 0x00, 0x00, 0x09, 0x00, 0x00, 0x00, 0x00, 0x40, 0x00, 0x00, 0x10, 0x20,
  0x00, 0x40, 0x00, 0x88, 0x00, 0x08, 0x04, 0x09, 0x20, 0x02, 0x00, 0x08, 0x82, 0x10, 0x20, 0x00,
  0x02, 0x00, 0x04, 0x20, 0x04, 0x20, 0x84, 0x45, 0x42, 0x02, 0x00, 0x04, 0x24, 0x82, 0xA2, 0x48,
  0xA2, 0xAA, 0xAA, 0x6A, 0x95, 0xAA, 0x4A, 0x65, 0x55, 0x55, 0x08, 0x49, 0x04, 0x92, 0x24, 0xC2,
  0xD1, 0x42, 0x04, 0x84, 0xC2, 0x2D, 0xF4, 0xFF, 0xFF, 0xAF, 0x00, 0x7A, 0xA5, 0xAE, 0x95, 0x94,
  0x94, 0x28, 0x11, 0x00, 0x10, 0x00, 0x00, 0x22, 0x11, 0x00, 0x00, 0x00, 0x80, 0x00, 0x80, 0x00,
  0x01, 0x40, 0x00, 0x00, 0x00, 0x04, 0x20, 0x00, 0x80, 0x20, 0x00, 0x02, 0x80, 0x01, 0x00, 0x40,
  0x12, 0x44, 0x04, 0x02, 0x01, 0x04, 0x08, 0x10, 0x08, 0x02, 0x00, 0x02, 0x10, 0x00, 0x80, 0x10,
  0x84, 0x10, 0x00, 0x10, 0x40, 0x48, 0x04, 0x09, 0x10, 0x04, 0x00, 0x01, 0x00, 0x81, 0x80, 0x01,
  0x00, 0x80, 0x08, 0x02, 0x10, 0x44, 0x82, 0x22, 0x20, 0x21, 0x40, 0x04, 0x41, 0x0A, 0x91, 0x01,
  0x10, 0x00, 0x20, 0x41, 0x01, 0x29, 0x44, 0x92, 0xAC, 0xAA, 0xAA, 0x55, 0x55, 0xA9, 0x94, 0x12,
  0x00, 0x00, 0x21, 0x04, 0x49, 0x00, 0x20, 0x84, 0x79, 0x04, 0x00, 0x40, 0x3D, 0xFB, 0xBF, 0xFB,
  0x7F, 0xFD, 0xFF, 0x80, 0x5A, 0x7B, 0x55, 0x49, 0x20, 0x41, 0x2A, 0x02, 0x04, 0x40, 0x04, 0x00,
  0x00, 0x00, 0x00, 0x00, 0x00, 0x00, 0x02, 0x40, 0x00, 0x11, 0x04, 0x00, 0x04, 0x01, 0x00, 0x10,
  0x80, 0x01, 0x40, 0x00, 0x82, 0x21, 0x20, 0x10, 0x00, 0x06, 0x00, 0x40, 0x00, 0x01, 0x01, 0x04,
  0x00, 0x80, 0x24, 0x00, 0x02, 0x40, 0x00, 0x00, 0x00, 0x00, 0x42, 0x04, 0x10, 0x00, 0x00, 0x00,
  0x04, 0x01, 0x44, 0x00, 0x40, 0x00, 0x80, 0x01, 0x00, 0x00, 0x00, 0x00, 0x00, 0x00, 0x00, 0x00,
  0x00, 0x08, 0x00, 0x00, 0x00, 0x00, 0x00, 0x29, 0x01, 0x90, 0x04, 0x10, 0x48, 0x80, 0x88, 0x24,
  0x49, 0x55, 0x55, 0xAA, 0xAA, 0x2A, 0x21, 0x87, 0x44, 0x12, 0x80, 0x20, 0x00, 0x44, 0x20, 0xC0,
  0x59, 0x06, 0x00, 0xD0, 0xEB, 0xFF, 0xF7, 0xBE, 0xD5, 0x2B, 0xED, 0x2F, 0xA0, 0xD7, 0x16, 0x12,
  0x15, 0xAA, 0x52, 0x20, 0x00, 0x02, 0x40, 0x00, 0x00, 0x00, 0x10, 0x88, 0x20, 0x10, 0x20, 0x00,
  0x40, 0x00, 0x80, 0x00, 0x41, 0x00, 0x04, 0x00, 0x84, 0x00, 0x10, 0x80, 0x87, 0xF1, 0x08, 0x04,
  0x00, 0x04, 0x00, 0x00, 0x00, 0x00, 0x00, 0x01, 0x02, 0x00, 0x00, 0x80, 0x00, 0x02, 0x00, 0x04,
  0x00, 0x00, 0x00, 0x00, 0x02, 0x00, 0x00, 0x00, 0x01, 0x00, 0x01, 0x00, 0x10, 0x00, 0x20, 0x21,
  0x81, 0x00, 0x00, 0x40, 0x04, 0x01, 0x10, 0x00, 0x01, 0x00, 0x11, 0x40, 0x10, 0x00, 0x00, 0x03,
  0x48, 0x02, 0x40, 0x84, 0x04, 0x49, 0x12, 0x49, 0xAA, 0xAA, 0xAA, 0xB5, 0xAA, 0x4A, 0x4D, 0x21,
  0x91, 0xA4, 0x0A, 0x8A, 0x00, 0x01, 0x22, 0x92, 0x6D, 0x84, 0x00, 0xBD, 0x5F, 0xF4, 0xAF, 0xEB,
  0x77, 0xDD, 0xB6, 0xFE, 0x8B, 0xBE, 0xA9, 0xA4, 0x48, 0x10, 0x24, 0x00, 0x00, 0x00, 0x00, 0x08,
  0x44, 0x24, 0x01, 0x01, 0x08, 0x00, 0x00, 0x10, 0x10, 0x00, 0x00, 0x48, 0x00, 0x40, 0x00, 0x04,
  0xC0, 0x11, 0x01, 0x90, 0xA3, 0xE1, 0x01, 0x00, 0x00, 0x02, 0x40, 0x08, 0xDA, 0x00, 0x40, 0x00,
  0x40, 0x00, 0x00, 0x10, 0xAA, 0x20, 0xC8, 0x40, 0xD9, 0x0A, 0x00, 0x00, 0x00, 0x00, 0x41, 0x00,
  0x00, 0x40, 0x03, 0x90, 0x00, 0x10, 0x88, 0x09, 0x10, 0x10, 0x42, 0x10, 0x00, 0x00, 0x00, 0x10,
  0x10, 0x00, 0x00, 0x02, 0x00, 0x20, 0x11, 0xA6, 0x00, 0x04, 0x08, 0x00, 0x10, 0x00, 0x49, 0x92,
  0x52, 0x55, 0x55, 0xAD, 0xAA, 0xAA, 0x50, 0x4B, 0x2A, 0x09, 0x50, 0x00, 0x2A, 0x90, 0x28, 0x80,
  0x3D, 0x04, 0xA4, 0xEF, 0x02, 0x80, 0x7B, 0x7F, 0xAD, 0x6B, 0x6D, 0xAF, 0x3E, 0x60, 0xA5, 0x12,
  0x85, 0x4A, 0x41, 0x00, 0x41, 0x20, 0x10, 0x80, 0x00, 0x00, 0x00, 0x00, 0x00, 0x84, 0x00, 0x00,
  0x00, 0x00, 0x01, 0x00, 0x00, 0x00, 0x00, 0x01, 0x81, 0x00, 0x00, 0xC0, 0x81, 0x81, 0x03, 0x01,
  0x04, 0x86, 0x04, 0x00, 0xFE, 0x23, 0x08, 0x00, 0x00, 0x44, 0x80, 0x04, 0xFE, 0xC3, 0xE0, 0xC0,
  0xF1, 0x8F, 0x10, 0x41, 0x00, 0x49, 0x10, 0x44, 0x00, 0x10, 0x03, 0x04, 0x00, 0x00, 0x01, 0x01,
  0x00, 0x00, 0x00, 0x04, 0x00, 0x20, 0x04, 0x04, 0x00, 0x01, 0x80, 0x10, 0x84, 0x04, 0x80, 0x04,
  0x92, 0x20, 0x01, 0xA9, 0xA2, 0x54, 0x92, 0x48, 0x95, 0xAA, 0xAA, 0xAA, 0xAA, 0x52, 0xD5, 0x55,
  0xA5, 0xD2, 0x8A, 0x52, 0x80, 0x04, 0x20, 0x82, 0x35, 0x02, 0xF0, 0x3F, 0x00, 0x00, 0xAE, 0xB5,
  0x6F, 0xB5, 0xD5, 0xDA, 0xD2, 0x0B, 0x2B, 0x25, 0x51, 0x00, 0xAA, 0x42, 0x10, 0x08, 0x02, 0x02,
  0x00, 0x00, 0x20, 0x00, 0x02, 0x00, 0x08, 0x01, 0x02, 0x08, 0x20, 0x00, 0x10, 0x08, 0x20, 0x00,
  0x80, 0x01, 0x00, 0xE2, 0x80, 0x01, 0x03, 0x00, 0x41, 0x04, 0x00, 0x00, 0x96, 0x07, 0x01, 0x40,
  0x10, 0x00, 0x08, 0x00, 0x96, 0xC7, 0xC0, 0xC1, 0x38, 0x3D, 0x00, 0x06, 0x40, 0x00, 0x00, 0x00,
  0x40, 0x04, 0x43, 0x00, 0x04, 0x02, 0x80, 0x01, 0x00, 0x84, 0x00, 0x00, 0x20, 0x08, 0x00, 0x01,
  0x02, 0x10, 0x21, 0x00, 0x00, 0x00, 0x20, 0x2C, 0x00, 0x08, 0x22, 0x00, 0x08, 0x80, 0x48, 0x92,
  0x54, 0xA5, 0xD6, 0xAA, 0xAA, 0xAA, 0xEA, 0x24, 0x09, 0x24, 0x20, 0x00, 0x22, 0x00, 0x22, 0x88,
  0x1F, 0x84, 0x7E, 0x15, 0x00, 0x02, 0x7C, 0xEF, 0xDA, 0x56, 0x5D, 0xB7, 0x6D, 0x57, 0x68, 0x55,
  0x84, 0xB7, 0x80, 0x10, 0x00, 0x00, 0x00, 0x00, 0x00, 0x01, 0x04, 0x90, 0x00, 0x01, 0x00, 0x80,
  0x00, 0x02, 0x00, 0x02, 0x00, 0x02, 0x02, 0x00, 0xC0, 0x40, 0x44, 0x70, 0x80, 0x01, 0x06, 0x20,
  0x00, 0x02, 0x00, 0x41, 0x06, 0x0E, 0x00, 0x00, 0x04, 0x00, 0x02, 0x00, 0x07, 0xC6, 0xE1, 0xC1,
  0x30, 0x30, 0x40, 0x07, 0x04, 0x00, 0x00, 0x00, 0x10, 0x00, 0x03, 0x00, 0x40, 0x40, 0x00, 0x01,
  0x02, 0x01, 0x10, 0x00, 0x02, 0x02, 0x40, 0x80, 0x00, 0x00, 0x00, 0x00, 0x00, 0x00, 0x02, 0x48,
  0x49, 0x42, 0x80, 0x24, 0xA1, 0x2A, 0x12, 0x21, 0x55, 0xAA, 0x5A, 0x55, 0x55, 0x55, 0x6A, 0x49,
  0x6A, 0x49, 0x4B, 0x55, 0x89, 0x54, 0xA1, 0xC2, 0x16, 0xA6, 0x2F, 0x0A, 0x80, 0x00, 0xB8, 0xB5,
  0x95, 0xB5, 0xD5, 0x5A, 0xDB, 0xB6, 0xC2, 0x12, 0x69, 0x6D, 0x2B, 0x03, 0x00, 0x00, 0x00, 0x40,
  0x48, 0x10, 0x01, 0x02, 0x00, 0x00, 0x00, 0x08, 0x40, 0x80, 0x08, 0x20, 0x04, 0x80, 0x00, 0x20,
  0x88, 0x11, 0x00, 0x30, 0x88, 0x11, 0x8E, 0x00, 0x00, 0x42, 0x10, 0x10, 0x06, 0x0C, 0x00, 0x04,
  0x80, 0x00, 0x00, 0x00, 0x06, 0xCE, 0x60, 0xE1, 0x18, 0x30, 0x08, 0x02, 0x01, 0x00, 0x04, 0x01,
  0x04, 0x00, 0x03, 0x80, 0x00, 0x00, 0x80, 0x89, 0x20, 0x00, 0x00, 0x01, 0x00, 0x00, 0x01, 0x00,
  0x20, 0x02, 0x04, 0x44, 0x52, 0xA9, 0x48, 0x18, 0x04, 0x10, 0x12, 0x01, 0x04, 0x80, 0x44, 0x4A,
  0xA5, 0x52, 0x55, 0x55, 0xB5, 0x8A, 0xFA, 0xFF, 0xD7, 0xAA, 0x54, 0x92, 0x14, 0x01, 0x28, 0x80,
  0x1F, 0xF4, 0x81, 0x02, 0x10, 0x20, 0xF0, 0xBB, 0x6E, 0x6B, 0xAB, 0xEA, 0xAA, 0xAE, 0x1E, 0xA4,
  0xD7, 0xAA, 0x2A, 0x02, 0x00, 0x01, 0x20, 0x08, 0x00, 0x00, 0x80, 0x00, 0x20, 0x20, 0x21, 0x00,
  0x10, 0x00, 0x00, 0x00, 0x80, 0x00, 0x00, 0x04, 0x82, 0x00, 0x00, 0x30, 0x80, 0x01, 0x0C, 0x08,
  0x00, 0x06, 0x00, 0x00, 0x06, 0xCE, 0x1D, 0x3F, 0xF1, 0x93, 0x3F, 0x21, 0x06, 0x8C, 0xB1, 0x63,
  0x30, 0x70, 0x80, 0x3F, 0xFC, 0x88, 0x0C, 0xA6, 0xC3, 0x07, 0x93, 0xE3, 0x07, 0x10, 0x88, 0x01,
  0x00, 0x00, 0x00, 0x20, 0x80, 0x00, 0x10, 0x10, 0x08, 0x90, 0x90, 0x00, 0x00, 0x00, 0x00, 0x71,
  0x91, 0x84, 0x00, 0x24, 0x51, 0x55, 0x92, 0x54, 0xAA, 0xAA, 0xAA, 0x56, 0x55, 0xB5, 0xBA, 0xAA,
  0x94, 0x12, 0xA5, 0x24, 0x40, 0x20, 0x20, 0x92, 0x8D, 0x3E, 0x80, 0x02, 0x02, 0x00, 0xE0, 0xD6,
  0xB5, 0xD6, 0x5A, 0x55, 0xAB, 0xAA, 0x68, 0xE9, 0xAA, 0x12, 0xD5, 0x04, 0x44, 0x20, 0x01, 0x02,
  0x00, 0x00, 0x00, 0x00, 0x00, 0x08, 0x00, 0x01, 0x00, 0x00, 0x80, 0x00, 0x00, 0x00, 0x20, 0x01,
  0x80, 0x01, 0x10, 0x18, 0xC0, 0x81, 0x1C, 0x00, 0x24, 0x04, 0x04, 0x00, 0x06, 0x8C, 0x9F, 0x6B,
  0xB8, 0x86, 0x35, 0x08, 0x06, 0x86, 0x31, 0x63, 0x18, 0x30, 0xC4, 0x1F, 0xEE, 0x01, 0x18, 0x87,
  0xF1, 0x4E, 0xC3, 0x70, 0x0F, 0x04, 0x02, 0x01, 0x00, 0x20, 0x42, 0x00, 0x08, 0x40, 0x00, 0x00,
  0x00, 0x00, 0x00, 0x00, 0x00, 0x00, 0x10, 0x40, 0x02, 0x20, 0x48, 0x40, 0x04, 0x12, 0x49, 0xA5,
  0xAA, 0xAA, 0xDA, 0xAA, 0x55, 0x45, 0xDD, 0x5F, 0xAB, 0x44, 0x09, 0x89, 0x12, 0x02, 0x25, 0x84,
  0xAB, 0x0B, 0x64, 0x81, 0x00, 0x08, 0xC1, 0x6D, 0x6B, 0xB5, 0x52, 0xD5, 0xAA, 0xAC, 0xAB, 0xE2,
  0x2A, 0xA5, 0xA8, 0x0D, 0x01, 0x00, 0x00, 0x00, 0x02, 0x08, 0x10, 0x40, 0x04, 0x02, 0x08, 0x20,
  0x02, 0x10, 0x00, 0x88, 0x10, 0x10, 0x08, 0x00, 0x80, 0x00, 0x01, 0x39, 0x80, 0x01, 0x08, 0x00,
  0x01, 0x02, 0x81, 0x04, 0x06, 0xC6, 0x81, 0xE1, 0x18, 0xC6, 0x60, 0x00, 0x07, 0x8F, 0x31, 0x63,
  0x30, 0x3C, 0x00, 0x02, 0x83, 0x01, 0x0C, 0x8F, 0x31, 0x1C, 0x73, 0x30, 0x1C, 0x01, 0x80, 0x01,
  0x08, 0x08, 0x00, 0x08, 0x01, 0x10, 0x00, 0x02, 0x01, 0x02, 0x00, 0x48, 0x04, 0x49, 0x82, 0xC4,
  0x55, 0x0A, 0x02, 0x09, 0xA1, 0xA4, 0x24, 0x4A, 0x49, 0xAA, 0xAA, 0x6A, 0x55, 0xA9, 0x7E, 0xD5,
  0x2A, 0x29, 0x52, 0x20, 0x44, 0x54, 0xA0, 0xC2, 0xEE, 0x07, 0xA1, 0x00, 0x00, 0x02, 0xC0, 0xDB,
  0xDE, 0xAA, 0x56, 0xA9, 0x55, 0x59, 0xAA, 0x0E, 0xAB, 0x2A, 0x45, 0x1A, 0x00, 0x08, 0x88, 0x00,
  0x40, 0x80, 0x04, 0x08, 0x00, 0x00, 0x00, 0x00, 0x00, 0x01, 0x11, 0x00, 0x00, 0x00, 0x02, 0x40,
  0xC0, 0x11, 0x00, 0x18, 0x84, 0x11, 0x1C, 0x42, 0x00, 0x46, 0x00, 0x00, 0xD6, 0x87, 0xC1, 0xC0,
  0x18, 0x80, 0x01, 0x00, 0xA6, 0x83, 0x33, 0x63, 0xF8, 0x1F, 0x00, 0x06, 0x03, 0x03, 0x18, 0xC7,
  0x00, 0x18, 0x33, 0x18, 0x18, 0x00, 0x80, 0x49, 0x80, 0x00, 0x10, 0x00, 0x00, 0x04, 0x80, 0x40,
  0x80, 0x80, 0x04, 0x01, 0x20, 0x00, 0x08, 0x90, 0x01, 0x41, 0x50, 0x20, 0x48, 0x49, 0x52, 0x29,
  0x55, 0x55, 0x55, 0x55, 0x55, 0xAA, 0xFF, 0xFF, 0xFF, 0xFF, 0xD7, 0xDF, 0x55, 0x01, 0x25, 0x90,
  0xFF, 0x04, 0x50, 0x20, 0x40, 0x00, 0x10, 0x57, 0xB5, 0xAD, 0xAA, 0xAA, 0x2A, 0xB5, 0x55, 0x75,
  0x58, 0x55, 0xAA, 0x1A, 0x00, 0x00, 0x00, 0x40, 0x10, 0x00, 0x00, 0x02, 0x40, 0x00, 0x01, 0x04,
  0x40, 0x00, 0x00, 0x00, 0x04, 0x02, 0x00, 0x00, 0x84, 0x00, 0x00, 0x18, 0x00, 0x00, 0x18, 0x00,
  0x00, 0x04, 0x00, 0x40, 0xFE, 0xC3, 0xC1, 0xC4, 0x38, 0xC0, 0x05, 0x04, 0xFE, 0x01, 0x13, 0x36,
  0xF0, 0x07, 0x11, 0x83, 0x03, 0x13, 0x98, 0x8D, 0x81, 0x0C, 0x1B, 0x99, 0x18, 0x80, 0x20, 0x01,
  0x00, 0x00, 0x04, 0x00, 0x20, 0x01, 0x24, 0x00, 0x20, 0x20, 0x40, 0x00, 0x00, 0x48, 0x22, 0x22,
  0x2F, 0x08, 0x05, 0x8A, 0x02, 0x12, 0x44, 0x55, 0xA9, 0x52, 0xA9, 0xAA, 0xAA, 0xEA, 0xDF, 0x5D,
  0x55, 0x55, 0x6D, 0x55, 0x02, 0x2A, 0x20, 0x82, 0x1D, 0x04, 0x28, 0x00, 0x10, 0x80, 0x00, 0xAB,
  0x55, 0xAB, 0x2A, 0xA5, 0x55, 0x52, 0x49, 0xC9, 0x65, 0xA2, 0x2A, 0x22, 0x10, 0x01, 0x02, 0x10,
  0x00, 0x04, 0x80, 0x00, 0x08, 0x40, 0x40, 0x80, 0x10, 0x40, 0x00, 0x21, 0x80, 0x40, 0x00, 0x04,
  0x80, 0x01, 0x24, 0x18, 0x00, 0x00, 0x1C, 0x00, 0x40, 0x02, 0x20, 0x00, 0x2E, 0x80, 0xC0, 0xFF,
  0xF1, 0x03, 0x1F, 0x40, 0x2E, 0x00, 0x1B, 0x36, 0x18, 0x0C, 0x00, 0x86, 0x41, 0x07, 0xB1, 0xD9,
  0xF0, 0x1F, 0x3F, 0xF8, 0x1F, 0x20, 0x80, 0x01, 0x02, 0x80, 0x00, 0x42, 0x08, 0x00, 0x00, 0x00,
  0x00, 0x00, 0x00, 0x80, 0x04, 0x02, 0x80, 0xC8, 0x5E, 0x25, 0xA8, 0x20, 0x50, 0x48, 0x29, 0xAA,
  0x4A, 0x95, 0xAA, 0xAA, 0x4A, 0xFB, 0xF7, 0xFB, 0x56, 0x55, 0x52, 0x21, 0xA9, 0x80, 0xA4, 0x90,
  0x0F, 0x84, 0x14, 0x00, 0x04, 0x20, 0x00, 0x6E, 0xFB, 0xAA, 0xAA, 0x48, 0x4B, 0x65, 0x55, 0xBA,
  0x8A, 0x95, 0xC8, 0x6A, 0x02, 0x40, 0x00, 0x00, 0x00, 0x40, 0x00, 0x80, 0x00, 0x08, 0x10, 0x20,
  0x00, 0x08, 0x00, 0x00, 0x00, 0x00, 0x80, 0x80, 0xC0, 0x40, 0x00, 0x1A, 0x21, 0x20, 0x09, 0x08,
  0x08, 0x02, 0x08, 0x08, 0x06, 0xC0, 0xC1, 0x92, 0x80, 0x0F, 0x7C, 0x00, 0x06, 0x44, 0x9B, 0x36,
  0x32, 0x0C, 0x00, 0x03, 0x13, 0x03, 0xB0, 0xC8, 0xB0, 0x18, 0x77, 0x98, 0x94, 0x04, 0x08, 0x01,
  0x20, 0x04, 0x00, 0x00, 0x00, 0x00, 0x01, 0x10, 0x08, 0x00, 0x00, 0x10, 0x80, 0x00, 0x09, 0x92,
  0x7E, 0x92, 0x02, 0x12, 0x02, 0x21, 0x42, 0x89, 0x94, 0x54, 0x55, 0xB5, 0x55, 0xFD, 0x7F, 0x57,
  0xBB, 0xAB, 0x95, 0x14, 0x00, 0x14, 0x21, 0x84, 0x47, 0x06, 0x0A, 0x08, 0x01, 0x08, 0x08, 0x5C,
  0x4D, 0x55, 0x55, 0x2B, 0x52, 0xC9, 0x92, 0xA2, 0x35, 0x7A, 0x97, 0xD4, 0x00, 0x10, 0x40, 0x04,
  0x02, 0x01, 0x04, 0x00, 0x00, 0x01, 0x00, 0x00, 0x00, 0x00, 0x44, 0x00, 0x01, 0x00, 0x08, 0x20,
  0x90, 0x11, 0x00, 0x38, 0x00, 0x04, 0x1C, 0x81, 0x00, 0x44, 0x00, 0x02, 0x06, 0x80, 0xC8, 0x00,
  0x00, 0x0C, 0x60, 0x00, 0x07, 0x01, 0x1A, 0x34, 0x30, 0x1C, 0x00, 0x86, 0x03, 0x03, 0xB0, 0x59,
  0x38, 0x0C, 0x63, 0x18, 0x00, 0x00, 0x80, 0x89, 0x00, 0x00, 0x80, 0x00, 0x00, 0x40, 0x00, 0x04,
  0x02, 0x12, 0x09, 0x02, 0x10, 0x50, 0x20, 0xA4, 0xF4, 0x25, 0x48, 0x80, 0x28, 0x8A, 0x94, 0x52,
  0xA5, 0x52, 0xA5, 0x6A, 0xAA, 0xFF, 0xFF, 0xFA, 0x6E, 0x5D, 0x55, 0xA5, 0xAB, 0x69, 0x2A, 0xA1,
  0x02, 0x04, 0x05, 0x00, 0x00, 0x02, 0x00, 0xB8, 0xBB, 0xAE, 0xAA, 0xA4, 0x54, 0x92, 0x6C, 0x4D,
  0xCB, 0xDC, 0x7A, 0xA5, 0x00, 0x04, 0x00, 0x00, 0x20, 0x00, 0x20, 0x10, 0x20, 0x00, 0x00, 0x02,
  0x04, 0x00, 0x00, 0x08, 0x10, 0x08, 0x01, 0x00, 0x80, 0x00, 0x00, 0x10, 0x08, 0x00, 0x0C, 0x00,
  0x00, 0x06, 0x00, 0x00, 0x06, 0xC0, 0x81, 0x41, 0x08, 0xCC, 0x60, 0x48, 0x06, 0x00, 0x0E, 0x1E,
  0x18, 0x18, 0x09, 0x03, 0x83, 0x23, 0xF1, 0x70, 0x18, 0x18, 0xE3, 0x38, 0x08, 0x00, 0x80, 0x01,
  0x00, 0x20, 0x08, 0x88, 0x44, 0x12, 0xA8, 0xA0, 0xA8, 0x44, 0xA4, 0xD4, 0x56, 0x55, 0xD7, 0xFD,
  0xFF, 0x4F, 0x21, 0x29, 0x42, 0x00, 0x21, 0xA4, 0x2A, 0x55, 0x55, 0x55, 0xF5, 0xFF, 0xFF, 0xFF,
  0xBF, 0x6B, 0xAB, 0x5A, 0x54, 0x92, 0x20, 0x8A, 0x41, 0x44, 0x05, 0x41, 0x80, 0x00, 0x82, 0x78,
  0xD5, 0x55, 0xAD, 0x4A, 0x95, 0xA4, 0x49, 0x52, 0x16, 0xB1, 0x4A, 0x2B, 0x41, 0x00, 0x08, 0x80,
  0x00, 0x20, 0x00, 0x04, 0x02, 0x00, 0x01, 0x00, 0x40, 0x82, 0x00, 0x00, 0x00, 0x02, 0x00, 0x08,
  0x84, 0x01, 0x22, 0x38, 0x00, 0x01, 0x0E, 0x00, 0x00, 0x02, 0x04, 0x00, 0x07, 0x89, 0x81, 0xE3,
  0x3C, 0xC6, 0x71, 0x00, 0x06, 0x00, 0x0E, 0x1C, 0x32, 0x3A, 0x00, 0x16, 0xC7, 0x01, 0xE0, 0x78,
  0x30, 0x1E, 0xC3, 0x31, 0x1C, 0x80, 0x20, 0x01, 0x88, 0x08, 0x02, 0x00, 0x00, 0x00, 0x00, 0x00,
  0x00, 0x00, 0x00, 0x00, 0x00, 0x00, 0x00, 0x01, 0xFC, 0x7F, 0x05, 0x80, 0x88, 0x54, 0x94, 0x4A,
  0x48, 0xAA, 0xAA, 0xAA, 0xFF, 0xFF, 0x6E, 0x0B, 0xA1, 0xAA, 0x24, 0x01, 0x00, 0x00, 0x22, 0x80,
  0x01, 0x42, 0x01, 0x00, 0x00, 0x00, 0x00, 0xE0, 0xB7, 0xAA, 0x2A, 0x29, 0x52, 0x09, 0xAB, 0x94,
  0xA4, 0xCA, 0xB5, 0xAC, 0x03, 0x00, 0x02, 0x21, 0x00, 0x08, 0x00, 0x01, 0x00, 0x10, 0x88, 0x20,
  0x00, 0x20, 0x00, 0x80, 0x80, 0x00, 0x40, 0x02, 0x80, 0x00, 0x00, 0x71, 0x00, 0x40, 0x06, 0x10,
  0x92, 0x04, 0x81, 0x40, 0x46, 0xC0, 0x20, 0x7F, 0xF0, 0x87, 0x3F, 0x00, 0x86, 0x20, 0x4E, 0x1C,
  0x30, 0x70, 0x00, 0x3E, 0xFC, 0x00, 0x60, 0x70, 0xF0, 0x1B, 0x83, 0xE1, 0x0F, 0x22, 0x84, 0x21,
  0x00, 0x00, 0x00, 0x01, 0x00, 0x00, 0x00, 0x04, 0x00, 0x10, 0x00, 0x01, 0x00, 0x01, 0x00, 0x90,
  0xA0, 0xFF, 0xAB, 0x2A, 0x25, 0x21, 0x29, 0x91, 0xAA, 0x4A, 0x55, 0xD5, 0xFF, 0xBF, 0xD7, 0x74,
  0x55, 0x55, 0x4B, 0x4A, 0x95, 0x54, 0xA4, 0xA2, 0x41, 0xA4, 0x00, 0x10, 0x08, 0x40, 0x20, 0x60,
  0xED, 0x55, 0x55, 0x92, 0x54, 0x52, 0x2A, 0x21, 0x4D, 0x12, 0xAF, 0x6B, 0x02, 0x80, 0x00, 0x00,
  0x10, 0x00, 0x02, 0x00, 0x00, 0x01, 0x00, 0x00, 0x02, 0x00, 0x10, 0x21, 0x20, 0x40, 0x10, 0x00,
  0x81, 0x91, 0x00, 0x60, 0x22, 0x10, 0x07, 0x01, 0x00, 0x02, 0x00, 0x10, 0x02, 0x80, 0x08, 0x2C,
  0x40, 0x01, 0x0A, 0x00, 0x02, 0x08, 0x04, 0x08, 0x08, 0x20, 0x20, 0x14, 0x18, 0x00, 0x40, 0x20,
  0xA0, 0x08, 0x02, 0x43, 0x03, 0x00, 0x00, 0x09, 0x00, 0x00, 0x40, 0x20, 0x10, 0x00, 0x01, 0x00,
  0x40, 0x02, 0x21, 0x80, 0x10, 0x10, 0x24, 0x02, 0x5D, 0xFD, 0xBF, 0x40, 0x48, 0x94, 0x42, 0x2A,
  0x55, 0x55, 0xAA, 0xFE, 0xFF, 0xFF, 0x7F, 0xDF, 0xFF, 0xEF, 0xF6, 0x9A, 0x00, 0x00, 0x21, 0x80,
  0x01, 0x52, 0x20, 0x04, 0x00, 0x10, 0x00, 0xC0, 0x55, 0xAB, 0xAA, 0x4A, 0xA9, 0x84, 0x44, 0x4A,
  0x52, 0x65, 0x58, 0xDA, 0x8E, 0x08, 0x00, 0x00, 0x00, 0x01, 0x20, 0x40, 0x24, 0x00, 0x00, 0x08,
  0x20, 0x00, 0x00, 0x00, 0x08, 0x00, 0x04, 0x00, 0xC0, 0x00, 0x00, 0xC0, 0x00, 0x84, 0x03, 0x80,
  0x00, 0x22, 0x00, 0x04, 0x00, 0x00, 0x00, 0x00, 0x00, 0x00, 0x00, 0x84, 0x00, 0x00, 0x00, 0x80,
  0x80, 0x00, 0x00, 0x00, 0x00, 0x10, 0x11, 0x00, 0x04, 0x00, 0x10, 0x00, 0x00, 0x00, 0x80, 0x01,
  0x02, 0x82, 0x00, 0x00, 0x02, 0x09, 0x10, 0x81, 0x08, 0x00, 0x00, 0x10, 0x04, 0x84, 0x80, 0xA8,
  0x54, 0x53, 0xFF, 0x5F, 0x25, 0x49, 0xAC, 0x4A, 0xA9, 0xAA, 0xFD, 0xFF, 0xFF, 0xFF, 0xD7, 0xB5,
  0x2A, 0x92, 0x14, 0x25, 0x6D, 0x95, 0x28, 0xC2, 0x11, 0x54, 0x08, 0x00, 0x41, 0x04, 0x04, 0x02,
  0xBB, 0x6A, 0x55, 0x92, 0x22, 0x29, 0x55, 0xA9, 0xA8, 0x94, 0xE3, 0x55, 0x0D, 0x00, 0x40, 0x08,
  0x02, 0x00, 0x00, 0x00, 0x00, 0x20, 0x21, 0x00, 0x00, 0x02, 0x02, 0x08, 0x00, 0x00, 0x00, 0x40,
  0x90, 0x01, 0x48, 0xC0, 0x03, 0xC1, 0x01, 0x00, 0x00, 0x06, 0x20, 0x00, 0x00, 0x00, 0x00, 0x00,
  0x00, 0x10, 0x00, 0x20, 0x20, 0x00, 0x21, 0x00, 0x20, 0x00, 0x04, 0x01, 0x00, 0x02, 0x00, 0x04,
  0x00, 0x00, 0x00, 0x10, 0x00, 0x01, 0x80, 0x01, 0x20, 0x00, 0x10, 0x00, 0x00, 0x00, 0x00, 0x20,
  0x00, 0x00, 0x08, 0x01, 0x40, 0x00, 0x08, 0x81, 0xA2, 0xD4, 0xFD, 0xFF, 0x5B, 0x92, 0x12, 0x90,
  0x52, 0x75, 0xFF, 0xFF, 0xBB, 0x55, 0x35, 0xA5, 0x92, 0x54, 0x49, 0x40, 0x10, 0x10, 0x20, 0x84,
  0x41, 0x14, 0x00, 0x00, 0x00, 0x00, 0x80, 0x00, 0x67, 0xAB, 0xA4, 0x24, 0x4A, 0x42, 0x94, 0x02,
  0xA5, 0x29, 0x4E, 0x57, 0x35, 0x00, 0x10, 0x80, 0x00, 0x20, 0x04, 0x08, 0x00, 0x04, 0x00, 0x82,
  0x00, 0x20, 0x40, 0x00, 0x00, 0x10, 0x00, 0x08, 0x80, 0x00, 0x00, 0x80, 0x17, 0xF0, 0x40, 0x24,
  0x20, 0x04, 0x04, 0x00, 0x10, 0x09, 0x01, 0x00, 0x44, 0x00, 0x80, 0x00, 0x00, 0x02, 0x00, 0x02,
  0x08, 0x08, 0x00, 0x00, 0x81, 0x00, 0x00, 0x00, 0x00, 0x00, 0x00, 0x00, 0x40, 0x90, 0x24, 0x81,
  0x00, 0x20, 0x00, 0x08, 0x00, 0x40, 0x04, 0x00, 0x00, 0x20, 0x00, 0x80, 0x00, 0x22, 0x22, 0x24,
  0x48, 0x2A, 0xD5, 0xFE, 0xFF, 0xFF, 0xF6, 0x6F, 0xFF, 0xFF, 0xFF, 0xFF, 0xFF, 0xFF, 0xEF, 0x5B,
  0x55, 0x25, 0x22, 0x15, 0x81, 0x04, 0x21, 0x81, 0x01, 0x16, 0x02, 0x01, 0x10, 0x00, 0x00, 0x00,
  0xDC, 0x2A, 0x55, 0x55, 0xA9, 0x94, 0x52, 0x54, 0x52, 0xCA, 0x34, 0xDA, 0x2A, 0x90, 0x00, 0x00,
  0x20, 0x04, 0x01, 0x01, 0x00, 0x01, 0x08, 0x00, 0x08, 0x00, 0x00, 0x00, 0x01, 0x04, 0x81, 0x00,
  0x80, 0x91, 0x00, 0x04, 0x7E, 0x3D, 0x00, 0x00, 0x08, 0x02, 0x01, 0x02, 0x04, 0x00, 0x90, 0x00,
  0x01, 0x84, 0x24, 0x00, 0x00, 0x20, 0x00, 0x20, 0x02, 0x00, 0x41, 0x40, 0x20, 0x80, 0x80, 0x80,
  0x40, 0x84, 0x84, 0x00, 0x04, 0x00, 0x80, 0x09, 0x00, 0x08, 0x04, 0x82, 0x90, 0x00, 0x00, 0x08,
  0x40, 0x08, 0x41, 0x24, 0x04, 0x00, 0x80, 0x00, 0x00, 0x40, 0x52, 0xA5, 0xFF, 0xFF, 0xFF, 0xFF,
  0xFF, 0xFF, 0xFF, 0xB5, 0xAD, 0xAA, 0x5A, 0xB6, 0xAA, 0xAA, 0x4A, 0x40, 0x14, 0x20, 0x24, 0xA4,
  0x41, 0x0A, 0x00, 0x10, 0x02, 0x40, 0x22, 0x10, 0x98, 0xAA, 0xAA, 0x92, 0x12, 0x51, 0x54, 0xA9,
  0xA4, 0x25, 0xCD, 0xBA, 0xEA, 0x04, 0x00, 0x02, 0x00, 0x00, 0x00, 0x80, 0x24, 0x00, 0x00, 0x00,
  0x80, 0x08, 0x08, 0x04, 0x10, 0x01, 0x20, 0x00, 0x82, 0x00, 0x00, 0x00, 0xFC, 0x2F, 0x10, 0x00,
  0x00, 0x02, 0x00, 0x40, 0x00, 0x40, 0x00, 0x48, 0x00, 0x00, 0x00, 0x00, 0x84, 0x00, 0x88, 0x00,
  0x00, 0x00, 0x00, 0x10, 0x00, 0x20, 0x08, 0x10, 0x08, 0x00, 0x00, 0x44, 0x00, 0x00, 0x00, 0x01,
  0x88, 0x00, 0x00, 0x00, 0x00, 0x04, 0xA1, 0x00, 0x15, 0x02, 0x14, 0x81, 0x50, 0x45, 0x12, 0x92,
  0xAA, 0x5A, 0x55, 0xBB, 0xEA, 0xDF, 0xFF, 0xFF, 0xFF, 0xFF, 0x57, 0xDF, 0xAA, 0x6A, 0xB5, 0x6D,
  0x77, 0xD7, 0x5A, 0x2B, 0x41, 0x09, 0x20, 0x81, 0x11, 0x05, 0x40, 0x80, 0x00, 0x09, 0x00, 0x00,
  0x70, 0x6B, 0x55, 0x25, 0xA4, 0x84, 0x52, 0x05, 0x49, 0x49, 0xB9, 0xE2, 0xDA, 0x01, 0x04, 0x20,
  0x00, 0x01, 0x40, 0x00, 0x00, 0x80, 0x00, 0x10, 0x00, 0x00, 0x01, 0x41, 0x00, 0x00, 0x08, 0x80,
  0xC0, 0x01, 0x24, 0x40, 0x80, 0x00, 0x04, 0x00, 0x01, 0x06, 0x40, 0x00, 0x00, 0x00, 0x00, 0x00,
  0x80, 0x00, 0x00, 0x24, 0x00, 0x00, 0x02, 0x00, 0x00, 0x21, 0x10, 0x00, 0x08, 0x00, 0x00, 0x04,
  0x00, 0x00, 0x00, 0x00, 0x00, 0x02, 0x80, 0x01, 0x00, 0x00, 0x80, 0x00, 0x04, 0x40, 0x00, 0x44,
  0x00, 0x40, 0x00, 0x10, 0x00, 0x08, 0x44, 0x08, 0x00, 0x04, 0x82, 0x40, 0x14, 0xB4, 0xAA, 0xEA,
  0xAD, 0xB6, 0xDE, 0xBA, 0xFF, 0xFF, 0xDF, 0xD6, 0x54, 0x94, 0x20, 0x00, 0x0A, 0x80, 0x20, 0x84,
  0x81, 0x02, 0x10, 0x00, 0x00, 0x00, 0x00, 0x04, 0xE1, 0xAA, 0xAA, 0xCA, 0x4A, 0x29, 0xA5, 0x54,
  0x12, 0x2B, 0x95, 0x8A, 0x57, 0x03, 0x40, 0x00, 0x42, 0x00, 0x00, 0x10, 0x00, 0x20, 0x20, 0x01,
  0x11, 0x00, 0x00, 0x00, 0x00, 0x00, 0x00, 0x24, 0x90, 0x00, 0x00, 0x02, 0x00, 0x00, 0x00, 0x11,
  0x00, 0x44, 0x00, 0x10, 0x40, 0x02, 0x04, 0x00, 0x20, 0x20, 0x00, 0x00, 0x20, 0x08, 0x00, 0x88,
  0x40, 0x00, 0x04, 0x04, 0x00, 0x04, 0x40, 0x00, 0x00, 0x11, 0x10, 0x00, 0x44, 0x20, 0x82, 0x21,
  0x02, 0x80, 0x20, 0x00, 0x00, 0x00, 0x00, 0x00, 0x00, 0x00, 0x00, 0x00, 0x00, 0x00, 0x01, 0x82,
  0xA4, 0x52, 0x55, 0xAA, 0xD2, 0x6D, 0x5B, 0x5F, 0xFF, 0xFF, 0xF7, 0xEF, 0xB6, 0xAA, 0x2A, 0x09,
  0x81, 0x20, 0x84, 0xAA, 0x40, 0x00, 0x24, 0xC2, 0x41, 0x45, 0x02, 0x00, 0x20, 0x00, 0x08, 0x01,
  0x80, 0x5B, 0x55, 0x11, 0x15, 0x4A, 0x48, 0xA9, 0xAA, 0x54, 0x62, 0x75, 0xAE, 0x86, 0x00, 0x00,
  0x10, 0x20, 0x02, 0x00, 0x00, 0x04, 0x08, 0x00, 0x00, 0x00, 0x40, 0x00, 0x04, 0x20, 0x01, 0x00,
  0x80, 0x11, 0x01, 0x00, 0x00, 0x04, 0x00, 0x00, 0x10, 0x02, 0x08, 0x04, 0x02, 0x20, 0x80, 0x00,
  0x08, 0x08, 0x82, 0x00, 0x01, 0x80, 0x00, 0x00, 0x08, 0x08, 0x00, 0x01, 0x02, 0x01, 0x02, 0x00,
  0x21, 0x00, 0x01, 0x21, 0x00, 0x00, 0x20, 0x01, 0x00, 0x22, 0x08, 0x90, 0x00, 0x01, 0x10, 0x00,
  0x00, 0x08, 0x00, 0x00, 0x02, 0x00, 0x00, 0x00, 0x00, 0x00, 0x00, 0x08, 0x25, 0xA9, 0xAA, 0xD0,
  0x52, 0x55, 0x15, 0x29, 0x89, 0x04, 0x41, 0x52, 0x2A, 0x95, 0x28, 0x00, 0xAA, 0x2A, 0x20, 0x80,
  0xA1, 0x04, 0x00, 0x24, 0x00, 0x80, 0x00, 0x40, 0x00, 0x57, 0xA5, 0xAA, 0xA0, 0x92, 0x52, 0x8B,
  0x44, 0x8A, 0x54, 0x4D, 0x79, 0x0F, 0x00, 0x84, 0x00, 0x00, 0x20, 0x04, 0x11, 0x01, 0x00, 0x00,
  0x00, 0x49, 0x10, 0x00, 0x40, 0x04, 0x00, 0x01, 0x80, 0x00, 0x00, 0x10, 0x00, 0x40, 0x00, 0x00,
  0x04, 0x00, 0x00, 0x01, 0x00, 0x00, 0x20, 0x88, 0x00, 0x00, 0x20, 0x00, 0x00, 0x00, 0x20, 0x01,
  0x00, 0x00, 0x01, 0x80, 0x00, 0x40, 0x00, 0x40, 0x00, 0x00, 0x00, 0x00, 0x00, 0x00, 0x80, 0x09,
  0x20, 0x00, 0x00, 0x00, 0x20, 0x10, 0x04, 0x00, 0x20, 0x01, 0x49, 0x82, 0x90, 0x48, 0x90, 0xA0,
  0x94, 0x4A, 0x2A, 0x21, 0x48, 0x02, 0x44, 0x4B, 0x95, 0xAA, 0xAA, 0x92, 0x54, 0x75, 0x95, 0x94,
  0x48, 0x00, 0x02, 0x90, 0x04, 0x80, 0x20, 0x92, 0x51, 0x06, 0x00, 0x00, 0x04, 0x12, 0x00, 0x00,
  0x08, 0x5C, 0x2D, 0x45, 0x4D, 0x24, 0x25, 0xAA, 0x2A, 0x59, 0x95, 0x59, 0xD7, 0x39, 0x08, 0x01,
  0x00, 0x08, 0x00, 0x00, 0x00, 0x00, 0x02, 0x88, 0x40, 0x00, 0x04, 0x48, 0x00, 0x00, 0x20, 0x00,
  0x84, 0x01, 0x20, 0x04, 0x49, 0x00, 0x24, 0x84, 0x00, 0x00, 0x02, 0x00, 0x10, 0x08, 0x02, 0x00,
  0x00, 0x00, 0x00, 0x08, 0x08, 0x21, 0x00, 0x20, 0x00, 0x00, 0x00, 0x00, 0x20, 0x00, 0x10, 0x11,
  0x08, 0x40, 0x20, 0x08, 0x11, 0x22, 0x04, 0x01, 0x00, 0x00, 0x00, 0x04, 0x00, 0x00, 0x00, 0x49,
  0x02, 0x40, 0x00, 0x10, 0x00, 0x00, 0x00, 0x04, 0x00, 0x00, 0x00, 0x4A, 0xA5, 0x54, 0xA9, 0x28,
  0x55, 0x55, 0xA9, 0x56, 0xA5, 0x84, 0x28, 0x22, 0x11, 0xA5, 0x80, 0x04, 0x00, 0x08, 0x24, 0x80,
  0x11, 0x04, 0x80, 0x00, 0x80, 0x00, 0x10, 0x00, 0x00, 0x70, 0x49, 0x29, 0x92, 0x4A, 0xD4, 0x5A,
  0x49, 0x22, 0x55, 0x56, 0x55, 0x6F, 0x00, 0x00, 0x00, 0x02, 0x01, 0x00, 0x00, 0x80, 0x00, 0x01,
  0x08, 0x00, 0x00, 0x00, 0x10, 0x00, 0x08, 0x40, 0xC0, 0x40, 0x08, 0x01, 0x00, 0x10, 0x00, 0x00,
  0x80, 0x20, 0x40, 0x80, 0x00, 0x01, 0x00, 0x00, 0x00, 0x81, 0x00, 0x40, 0x00, 0x00, 0x08, 0x00,
  0x82, 0x20, 0x20, 0x10, 0x00, 0x10, 0x00, 0x00, 0x00, 0x12, 0x08, 0x00, 0x00, 0x00, 0x80, 0x81,
  0x04, 0x00, 0x02, 0x01, 0x02, 0x00, 0x01, 0x00, 0x00, 0x00, 0x00, 0x00, 0x00, 0x00, 0x22, 0x40,
  0x22, 0x48, 0xA2, 0x00, 0x00, 0x80, 0x42, 0x52, 0x29, 0x49, 0x52, 0x24, 0x49, 0x52, 0x42, 0x44,
  0x42, 0x08, 0x14, 0x00, 0x91, 0x40, 0x20, 0xC5, 0xA9, 0x84, 0x08, 0x00, 0x01, 0x00, 0x82, 0x04,
  0x01, 0xE0, 0x2A, 0x52, 0xA5, 0x50, 0x89, 0xAA, 0x56, 0x6A, 0x51, 0x55, 0xB5, 0xF6, 0x40, 0x20,
  0x44, 0x00, 0x00, 0x21, 0x84, 0x20, 0x40, 0x00, 0x00, 0x00, 0x00, 0x02, 0x02, 0x80, 0x00, 0x10,
  0x80, 0x11, 0x00, 0x00, 0x00, 0x02, 0x00, 0x01, 0x00, 0x08, 0x00, 0x20, 0x00, 0x00, 0x00, 0x22,
  0x44, 0x10, 0x08, 0x02, 0x40, 0x08, 0x02, 0x04, 0x20, 0x08, 0x08, 0x02, 0x00, 0x02, 0x02, 0x00,
  0x00, 0x00, 0x00, 0x00, 0x80, 0x00, 0x81, 0x01, 0x00, 0x89, 0x40, 0x80, 0x00, 0x02, 0x00, 0x00,
  0x20, 0x08, 0x00, 0x00, 0x00, 0x01, 0x00, 0x11, 0x00, 0x02, 0x00, 0x90, 0x48, 0x12, 0x08, 0x00,
  0x00, 0x22, 0x84, 0x12, 0x12, 0x00, 0x04, 0x11, 0x08, 0x00, 0x80, 0x24, 0x00, 0x00, 0x20, 0x80,
  0x11, 0x02, 0x00, 0x08, 0x20, 0x80, 0x00, 0x20, 0x20, 0x81, 0xD7, 0x24, 0x28, 0x25, 0x35, 0x6A,
  0x89, 0x92, 0x56, 0x55, 0xA5, 0xDD, 0x03, 0x00, 0x00, 0x00, 0x48, 0x00, 0x00, 0x08, 0x00, 0x00,
  0x00, 0x40, 0x80, 0x00, 0x00, 0x09, 0x00, 0x04, 0x00, 0x01, 0x00, 0x00, 0x00, 0x00, 0x02, 0x20,
  0x10, 0x00, 0x08, 0x08, 0x44, 0x40, 0x88, 0x00, 0x00, 0x00, 0x80, 0x00, 0x02, 0x00, 0x00, 0x81,
  0x00, 0x00, 0x02, 0x00, 0x42, 0x00, 0x40, 0x04, 0x42, 0x00, 0x00, 0x21, 0x04, 0x10, 0xC0, 0x10,
  0x40, 0x00, 0x00, 0x00, 0x20, 0x20, 0x20, 0x00, 0x04, 0x02, 0x88, 0x44, 0x4A, 0x48, 0x44, 0x00,
  0x88, 0x80, 0x14, 0x05, 0x02, 0x48, 0xA2, 0x2A, 0x55, 0x89, 0x10, 0x40, 0x40, 0x95, 0x28, 0x84,
  0x20, 0x49, 0x09, 0x00, 0x00, 0x04, 0x22, 0xA2, 0x15, 0x04, 0x00, 0x02, 0x00, 0x10, 0x00, 0x00,
  0x00, 0x00, 0x1C, 0x55, 0xA3, 0x54, 0x52, 0x55, 0xAB, 0x24, 0xA5, 0xFA, 0x7F, 0xAB, 0x07, 0x00,
  0x01, 0x20, 0x00, 0x00, 0x01, 0x00, 0x10, 0x20, 0x02, 0x12, 0x04, 0x40, 0x00, 0x00, 0x00, 0x01,
  0x12, 0x03, 0x02, 0x20, 0x89, 0x80, 0x20, 0x00, 0x02, 0x00, 0x01, 0x02, 0x00, 0x10, 0x00, 0x00,
  0x01, 0x00, 0x00, 0x80, 0x00, 0x00, 0x40, 0x00, 0x00, 0x00, 0x00, 0x40, 0x10, 0x80, 0x00, 0x40,
  0x00, 0x00, 0x01, 0x08, 0x00, 0x00, 0xC8, 0x00, 0x00, 0x00, 0x00, 0x10, 0x88, 0x08, 0x85, 0x2A,
  0x49, 0xA0, 0x11, 0x91, 0x10, 0x91, 0x08, 0x55, 0x25, 0x55, 0xA2, 0x50, 0xA9, 0x92, 0x24, 0x49,
  0x22, 0x52, 0xA5, 0x55, 0xAD, 0xEA, 0xEB, 0x6D, 0x4D, 0x95, 0xB2, 0xAB, 0xAB, 0x50, 0xA8, 0x88,
  0x45, 0x46, 0x20, 0x40, 0x04, 0x04, 0x20, 0x00, 0x08, 0x00, 0xF8, 0xA4, 0x94, 0x82, 0x4A, 0x55,
  0x55, 0x55, 0x59, 0x2F, 0xD1, 0xFF, 0x0D, 0x42, 0x00, 0x08, 0x02, 0x10, 0x20, 0x00, 0x04, 0x08,
  0x20, 0x00, 0x00, 0x00, 0x20, 0x00, 0x22, 0x00, 0x00, 0x07, 0x20, 0x02, 0x00, 0x00, 0x00, 0x00,
  0x00, 0x01, 0x00, 0x00, 0x00, 0x00, 0x00, 0x00, 0x00, 0x80, 0x10, 0x20, 0x20, 0x84, 0x00, 0x00,
  0x08, 0x00, 0x00, 0x00, 0x00, 0x20, 0x00, 0x00, 0x00, 0x08, 0x20, 0x00, 0x00, 0x04, 0x60, 0x04,
  0x11, 0x00, 0x08, 0x84, 0x00, 0x00, 0x00, 0x00, 0x00, 0x08, 0x40, 0x00, 0x00, 0x00, 0x42, 0x00,
  0x00, 0x00, 0x09, 0x0A, 0x42, 0x04, 0x01, 0x92, 0x88, 0x00, 0x08, 0x08, 0x11, 0x10, 0x04, 0x00,
  0x00, 0x00, 0x00, 0x00, 0x00, 0x02, 0x21, 0x82, 0x09, 0x04, 0x04, 0x00, 0x00, 0x01, 0x08, 0x02,
  0x01, 0x04, 0xC0, 0x2B, 0x55, 0xB4, 0x54, 0xA9, 0x2A, 0x95, 0xF6, 0x00, 0x00, 0x40, 0x9F, 0x00,
  0x90, 0x00, 0x00, 0x04, 0x00, 0x02, 0x01, 0x02, 0x00, 0x00, 0x20, 0x08, 0x04, 0x20, 0x00, 0x00,
  0x00, 0x5C, 0x08, 0x00, 0x00, 0x08, 0x00, 0x92, 0x40, 0x48, 0x20, 0x00, 0x11, 0x01, 0x09, 0x12,
  0x90, 0x24, 0x04, 0x04, 0x08, 0x21, 0x08, 0x10, 0x82, 0x24, 0x21, 0x09, 0x00, 0x04, 0x88, 0x08,
  0x88, 0x40, 0x08, 0x00, 0x91, 0x40, 0x7A, 0x00, 0x00, 0x90, 0x80, 0x00, 0x00, 0x00, 0x00, 0x00,
  0x00, 0x02, 0x00, 0x00, 0x04, 0x00, 0x00, 0x00, 0x40, 0x00, 0x00, 0x00, 0x00, 0x20, 0x48, 0x00,
  0x00, 0x48, 0x42, 0x42, 0x44, 0x02, 0x00, 0x00, 0x20, 0x00, 0x04, 0x00, 0x00, 0x00, 0x20, 0x80,
  0x45, 0x02, 0x00, 0x00, 0x20, 0x00, 0x02, 0x20, 0x00, 0x41, 0x00, 0x7E, 0x49, 0x25, 0x25, 0x55,
  0x55, 0xA9, 0x0F, 0x00, 0x00, 0x00, 0x0A, 0x00, 0x00, 0x00, 0x00, 0x00, 0x08, 0x40, 0x00, 0x00,
  0x00, 0x00, 0x01, 0x02, 0x00, 0x04, 0x00, 0x40, 0x00, 0xF8, 0xFF, 0xFF, 0xFF, 0xFF, 0xFF, 0xFF,
  0xFF, 0xFF, 0xFF, 0xFF, 0xFF, 0xFF, 0xFF, 0xFF, 0xFF, 0xFF, 0xFF, 0xFF, 0xFF, 0xFF, 0xFF, 0xFF,
  0xFF, 0xFF, 0xFF, 0xFF, 0xFF, 0xFF, 0xFF, 0xFF, 0xFF, 0xFF, 0xFF, 0xFF, 0xFF, 0xFF, 0x1F, 0x00,
  0x00, 0x02, 0x00, 0x00, 0x00, 0x21, 0x08, 0x40, 0x80, 0x00, 0x04, 0x24, 0x80, 0x44, 0x00, 0x10,
  0x11, 0x24, 0x80, 0x40, 0x00, 0x80, 0x00, 0x49, 0x12, 0x01, 0x10, 0x10, 0x00, 0x48, 0x92, 0xAA,
  0x8A, 0x4A, 0x21, 0x11, 0x48, 0x00, 0x20, 0xC2, 0x01, 0x04, 0x00, 0x11, 0x01, 0x80, 0x00, 0x00,
  0x40, 0x00, 0x00, 0xD0, 0xB6, 0xAA, 0x52, 0x6D, 0x49, 0x77, 0x00, 0x04, 0x00, 0x00, 0x00, 0x10,
  0x00, 0x80, 0x20, 0x00, 0x01, 0x10, 0x80, 0x00, 0x09, 0x11, 0x00, 0x80, 0x00, 0x01, 0x00, 0x08,
  0x44, 0x40, 0x55, 0x55, 0x55, 0x55, 0x55, 0x55, 0x55, 0x55, 0x55, 0x55, 0x55, 0x55, 0x55, 0x55,
  0x55, 0x55, 0x55, 0x55, 0x55, 0x55, 0x55, 0x55, 0x55, 0x55, 0x55, 0x55, 0x55, 0x55, 0x55, 0x55,
  0x55, 0x55, 0x55, 0x55, 0x55, 0x55, 0x05, 0x20, 0x04, 0x00, 0x10, 0x00, 0x12, 0x00, 0x42, 0x04,
  0x24, 0x00, 0x01, 0x00, 0x00, 0x00, 0x00, 0x02, 0x00, 0x00, 0x22, 0x08, 0x55, 0x15, 0xAA, 0x90,
  0x44, 0x4A, 0x82, 0x04, 0x11, 0x01, 0x00, 0x00, 0x00, 0x00, 0x00, 0x80, 0x00, 0x24, 0x29, 0x90,
  0x41, 0x46, 0x44, 0x00, 0x00, 0x00, 0x00, 0x01, 0x00, 0x00, 0x02, 0x00, 0x8C, 0x2F, 0x49, 0x52,
  0xB5, 0x0D, 0x00, 0x40, 0x04, 0x10, 0x00, 0x00, 0x01, 0x22, 0x08, 0x41, 0x00, 0x01, 0x20, 0x40,
  0x00, 0x00, 0x08, 0x00, 0x40, 0x00, 0x89, 0x00, 0x00, 0x00, 0x00, 0x00, 0x00, 0x00, 0x00, 0x00,
  0x00, 0x00, 0x00, 0x00, 0x00, 0x00, 0x00, 0x00, 0x00, 0x00, 0x00, 0x00, 0x00, 0x00, 0x00, 0x00,
  0x00, 0x00, 0x00, 0x00, 0x00, 0x00, 0x00, 0x00, 0x00, 0x00, 0x00, 0x00, 0x00, 0x00, 0x00, 0x08,
  0x40, 0x00, 0x04, 0x90, 0x00, 0x08, 0x00, 0x00, 0x00, 0x40, 0x40, 0x00, 0x11, 0x00, 0x24, 0x40,
  0x80, 0x80, 0x00, 0x21, 0x00, 0x40, 0x00, 0x02, 0x10, 0x80, 0x28, 0x00, 0x00, 0x00, 0x01, 0x00,
  0x00, 0x00, 0x00, 0x00, 0x00, 0x00, 0x40, 0x82, 0x01, 0x04, 0x00, 0x00, 0x08, 0x08, 0x40, 0x10,
  0x02, 0x20, 0x10, 0x01, 0x00, 0x78, 0x95, 0xAA, 0x7F, 0x00, 0x00, 0x01, 0x40, 0x02, 0x01, 0x01,
  0x48, 0x00, 0x00, 0x00, 0x40, 0x00, 0x00, 0x00, 0x00, 0x00, 0x80, 0x00, 0x10, 0x40, 0x00, 0x00,
  0x00, 0x04, 0x00, 0x00, 0x00, 0x00, 0x00, 0x00, 0x00, 0x00, 0x00, 0x00, 0x00, 0x00, 0x00, 0x00,
  0x00, 0x00, 0x00, 0x00, 0x00, 0x00, 0x00, 0x00, 0x00, 0x00, 0x00, 0x00, 0x00, 0x00, 0x00, 0x00,
  0x00, 0x00, 0x00, 0x00, 0x00, 0x00, 0x00, 0x02, 0x00, 0x20, 0x00, 0x01, 0x00, 0x00, 0x00, 0x00,
  0x01, 0x00, 0x00, 0x00, 0x00, 0x20, 0x00, 0x00, 0x24, 0x24, 0x48, 0x08, 0x80, 0x10, 0x12, 0x48,
  0x42, 0x11, 0x82, 0x24, 0x25, 0x52, 0x28, 0x89, 0x48, 0x92, 0x24, 0x02, 0x84, 0x00, 0x20, 0x80,
  0x51, 0x04, 0x00, 0x20, 0x80, 0x00, 0x10, 0x00, 0x10, 0x08, 0x00, 0x00, 0x00, 0xC0, 0xFB, 0x7F,
  0x05, 0x00, 0x22, 0x00, 0x00, 0x00, 0x20, 0x20, 0x00, 0x00, 0x00, 0x10, 0x00, 0x00, 0x04, 0x08,
  0x40, 0x84, 0x00, 0x08, 0x04, 0x00, 0x00, 0x40, 0x04, 0x01, 0x00, 0x00, 0x00, 0x00, 0x00, 0x00,
  0x00, 0x00, 0x00, 0x00, 0x00, 0x00, 0x00, 0x00, 0x00, 0x00, 0x00, 0x00, 0x00, 0x00, 0x00, 0x00,
  0x00, 0x00, 0x00, 0x00, 0x00, 0x00, 0x00, 0x00, 0x00, 0x00, 0x00, 0x00, 0x00, 0x00, 0x00, 0x00,
  0x02, 0x04, 0x00, 0x00, 0x80, 0x80, 0x00, 0x48, 0x00, 0x08, 0x10, 0x12, 0x80, 0x04, 0x81, 0x24,
  0x00, 0x00, 0x00, 0x80, 0x24, 0x04, 0x40, 0x82, 0x14, 0x44, 0x14, 0x49, 0x48, 0x09, 0x82, 0x20,
  0x02, 0x00, 0x00, 0x20, 0x00, 0x00, 0x20, 0xC2, 0x01, 0x02, 0x02, 0x04, 0x02, 0x40, 0x04, 0x80,
  0x00, 0x01, 0x00, 0x88, 0x20, 0x00, 0x40, 0x00, 0x00, 0x80, 0x00, 0x10, 0x01, 0x00, 0x08, 0x08,
  0x00, 0x10, 0x00, 0x00, 0x08, 0x20, 0x00, 0x00, 0x10, 0x00, 0x10, 0x80, 0x00, 0x10, 0x00, 0x11,
  0x40, 0x40, 0x00, 0x10, 0x42, 0x00, 0x00, 0x00, 0x00, 0x00, 0x00, 0x00, 0x00, 0x00, 0x00, 0x00,
  0x02, 0x00, 0x00, 0x80, 0x00, 0x00, 0x40, 0x08, 0x00, 0x00, 0x00, 0x40, 0x08, 0x01, 0x00, 0x00,
  0x00, 0x00, 0x00, 0x22, 0x00, 0x00, 0x20, 0x00, 0x00, 0x01, 0x01, 0x00, 0x20, 0x20, 0x88, 0x00,
  0x00, 0x01, 0x04, 0x00, 0x11, 0x00, 0x10, 0x00, 0x02, 0x01, 0x11, 0x02, 0x00, 0x40, 0x89, 0x10,
  0x00, 0x11, 0x21, 0x10, 0x05, 0x44, 0x24, 0x0A, 0x88, 0x00, 0x00, 0x00, 0x21, 0x88, 0x28, 0x80,
  0x41, 0x44, 0x40, 0x00, 0x00, 0x10, 0x00, 0x20, 0x00, 0x00, 0x42, 0x00, 0x04, 0x04, 0x00, 0x00,
  0x00, 0x22, 0x00, 0x00, 0x10, 0x10, 0x02, 0x00, 0x00, 0x02, 0x12, 0x01, 0x02, 0x08, 0x80, 0x80,
  0x04, 0x00, 0x04, 0x00, 0x00, 0x04, 0x10, 0x00, 0x00, 0x00, 0x24, 0x01, 0x00, 0x24, 0x22, 0x49,
  0x12, 0x11, 0x49, 0x92, 0x44, 0x92, 0x88, 0x88, 0x20, 0x11, 0x91, 0x24, 0x48, 0x12, 0x09, 0x80,
  0x24, 0x89, 0x88, 0x04, 0x00, 0x90, 0x24, 0x49, 0x12, 0x49, 0x22, 0x00, 0x22, 0x12, 0x09, 0x80,
  0x20, 0x00, 0x20, 0x24, 0x02, 0x04, 0x00, 0x00, 0x10, 0x00, 0x01, 0x00, 0x00, 0x40, 0x00, 0x00,
  0x20, 0x10, 0x00, 0x10, 0x81, 0x00, 0x00, 0x00, 0x40, 0x00, 0x84, 0x04, 0x00, 0x00, 0x00, 0x80,
  0x00, 0x24, 0x49, 0x04, 0x00, 0x00, 0x40, 0x84, 0x01, 0x06, 0x00, 0x00, 0x20, 0x02, 0x00, 0x02,
  0x40, 0x80, 0x00, 0x00, 0x00, 0x00, 0x08, 0x04, 0x80, 0x00, 0x80, 0x00, 0x00, 0x81, 0x00, 0x00,
  0x12, 0x00, 0x00, 0x80, 0x00, 0x02, 0x22, 0x00, 0x00, 0x10, 0x01, 0x21, 0x00, 0x01, 0x04, 0x00,
  0x08, 0x00, 0x00, 0x80, 0x10, 0x00, 0x00, 0x00, 0x00, 0x00, 0x00, 0x00, 0x00, 0x00, 0x00, 0x00,
  0x00, 0x00, 0x00, 0x00, 0x00, 0x00, 0x00, 0x02, 0x00, 0x00, 0x00, 0x00, 0x42, 0x00, 0x00, 0x00,
  0x00, 0x00, 0x00, 0x00, 0x00, 0x00, 0x00, 0x22, 0x00, 0x00, 0x08, 0x00, 0x00, 0x00, 0x00, 0x00,
  0x00, 0x40, 0x00, 0x01, 0x00, 0x08, 0x00, 0x42, 0x00, 0x00, 0x80, 0x00, 0x28, 0x04, 0x10, 0x22,
  0x15, 0x44, 0x00, 0x00, 0x20, 0x00, 0x00, 0x00, 0x00, 0x00, 0x00, 0x00, 0x00, 0x02, 0x20, 0xC0,
  0x21, 0x04, 0x10, 0x20, 0x08, 0x00, 0x00, 0x00, 0x08, 0x20, 0x00, 0x22, 0x80, 0x40, 0x00, 0x40,
  0x10, 0x00, 0x10, 0x08, 0x04, 0x00, 0x00, 0x81, 0x00, 0x80, 0x00, 0x08, 0x80, 0x00, 0x00, 0x08,
  0x00, 0x02, 0x00, 0x00, 0x40, 0x00, 0x00, 0x04, 0x01, 0x08, 0x01, 0x00, 0x00, 0x00, 0x00, 0x00,
  0x00, 0x00, 0x00, 0x00, 0x00, 0x00, 0x00, 0x00, 0x00, 0x00, 0x00, 0x00, 0x00, 0x00, 0x00, 0x00,
  0x00, 0x00, 0x00, 0x00, 0x00, 0x00, 0x00, 0x00, 0x00, 0x00, 0x00, 0x04, 0x00, 0x00, 0x00, 0x00,
  0x00, 0x20, 0x00, 0x00, 0x00, 0x00, 0x04, 0x22, 0x02, 0x10, 0x40, 0x10, 0x84, 0x00, 0x88, 0x00,
  0x08, 0x84, 0x24, 0x40, 0x00, 0x90, 0x84, 0x00, 0x00, 0x00, 0x12, 0x21, 0x09, 0x11, 0x01, 0x00,
  0x20, 0x00, 0x00, 0x40, 0x84, 0x00, 0x22, 0x82, 0x01, 0x02, 0x04, 0x02, 0x01, 0x00, 0x91, 0x00,
  0x02, 0x08, 0x10, 0x00, 0x02, 0x10, 0x80, 0x00, 0x04, 0x00, 0x04, 0x80, 0x00, 0x00, 0x40, 0x10,
  0x80, 0x20, 0x40, 0x00, 0x00, 0x00, 0x00, 0x00, 0x80, 0x00, 0x00, 0x08, 0x04, 0x80, 0x00, 0x01,
  0x00, 0x01, 0x00, 0x04, 0x00, 0x01, 0x01, 0x00, 0x00, 0x84, 0x00, 0x00, 0x20, 0x00, 0x00, 0x42,
  0x08, 0x44, 0x08, 0x00, 0x02, 0x40, 0x40, 0x40, 0x00, 0x40, 0x44, 0x10, 0x00, 0x08, 0x00, 0x00,
  0x00, 0x00, 0x88, 0x40, 0x08, 0x81, 0x00, 0x00, 0x08, 0x04, 0x02, 0x01, 0x88, 0x80, 0x40, 0x00,
  0x40, 0x04, 0x00, 0x80, 0x00, 0x00, 0x02, 0x10, 0x82, 0x00, 0x00, 0x12, 0x04, 0x00, 0x00, 0x00,
  0x00, 0x01, 0x00, 0x00, 0x00, 0x00, 0x48, 0x92, 0x04, 0x11, 0x02, 0x11, 0x00, 0x40, 0x20, 0x80,
  0x41, 0x44, 0x00, 0x00, 0x00, 0x10, 0x00, 0x10, 0x00, 0x02, 0x00, 0x00, 0x20, 0x00, 0x04, 0x00,
  0x00, 0x88, 0x00, 0x00, 0x40, 0x04, 0x00, 0x00, 0x00, 0x08, 0x10, 0x00, 0x10, 0x40, 0x04, 0x42,
  0x04, 0x00, 0x20, 0x00, 0x00, 0x00, 0x40, 0x40, 0x40, 0x00, 0x20, 0x20, 0x04, 0x20, 0x90, 0x88,
  0x90, 0x00, 0x88, 0x88, 0x08, 0x44, 0x92, 0x00, 0x80, 0x00, 0x00, 0x11, 0x20, 0x02, 0x04, 0x10,
  0x88, 0x08, 0x00, 0x80, 0x10, 0x02, 0x11, 0x21, 0x22, 0x11, 0x01, 0x00, 0x00, 0x10, 0x20, 0x00,
  0x00, 0x01, 0x00, 0x20, 0x01, 0x08, 0x00, 0x00, 0x00, 0x00, 0x10, 0x00, 0x10, 0x49, 0x20, 0x80,
  0x00, 0x10, 0x01, 0x00, 0x80, 0x04, 0x00, 0x48, 0x00, 0x48, 0x40, 0x04, 0x80, 0x20, 0x02, 0x00,
  0x40, 0x80, 0x10, 0x00, 0x20, 0x00, 0x20, 0xA2, 0x01, 0x06, 0x00, 0x00, 0x80, 0x04, 0x00, 0x00,
  0x80, 0x00, 0x80, 0x10, 0x00, 0x04, 0x00, 0x08, 0x00, 0x02, 0x00, 0x11, 0x00, 0x20, 0x02, 0x00,
  0x10, 0x00, 0x00, 0x44, 0x04, 0x10, 0x40, 0x00, 0x00, 0x20, 0x02, 0x02, 0x01, 0x10, 0x10, 0x00,
  0x10, 0x40, 0x08, 0x00, 0x40, 0x00, 0x00, 0x00, 0x00, 0x00, 0x00, 0x00, 0x00, 0x00, 0x00, 0x00,
  0x00, 0x00, 0x02, 0x00, 0x00, 0x00, 0x00, 0x04, 0x00, 0x00, 0x00, 0x04, 0x00, 0x00, 0x00, 0x00,
  0x00, 0x00, 0x00, 0x00, 0x02, 0x00, 0x08, 0x12, 0x01, 0x00, 0x00, 0x08, 0x00, 0x00, 0x00, 0x00,
  0x10, 0x00, 0x04, 0x00, 0x00, 0x00, 0x00, 0x04, 0x20, 0x00, 0x10, 0x00, 0x01, 0x00, 0x20, 0x02,
  0x29, 0x02, 0x0A, 0x20, 0x09, 0x04, 0x00, 0x00, 0x00, 0x00, 0x00, 0x00, 0x02, 0x10, 0x20, 0x80,
  0x21, 0x04, 0x40, 0x88, 0x20, 0x00, 0x04, 0x84, 0x20, 0x00, 0x02, 0x00, 0x01, 0x00, 0x20, 0x80,
  0x80, 0x00, 0x40, 0x00, 0x08, 0x00, 0x20, 0x04, 0x02, 0x02, 0x04, 0x00, 0x00, 0x02, 0x00, 0x00,
  0x40, 0x00, 0x00, 0x00, 0x40, 0x04, 0x04, 0x00, 0x04, 0x00, 0x00, 0x02, 0x00, 0x08, 0x00, 0x00,
  0x04, 0x20, 0x00, 0x00, 0x00, 0x01, 0x00, 0x10, 0x11, 0x00, 0x40, 0x80, 0x00, 0x10, 0x00, 0x01,
  0x00, 0x00, 0x10, 0x00, 0x00, 0x40, 0x00, 0x08, 0x00, 0x00, 0x00, 0x08, 0x40, 0x00, 0x00, 0x00,
  0x40, 0x40, 0x20, 0x00, 0x00, 0x01, 0x04, 0x49, 0x02, 0x00, 0x01, 0x12, 0x04, 0x00, 0x00, 0x00,
  0x00, 0x04, 0x80, 0x24, 0x10, 0xA0, 0x04, 0x00, 0x00, 0x20, 0x00, 0x01, 0x00, 0x80, 0x20, 0x11,
  0x11, 0x04, 0x00, 0x81, 0x00, 0x04, 0x20, 0x82, 0x41, 0x02, 0x11, 0x00, 0x08, 0x80, 0x40, 0x00,
  0x08, 0x80, 0x20, 0x00, 0x80, 0x80, 0x00, 0x02, 0x08, 0x00, 0x10, 0x00, 0x01, 0x00, 0x00, 0x40,
  0x00, 0x00, 0x01, 0x01, 0x80, 0x00, 0x00, 0x00, 0x01, 0x08, 0x80, 0x20, 0x10, 0x00, 0x01, 0x08,
  0x01, 0x08, 0x00, 0x80, 0x00, 0x00, 0x02, 0x20, 0x00, 0x04, 0x22, 0x04, 0x00, 0x00, 0x00, 0x00,
  0x00, 0x24, 0x00, 0x20, 0x08, 0x00, 0x11, 0x00, 0x22, 0x84, 0x04, 0x01, 0x42, 0x00, 0x40, 0x00,
  0x08, 0x08, 0x48, 0x82, 0x00, 0x04, 0x01, 0x00, 0x00, 0x00, 0x04, 0x02, 0x10, 0x20, 0x41, 0x00,
  0x00, 0x11, 0x00, 0x00, 0x01, 0x00, 0x04, 0x01, 0x00, 0x00, 0x01, 0x00, 0x80, 0x04, 0x80, 0x10,
  0x00, 0x00, 0x40, 0x00, 0x20, 0x21, 0x08, 0x00, 0x00, 0x20, 0x40, 0x10, 0x00, 0x01, 0x22, 0xC0,
  0x01, 0x44, 0x00, 0x00, 0x00, 0x00, 0x00, 0x00, 0x00, 0x20, 0x00, 0x04, 0x08, 0x00, 0x08, 0x00,
  0x00, 0x40, 0x04, 0x20, 0x80, 0x08, 0x04, 0x00, 0x80, 0x40, 0x00, 0x00, 0x01, 0x00, 0x12, 0x24,
  0x10, 0x00, 0x08, 0x00, 0x00, 0x00, 0x00, 0x00, 0x00, 0x00, 0x81, 0x20, 0x08, 0x02, 0x20, 0x02,
  0x40, 0x00, 0x00, 0x40, 0x22, 0x90, 0x10, 0x00, 0x00, 0x01, 0x10, 0x04, 0x80, 0x04, 0x00, 0x00,
  0x00, 0x00, 0x00, 0x40, 0x00, 0x04, 0x04, 0x80, 0x00, 0x81, 0x00, 0x00, 0x00, 0x40, 0x80, 0x00,
  0x08, 0x10, 0x00, 0x00, 0x02, 0x00, 0x00, 0x00, 0x00, 0x00, 0x80, 0x00, 0x80, 0x88, 0x00, 0x20,
  0x82, 0x40, 0x10, 0x00, 0x02, 0x00, 0x00, 0x00, 0x81, 0x08, 0x11, 0x10, 0x01, 0x00, 0x00, 0x00,
  0x00, 0x00, 0x02, 0x00, 0x20, 0x00, 0x20, 0x92, 0x21, 0x06, 0x00, 0x22, 0x00, 0x08, 0x00, 0x20,
  0x00, 0x08, 0x00, 0x40, 0x00, 0x10, 0x00, 0x00, 0x02, 0x10, 0x00, 0x04, 0x00, 0x80, 0x80, 0x10,
  0x20, 0x10, 0x40, 0x20, 0x20, 0x80, 0x00, 0x01, 0x00, 0x80, 0x00, 0x00, 0x02, 0x40, 0x00, 0x41,
  0x00, 0x01, 0x10, 0x00, 0x80, 0x80, 0x00, 0x00, 0x02, 0x00, 0x00, 0x00, 0x00, 0x00, 0x00, 0x21,
  0x04, 0x00, 0x01, 0x00, 0x00, 0x00, 0x00, 0x40, 0x00, 0x00, 0x00, 0x10, 0x00, 0x00, 0x00, 0x04,
  0x40, 0x00, 0x00, 0x00, 0x10, 0x01, 0x00, 0x88, 0x00, 0x04, 0x00, 0x80, 0x00, 0x04, 0x00, 0x00,
  0x20, 0x00, 0x00, 0x00, 0x00, 0x00, 0x40, 0x00, 0x10, 0x00, 0x00, 0x42, 0x00, 0x00, 0x04, 0x00,
  0x10, 0x00, 0x00, 0x00, 0x00, 0x00, 0x00, 0x44, 0x08, 0x01, 0x00, 0x00, 0x08, 0x80, 0x20, 0x80,
  0x41, 0x04, 0x00, 0x00, 0x02, 0x01, 0x44, 0x04, 0x02, 0x01, 0x00, 0x01, 0x00, 0x04, 0x80, 0x90,
  0x40, 0x04, 0x00, 0x00, 0x10, 0x00, 0x00, 0x00, 0x04, 0x00, 0x00, 0x08, 0x00, 0x10, 0x00, 0x00,
  0x00, 0x01, 0x00, 0x84, 0x00, 0x02, 0x40, 0x00, 0x40, 0x40, 0x00, 0x00, 0x00, 0x00, 0x00, 0x10,
  0x00, 0x20, 0x08, 0x01, 0x00, 0x04, 0x04, 0x08, 0x40, 0x00, 0x00, 0x00, 0x04, 0x80, 0x40, 0x04,
  0x80, 0x10, 0x00, 0x00, 0x10, 0x41, 0x00, 0x01, 0x00, 0x00, 0x00, 0x00, 0x04, 0x00, 0x10, 0x00,
  0x00, 0x01, 0x42, 0x20, 0x40, 0x00, 0x10, 0x20, 0x04, 0x40, 0x08, 0x20, 0x20, 0x00, 0x00, 0x00,
  0x00, 0x08, 0x80, 0x00, 0x20, 0x20, 0x20, 0x42, 0x00, 0x00, 0x00, 0x04, 0x08, 0x04, 0x02, 0x01,
  0x00, 0x00, 0x10, 0x04, 0x02, 0x00, 0x20, 0x82, 0x01, 0x02, 0x44, 0x00, 0x40, 0x40, 0x00, 0x00,
  0x20, 0x00, 0x24, 0x00, 0x44, 0x00, 0x01, 0x00, 0x00, 0x00, 0x80, 0x00, 0x02, 0x04, 0x20, 0x04,
  0x01, 0x00, 0x08, 0x00, 0x08, 0x04, 0x00, 0x00, 0x02, 0x10, 0x10, 0x01, 0x40, 0x00, 0x10, 0x10,
  0x10, 0x10, 0x00, 0x04, 0x02, 0x20, 0x10, 0x02, 0x20, 0x02, 0x01, 0x10, 0x00, 0x01, 0x00, 0x00,
  0x00, 0x20, 0x80, 0x80, 0x80, 0x20, 0x08, 0x00, 0x24, 0x00, 0x91, 0x00, 0x00, 0x00, 0x10, 0x00,
  0x02, 0x10, 0x12, 0x11, 0x01, 0x10, 0x04, 0x00, 0x40, 0x00, 0x00, 0x04, 0x00, 0x40, 0x04, 0x02,
  0x00, 0x12, 0x00, 0x04, 0x04, 0x20, 0x08, 0x88, 0x00, 0x00, 0x04, 0x00, 0x08, 0x02, 0x00, 0x00,
  0x00, 0x22, 0x02, 0x80, 0x80, 0x40, 0x40, 0x00, 0x00, 0x90, 0x00, 0x41, 0x00, 0x08, 0x20, 0x80,
  0x21, 0x84, 0x00, 0x00, 0x10, 0x00, 0x00, 0x00, 0x00, 0x00, 0x00, 0x10, 0x01, 0x00, 0x10, 0x00,
  0x00, 0x00, 0x09, 0x40, 0x00, 0x41, 0x08, 0x00, 0x00, 0x02, 0x02, 0x00, 0x00, 0x00, 0x10, 0x20,
  0x20, 0x00, 0x02, 0x00, 0x10, 0x10, 0x02, 0x00, 0x04, 0x00, 0x08, 0x41, 0x20, 0x00, 0x00, 0x00,
  0x01, 0x00, 0x00, 0x00, 0x44, 0x00, 0x01, 0x00, 0x01, 0x08, 0x08, 0x08, 0x00, 0x00, 0x00, 0x00,
  0x01, 0x00, 0x00, 0x08, 0x02, 0x10, 0x04, 0x20, 0x10, 0x04, 0x00, 0x00, 0x00, 0x04, 0x01, 0x21,
  0x04, 0x00, 0x00, 0x00, 0x10, 0x10, 0x00, 0x00, 0x00, 0x00, 0x80, 0x00, 0x01, 0x04, 0x02, 0x02,
  0x80, 0x00, 0x01, 0x10, 0x02, 0x00, 0x01, 0x10, 0x84, 0x00, 0x20, 0x01, 0x00, 0x00, 0x00, 0x00,
  0x21, 0x04, 0x00, 0x00, 0x00, 0x01, 0x24, 0xC9, 0x41, 0x06, 0x00, 0x24, 0x04, 0x00, 0x08, 0x41,
  0x08, 0x20, 0x00, 0x00, 0x00, 0x00, 0x00, 0x02, 0x10, 0x00, 0x00, 0x08, 0x00, 0x00, 0x00, 0x00,
  0x80, 0x20, 0x00, 0x01, 0x81, 0x00, 0x02, 0x09, 0x00, 0x80, 0x00, 0x20, 0x00, 0x00, 0x00, 0x00,
  0x00, 0x00, 0x00, 0x00, 0x00, 0x04, 0x02, 0x00, 0x00, 0x00, 0x40, 0x00, 0x01, 0x40, 0x40, 0x00,
  0x10, 0x02, 0x00, 0x00, 0x20, 0x08, 0x00, 0x21, 0x00, 0x04, 0x00, 0x80, 0x00, 0x00, 0x00, 0x00,
  0x00, 0x01, 0x00, 0x00, 0x80, 0x00, 0x00, 0x00, 0x00, 0x40, 0x08, 0x01, 0x04, 0x02, 0x00, 0x40,
  0x20, 0x00, 0x22, 0x00, 0x00, 0x00, 0x00, 0x00, 0x08, 0x40, 0x00, 0x00, 0x00, 0x00, 0x80, 0x00,
  0x00, 0x00, 0x00, 0x20, 0x10, 0x00, 0x10, 0x20, 0x00, 0x00, 0x00, 0x00, 0x00, 0x40, 0x20, 0x80,
  0x01, 0x04, 0x00, 0x01, 0x01, 0x08, 0x01, 0x10, 0x00, 0x02, 0x02, 0x02, 0x00, 0x11, 0x01, 0x20,
  0x04, 0x11, 0x00, 0x02, 0x20, 0x00, 0x00, 0x20, 0x10, 0x00, 0x40, 0x10, 0x00, 0x40, 0x00, 0x00,
  0x00, 0x02, 0x00, 0x00, 0x02, 0x00, 0x00, 0x84, 0x00, 0x04, 0x01, 0x00, 0x00, 0x00, 0x40, 0x10,
  0x08, 0x11, 0x10, 0x44, 0x00, 0x00, 0x00, 0x22, 0x00, 0x00, 0x02, 0x02, 0x04, 0x00, 0x44, 0x00,
  0x00, 0x40, 0x00, 0x00, 0x20, 0x01, 0x81, 0x08, 0x00, 0x80, 0x00, 0x40, 0x00, 0x00, 0x00, 0x08,
  0x00, 0x00, 0x00, 0x00, 0x01, 0x00, 0x40, 0x04, 0x02, 0x00, 0x00, 0x00, 0x80, 0x00, 0x80, 0x00,
  0x02, 0x08, 0x20, 0x02, 0x00, 0x48, 0x08, 0x00, 0x00, 0x80, 0x08, 0x00, 0x04, 0x08, 0x04, 0x08,
  0x08, 0x01, 0x24, 0x00, 0x10, 0x00, 0x20, 0x82, 0x51, 0x02, 0x08, 0x00, 0x00, 0x02, 0x40, 0x00,
  0x00, 0x00, 0x20, 0x00, 0x10, 0x00, 0x20, 0x00, 0x00, 0x00, 0x20, 0x00, 0x08, 0x10, 0x02, 0x09,
  0x02, 0x00, 0x00, 0x00, 0x10, 0x08, 0x00, 0x00, 0x42, 0x20, 0x20, 0x02, 0x00, 0x41, 0x40, 0x00,
  0x00, 0x01, 0x20, 0x10, 0x08, 0x41, 0x00, 0x04, 0x02, 0x80, 0x04, 0x00, 0x00, 0x10, 0x00, 0x00,
  0x00, 0x00, 0x40, 0x40, 0x00, 0x00, 0x01, 0x00, 0x00, 0x01, 0x44, 0x04, 0x00, 0x00, 0x00, 0x00,
  0x41, 0x00, 0x48, 0x12, 0x08, 0x40, 0x20, 0x00, 0x11, 0x04, 0x02, 0x20, 0x00, 0x00, 0x11, 0x00,
  0x00, 0x42, 0x00, 0x10, 0x20, 0x40, 0x20, 0x40, 0x00, 0x02, 0x00, 0x40, 0x40, 0x02, 0x00, 0x08,
  0x11, 0x08, 0x00, 0x08, 0x00, 0x81, 0x00, 0x02, 0x00, 0x00, 0x01, 0x92, 0x04, 0x08, 0x20, 0xC0,
  0x01, 0x24, 0x01, 0x00, 0x00, 0x00, 0x00, 0x00, 0x42, 0x40, 0x00, 0x20, 0x01, 0x00, 0x08, 0x04,
  0x01, 0x80, 0x04, 0x00, 0x02, 0x04, 0x40, 0x00, 0x00, 0x10, 0x09, 0x00, 0x04, 0x00, 0x20, 0x80,
  0x10, 0x00, 0x00, 0x40, 0x40, 0x10, 0x04, 0x00, 0x48, 0x40, 0x00, 0x02, 0x01, 0x00, 0x10, 0x00,
  0x00, 0x00, 0x00, 0x00, 0x20, 0x04, 0x08, 0x00, 0x42, 0x40, 0x00, 0x00, 0x00, 0x41, 0x00, 0x08,
  0x44, 0x00, 0x00, 0x00, 0x00, 0x08, 0x00, 0x00, 0x10, 0x20, 0x00, 0x00, 0x00, 0x11, 0x08, 0x02,
  0x00, 0x01, 0x40, 0x00, 0x80, 0x20, 0x00, 0x00, 0x80, 0x00, 0x00, 0x04, 0x01, 0x10, 0x08, 0x10,
  0x40, 0x00, 0x00, 0x00, 0x04, 0x00, 0x00, 0x02, 0x00, 0x01, 0x00, 0x01, 0x01, 0x00, 0x00, 0x00,
  0x02, 0x20, 0x00, 0x00, 0x00, 0x01, 0x22, 0x92, 0x41, 0x06, 0x40, 0x40, 0x40, 0x40, 0x08, 0x00,
  0x00, 0x08, 0x00, 0x08, 0x00, 0x44, 0x00, 0x00, 0x00, 0x02, 0x00, 0x40, 0x00, 0x00, 0x10, 0x00,
  0x00, 0x02, 0x00, 0x40, 0x00, 0x01, 0x04, 0x02, 0x00, 0x00, 0x04, 0x10, 0x10, 0x00, 0x00, 0x10,
  0x02, 0x00, 0x00, 0x00, 0x00, 0x10, 0x04, 0x80, 0x40, 0x08, 0x00, 0x02, 0x00, 0x00, 0x80, 0x10,
  0x00, 0x04, 0x10, 0x00, 0x40, 0x10, 0x00, 0x80, 0x00, 0x00, 0x01, 0x40, 0x04, 0x40, 0x08, 0x00,
  0x00, 0x08, 0x00, 0x00, 0x40, 0x00, 0x00, 0x00, 0x00, 0x40, 0x00, 0x04, 0x20, 0x08, 0x00, 0x10,
  0x08, 0x00, 0x44, 0x00, 0x00, 0x00, 0x00, 0x00, 0x00, 0x00, 0x42, 0x08, 0x00, 0x00, 0x44, 0x00,
  0x00, 0x00, 0x42, 0x00, 0x00, 0x00, 0x40, 0x00, 0x00, 0x08, 0x00, 0x00, 0x00, 0x00, 0x20, 0x80,
  0x01, 0x04, 0x00, 0x08, 0x08, 0x00, 0x02, 0x12, 0x00, 0x00, 0x84, 0x00, 0x40, 0x00, 0x00, 0x41,
  0x20, 0x20, 0x80, 0x08, 0x00, 0x81, 0x00, 0x00, 0x21, 0x00, 0x00, 0x12, 0x00, 0x80, 0x00, 0x20,
  0x00, 0x04, 0x80, 0x00, 0x04, 0x00, 0x00, 0x01, 0x00, 0x00, 0x84, 0x00, 0x40, 0x00, 0x00, 0x02,
  0x00, 0x00, 0x80, 0x20, 0x04, 0x00, 0x01, 0x00, 0x10, 0x00, 0x04, 0x88, 0x04, 0x00, 0x20, 0x02,
  0x00, 0x10, 0x00, 0x10, 0x40, 0x00, 0x80, 0x44, 0x04, 0x00, 0x04, 0x00, 0x01, 0x00, 0x02, 0x40,
  0x08, 0x00, 0x00, 0x00, 0x00, 0x00, 0x00, 0x81, 0x00, 0x10, 0x00, 0x00, 0x08, 0x04, 0x00, 0x04,
  0x08, 0x40, 0x00, 0x00, 0x41, 0x80, 0x00, 0x40, 0x40, 0x40, 0x00, 0x40, 0x20, 0x10, 0x04, 0x40,
  0x40, 0x02, 0x20, 0x00, 0x40, 0x40, 0x20, 0x81, 0x41, 0x04, 0x00, 0x00, 0x00, 0x04, 0x80, 0x00,
  0x11, 0x01, 0x00, 0x00, 0x08, 0x00, 0x04, 0x00, 0x08, 0x00, 0x20, 0x00, 0x40, 0x00, 0x00, 0x40,
  0x00, 0x00, 0x40, 0x00, 0x40, 0x10, 0x00, 0x00, 0x00, 0x80, 0x00, 0x00, 0x00, 0x00, 0x10, 0x80,
  0x00, 0x08, 0x00, 0x20, 0x10, 0x04, 0x00, 0x00, 0x00, 0x82, 0x20, 0x00, 0x80, 0x00, 0x20, 0x00,
  0x01, 0x00, 0x01, 0x02, 0x00, 0x00, 0x08, 0x00, 0x00, 0x04, 0x20, 0x01, 0x00, 0x02, 0x00, 0x00,
  0x00, 0x02, 0x80, 0x08, 0x10, 0x00, 0x00, 0x10, 0x00, 0x00, 0x08, 0x81, 0x08, 0x00, 0x22, 0x00,
  0x00, 0x00, 0x01, 0x40, 0x00, 0x01, 0x02, 0x01, 0x02, 0x08, 0x10, 0x02, 0x00, 0x08, 0x00, 0x00,
  0x04, 0x10, 0x00, 0x10, 0x00, 0x01, 0x01, 0x04, 0x10, 0x00, 0x04, 0x22, 0x04, 0x10, 0x20, 0x84,
  0x11, 0x06, 0x22, 0x02, 0x02, 0x00, 0x00, 0x00, 0x00, 0x40, 0x20, 0x80, 0x00, 0x10, 0x01, 0x10,
  0x00, 0x04, 0x04, 0x00, 0x00, 0x00, 0x04, 0x04, 0x00, 0x20, 0x11, 0x00, 0x12, 0x00, 0x40, 0x08,
  0x44, 0x20, 0x10, 0x04, 0x00, 0x12, 0x01, 0x00, 0x00, 0x82, 0x20, 0x00, 0x02, 0x00, 0x81, 0x20,
  0x44, 0x00, 0x08, 0x00, 0x00, 0x08, 0x00, 0x44, 0x00, 0x21, 0x00, 0x00, 0x00, 0x04, 0x02, 0x20,
  0x24, 0x00, 0x08, 0x00, 0x10, 0x00, 0x11, 0x00, 0x80, 0x00, 0x01, 0x00, 0x00, 0x88, 0x40, 0x02,
  0x40, 0x04, 0x01, 0x20, 0x00, 0x02, 0x00, 0x00, 0x20, 0x02, 0x80, 0x08, 0x00, 0x80, 0x40, 0x80,
  0x00, 0x01, 0x00, 0x40, 0x10, 0x00, 0x00, 0x02, 0x00, 0x04, 0x10, 0x04, 0x08, 0x00, 0x00, 0x01,
  0x04, 0x00, 0x01, 0x00, 0x00, 0x04, 0x24, 0xC0, 0x01, 0x84, 0x00, 0x80, 0x80, 0x20, 0x00, 0x00,
  0x00, 0x10, 0x08, 0x24, 0x00, 0x01, 0x40, 0x00, 0x00, 0x01, 0x01, 0x00, 0x09, 0x10, 0x80, 0x00,
  0x88, 0x04, 0x00, 0x00, 0x00, 0x00, 0x10, 0x00, 0x00, 0x00, 0x00, 0x40, 0x80, 0x00, 0x00, 0x04,
  0x20, 0x00, 0x00, 0x08, 0x00, 0x00, 0x20, 0x00, 0x00, 0x20, 0x00, 0x80, 0x10, 0x40, 0x04, 0x00,
  0x00, 0x00, 0x80, 0x00, 0x10, 0x81, 0x00, 0x08, 0x00, 0x80, 0x00, 0x00, 0x01, 0x10, 0x00, 0x80,
  0x20, 0x40, 0x20, 0x40, 0x04, 0x02, 0x00, 0x00, 0x02, 0x40, 0x00, 0x00, 0x00, 0x40, 0x00, 0x08,
  0x02, 0x00, 0x10, 0x00, 0x44, 0x00, 0x00, 0x00, 0x40, 0x00, 0x00, 0x00, 0x00, 0x02, 0x24, 0x20,
  0x00, 0x00, 0x04, 0x01, 0x00, 0x40, 0x20, 0x00, 0x01, 0x40, 0x00, 0x00, 0x01, 0x00, 0x20, 0x81,
  0x41, 0x02, 0x00, 0x00, 0x00, 0x00, 0x11, 0x20, 0x40, 0x04, 0x00, 0x00, 0x40, 0x00, 0x00, 0x04,
  0x01, 0x40, 0x00, 0x12, 0x00, 0x80, 0x20, 0x00, 0x00, 0x00, 0x00, 0x88, 0x00, 0x04, 0x02, 0x00,
  0x01, 0x02, 0x00, 0x01, 0x22, 0x00, 0x40, 0x20, 0x08, 0x00, 0x08, 0x00, 0x00, 0x21, 0x08, 0x00,
  0x00, 0x00, 0x00, 0x24, 0x00, 0x02, 0x00, 0x01, 0x20, 0x00, 0x20, 0x20, 0x02, 0x00, 0x00, 0x01,
  0x00, 0x01, 0x00, 0x08, 0x00, 0x00, 0x00, 0x11, 0x08, 0x00, 0x00, 0x00, 0x00, 0x00, 0x10, 0x00,
  0x00, 0x00, 0x40, 0x00, 0x40, 0x00, 0x08, 0x41, 0x00, 0x20, 0x00, 0x00, 0x00, 0x20, 0x10, 0x20,
  0x00, 0x00, 0x41, 0x10, 0x00, 0x40, 0x00, 0x00, 0x22, 0x01, 0x00, 0x00, 0x02, 0x04, 0x00, 0x20,
  0x00, 0x10, 0x40, 0x04, 0x20, 0x00, 0x20, 0x84, 0x01, 0x04, 0x00, 0x10, 0x20, 0x08, 0x00, 0x09,
  0x12, 0x00, 0x02, 0x00, 0x04, 0x00, 0x10, 0x00, 0x10, 0x00, 0x80, 0x00, 0x00, 0x01, 0x00, 0x20,
  0x02, 0x00, 0x00, 0x02, 0x00, 0x41, 0x00, 0x42, 0x00, 0x00, 0x42, 0x00, 0x00, 0x00, 0x04, 0x00,
  0x02, 0x20, 0x00, 0x82, 0x40, 0x00, 0x00, 0x88, 0x08, 0x04, 0x04, 0x00, 0x00, 0x00, 0x40, 0x00,
  0x08, 0x04, 0x02, 0x00, 0x00, 0x00, 0x40, 0x00, 0x01, 0x10, 0x00, 0x02, 0x80, 0x00, 0x42, 0x00,
  0x00, 0x10, 0x00, 0x02, 0x80, 0x00, 0x04, 0x40, 0x10, 0x02, 0x00, 0x04, 0x02, 0x08, 0x00, 0x00,
  0x80, 0x00, 0x02, 0x84, 0x00, 0x08, 0x00, 0x08, 0x00, 0x20, 0x08, 0x04, 0x04, 0x00, 0x00, 0x04,
  0x00, 0x80, 0x00, 0x80, 0x40, 0x00, 0x08, 0x00, 0x00, 0x01, 0x00, 0x40, 0x00, 0x81, 0x20, 0xC0,
  0x21, 0x46, 0x48, 0x02, 0x00, 0x00, 0x00, 0x00, 0x00, 0x00, 0x80, 0x08, 0x00, 0x48, 0x04, 0x00,
  0x00, 0x08, 0x20, 0x00, 0x40, 0x00, 0x08, 0x00, 0x00, 0x80, 0x88, 0x00, 0x08, 0x00, 0x00, 0x00,
  0x20, 0x10, 0x10, 0x20, 0x00, 0x20, 0x01, 0x00, 0x00, 0x01, 0x02, 0x00, 0x08, 0x00, 0x02, 0x00,
  0x80, 0x00, 0x81, 0x00, 0x44, 0x00, 0x02, 0x20, 0x02, 0x40, 0x00, 0x08, 0x00, 0x10, 0x00, 0x00,
  0x10, 0x00, 0x84, 0x80, 0x08, 0x88, 0x00, 0x00, 0x00, 0x04, 0x08, 0x10, 0x20, 0x20, 0x01, 0x04,
  0x00, 0x20, 0x08, 0x40, 0x00, 0x00, 0x01, 0x00, 0x10, 0x08, 0x00, 0x01, 0x00, 0x02, 0x04, 0x02,
  0x08, 0x08, 0x00, 0x00, 0x40, 0x10, 0x80, 0x00, 0x00, 0x20, 0x40, 0x20, 0x00, 0x00, 0x02, 0x04,
  0x40, 0x00, 0x08, 0x00, 0x00, 0x20, 0x20, 0x82, 0x41, 0x04, 0x00, 0x00, 0x02, 0x02, 0x44, 0x00,
  0x00, 0x80, 0x00, 0x00, 0x01, 0x00, 0x00, 0x22, 0x84, 0x00, 0x08, 0x80, 0x08, 0x10, 0x02, 0x04,
  0x20, 0x11, 0x00, 0x00, 0x02, 0x00, 0x40, 0x00, 0x00, 0x04, 0x00, 0x00, 0x08, 0x08, 0x80, 0x04,
  0x00, 0x00, 0x80, 0x00, 0x00, 0x08, 0x00, 0x02, 0x00, 0x40, 0x00, 0x00, 0x00, 0x90, 0x00, 0x00,
  0x00, 0x00, 0x00, 0x00, 0x90, 0x00, 0x11, 0x20, 0x00, 0x04, 0x01, 0x00, 0x00, 0x00, 0x00, 0x80,
  0x00, 0x01, 0x82, 0x00, 0x09, 0x00, 0x00, 0x01, 0x04, 0x00, 0x00, 0x01, 0x10, 0x02, 0x20, 0x08,
  0x04, 0x00, 0x20, 0x00, 0x48, 0x00, 0x00, 0x00, 0x82, 0x00, 0x00, 0x00, 0x01, 0x04, 0x12, 0x40,
  0x08, 0x08, 0x10, 0x08, 0x00, 0x10, 0x00, 0x01, 0x08, 0x00, 0x00, 0x01, 0x04, 0x08, 0x20, 0x80,
  0x01, 0x02, 0x00, 0x80, 0x80, 0x40, 0x00, 0x80, 0x00, 0x22, 0x20, 0x00, 0x20, 0x01, 0x00, 0x00,
  0x00, 0x00, 0x01, 0x20, 0x00, 0x00, 0x00, 0x01, 0x00, 0x00, 0x00, 0x20, 0x80, 0x00, 0x04, 0x08,
  0x04, 0x81, 0x00, 0x04, 0x82, 0x00, 0x20, 0x40, 0x00, 0x08, 0x00, 0x20, 0x00, 0x80, 0x80, 0x00,
  0x02, 0x00, 0x00, 0x88, 0x00, 0x04, 0x20, 0x08, 0x00, 0x01, 0x10, 0x81, 0x04, 0x00, 0x00, 0x08,
  0x80, 0x00, 0x00, 0x00, 0x00, 0x01, 0x10, 0x24, 0x08, 0x00, 0x00, 0x00, 0x00, 0x00, 0x00, 0x00,
  0x81, 0x00, 0x02, 0x00, 0x00, 0x40, 0x00, 0x82, 0x00, 0x80, 0x00, 0x20, 0x02, 0x00, 0x41, 0x00,
  0x00, 0x00, 0x80, 0x00, 0x00, 0x00, 0x00, 0x00, 0x82, 0x00, 0x04, 0x00, 0x10, 0x02, 0x00, 0x40,
  0x02, 0x10, 0x01, 0x10, 0x20, 0x00, 0x24, 0x92, 0x41, 0x04, 0x02, 0x20, 0x10, 0x00, 0x00, 0x10,
  0x10, 0x00, 0x00, 0x44, 0x00, 0x00, 0x40, 0x00, 0x01, 0x20, 0x00, 0x08, 0x00, 0x80, 0x00, 0x40,
  0x02, 0x00, 0x10, 0x00, 0x00, 0x90, 0x00, 0x80, 0x00, 0x00, 0x00, 0x80, 0x00, 0x00, 0x00, 0x00,
  0x48, 0x80, 0x10, 0x00, 0x82, 0x00, 0x20, 0x40, 0x20, 0x04, 0x20, 0x02, 0x00, 0x01, 0x00, 0x00,
  0x00, 0x10, 0x02, 0x00, 0x00, 0x08, 0x00, 0x02, 0x22, 0x00, 0x20, 0x10, 0x22, 0x00, 0x00, 0x00,
  0x00, 0x00, 0x00, 0x00, 0x00, 0x04, 0x40, 0x40, 0x00, 0x08, 0x40, 0x10, 0x04, 0x00, 0x08, 0x00,
  0x00, 0x02, 0x08, 0x00, 0x00, 0x00, 0x00, 0x80, 0x00, 0x80, 0x24, 0x08, 0x00, 0x01, 0x00, 0x08,
  0x00, 0x00, 0x00, 0x02, 0x04, 0x80, 0x20, 0x00, 0x00, 0x00, 0x40, 0x00, 0x01, 0x02, 0x20, 0x80,
  0x41, 0x46, 0x20, 0x02, 0x00, 0x00, 0x10, 0x02, 0x00, 0x00, 0x08, 0x00, 0x08, 0x90, 0x04, 0x40,
  0x20, 0x04, 0x00, 0x02, 0x00, 0x21, 0x40, 0x00, 0x00, 0x84, 0x04, 0x02, 0x20, 0x00, 0x00, 0x01,
  0x40, 0x00, 0x44, 0x20, 0x00, 0x00, 0x00, 0x00, 0x02, 0x00, 0x00, 0x04, 0x20, 0x20, 0x00, 0x00,
  0x00, 0x00, 0x08, 0x00, 0x48, 0x00, 0x00, 0x82, 0x08, 0x00, 0x00, 0x10, 0x00, 0x80, 0x80, 0x00,
  0x00, 0x40, 0x00, 0x04, 0x00, 0x90, 0x00, 0x01, 0x40, 0x20, 0x20, 0x24, 0x00, 0x40, 0x08, 0x10,
  0x00, 0x80, 0x00, 0x00, 0x81, 0x10, 0x00, 0x00, 0x80, 0x00, 0x00, 0x04, 0x00, 0x10, 0x00, 0x08,
  0x40, 0x04, 0x00, 0x40, 0x48, 0x40, 0x00, 0x01, 0x00, 0x00, 0x00, 0x00, 0x00, 0x00, 0x08, 0x00,
  0x00, 0x02, 0x10, 0x00, 0x00, 0x00, 0x20, 0x82, 0x11, 0x04, 0x00, 0x00, 0x00, 0x08, 0x01, 0x00,
  0x04, 0x01, 0x02, 0x00, 0x00, 0x04, 0x00, 0x04, 0x00, 0x00, 0x40, 0x00, 0x44, 0x00, 0x10, 0x00,
  0x90, 0x00, 0x00, 0x80, 0x08, 0x00, 0x20, 0x20, 0x00, 0x20, 0x00, 0x08, 0x20, 0x84, 0x08, 0x08,
  0x00, 0x04, 0x00, 0x81, 0x00, 0x08, 0x08, 0x10, 0x00, 0x21, 0x02, 0x00, 0x02, 0x00, 0x82, 0x00,
  0x40, 0x80, 0x80, 0x00, 0x00, 0x01, 0x08, 0x00, 0x00, 0x10, 0x08, 0x00, 0x00, 0x00, 0x08, 0x00,
  0x02, 0x04, 0x02, 0x00, 0x42, 0x00, 0x00, 0x00, 0x20, 0x02, 0x00, 0x00, 0x00, 0x00, 0x80, 0x20,
  0x10, 0x20, 0x82, 0x00, 0x80, 0x00, 0x08, 0x01, 0x10, 0x00, 0x00, 0x00, 0x00, 0x00, 0x12, 0x80,
  0x20, 0x22, 0x81, 0x80, 0x80, 0x10, 0x00, 0x04, 0x40, 0x00, 0x04, 0x08, 0x80, 0x80, 0x20, 0xC0,
  0x01, 0x02, 0x00, 0x00, 0x04, 0x01, 0x00, 0x00, 0x01, 0x90, 0x80, 0x10, 0x82, 0x00, 0x00, 0x01,
  0x00, 0x01, 0x12, 0x00, 0x01, 0x08, 0x00, 0x08, 0x00, 0x00, 0x80, 0x10, 0x00, 0x22, 0x08, 0x00,
  0x08, 0x08, 0x00, 0x02, 0x00, 0x20, 0x00, 0x81, 0x00, 0x40, 0x04, 0x00, 0x00, 0x00, 0x00, 0x04,
  0x04, 0x00, 0x00, 0x20, 0x00, 0x20, 0x10, 0x00, 0x00, 0x04, 0x20, 0x80, 0x48, 0x00, 0x00, 0x40,
  0x04, 0x02, 0x00, 0x81, 0x00, 0x01, 0x00, 0x80, 0x00, 0x00, 0x00, 0x01, 0x00, 0x04, 0x02, 0x04,
  0x08, 0x00, 0x10, 0x42, 0x00, 0x04, 0x21, 0x08, 0x02, 0x00, 0x00, 0x40, 0x22, 0x80, 0x40, 0x00,
  0x04, 0x20, 0x00, 0x02, 0x00, 0x10, 0x00, 0x20, 0x00, 0x00, 0x10, 0x20, 0x00, 0x00, 0x00, 0x21,
  0x11, 0x20, 0x01, 0x82, 0x08, 0x20, 0x20, 0x92, 0x41, 0x04, 0x08, 0x08, 0x01, 0x00, 0x80, 0x00,
  0x00, 0x00, 0x00, 0x00, 0x00, 0x00, 0x20, 0x00, 0x08, 0x80, 0x00, 0x00, 0x00, 0x00, 0x00, 0x00,
  0x01, 0x20, 0x00, 0x00, 0x00, 0x00, 0x00, 0x08, 0x00, 0x00, 0x10, 0x00, 0x08, 0x00, 0x00, 0x00,
  0x00, 0x01, 0x00, 0x00, 0x00, 0x00, 0x00, 0x00, 0x00, 0x00, 0x00, 0x02, 0x00, 0x00, 0x00, 0x20,
  0x00, 0x00, 0x00, 0x08, 0x00, 0x20, 0x00, 0x00, 0x80, 0x00, 0x00, 0x00, 0x08, 0x00, 0x00, 0x10,
  0x00, 0x01, 0x00, 0x00, 0x00, 0x00, 0x00, 0x01, 0x00, 0x00, 0x00, 0x00, 0x00, 0x00, 0x00, 0x00,
  0x00, 0x00, 0x00, 0x00, 0x00, 0x08, 0x00, 0x40, 0x00, 0x00, 0x04, 0x00, 0x00, 0x00, 0x00, 0x00,
  0x00, 0x00, 0x00, 0x00, 0x00, 0x00, 0x02, 0x00, 0x00, 0x00, 0x00, 0x00, 0x00, 0x00, 0x20, 0x80,
  0x01, 0x46, 0x42, 0x21, 0x50, 0x48, 0x2A, 0x94, 0x20, 0x09, 0x10, 0x42, 0x08, 0x90, 0x04, 0x90,
  0x40, 0x08, 0x00, 0x49, 0x90, 0x80, 0x84, 0x20, 0x08, 0x09, 0x09, 0x04, 0x11, 0x08, 0x01, 0x81,
  0x44, 0x81, 0x82, 0x40, 0x82, 0x04, 0x22, 0x08, 0x24, 0x10, 0x51, 0x24, 0x29, 0x89, 0x92, 0x80,
  0x50, 0x92, 0x48, 0x80, 0x90, 0x84, 0x00, 0x04, 0x25, 0x91, 0x04, 0x02, 0x02, 0x84, 0x52, 0x09,
  0x11, 0x80, 0x92, 0x10, 0x42, 0x24, 0x49, 0x01, 0x28, 0x90, 0x24, 0x48, 0x92, 0x90, 0x10, 0x40,
  0x82, 0x48, 0x82, 0x08, 0xA4, 0x20, 0x04, 0x42, 0x20, 0x4A, 0x92, 0x04, 0x00, 0x02, 0x12, 0x04,
  0x80, 0x84, 0xA0, 0xA8, 0x4A, 0x85, 0xA4, 0x12, 0x4A, 0x12, 0x02, 0x09, 0x2A, 0x49, 0x90, 0x00,
  0x04, 0x02, 0x40, 0x20, 0x44, 0x12, 0x22, 0x82, 0x21, 0xFC, 0x7D, 0xFF, 0xDF, 0xFF, 0xF7, 0xEF,
  0xFF, 0xFE, 0xFF, 0xFF, 0xFF, 0x7F, 0xFF, 0xFF, 0xFF, 0xFF, 0xFF, 0xF7, 0x7F, 0xFF, 0x7B, 0xFF,
  0xF7, 0xF6, 0xFE, 0xFF, 0xFF, 0xF7, 0xFF, 0xFF, 0xFF, 0xFE, 0x7E, 0xFF, 0xFD, 0xFB, 0xFD, 0xFF,
  0xFF, 0xFF, 0xEF, 0xFF, 0xDE, 0xF7, 0xEE, 0xFF, 0xDF, 0x7D, 0xBF, 0x7F, 0x7F, 0x7F, 0xFF, 0xFF,
  0xFD, 0x7F, 0xFF, 0xFF, 0xFF, 0xFF, 0xBE, 0xFF, 0xEF, 0xFF, 0x7E, 0xFF, 0xFF, 0xFB, 0x77, 0xFF,
  0xEF, 0xEF, 0xFB, 0xFF, 0xFF, 0xFF, 0xEF, 0xBF, 0x7D, 0xBF, 0x7F, 0xF7, 0x7F, 0xFF, 0xFF, 0xBF,
  0xFF, 0xFB, 0x7D, 0xFB, 0xFF, 0xFD, 0xEF, 0xFF, 0x7F, 0xFF, 0x7F, 0xDF, 0xFD, 0xFE, 0xBB, 0xFD,
  0xBB, 0xED, 0xFD, 0xF7, 0xDB, 0xFF, 0x7F, 0xFF, 0xFF, 0xFF, 0xFF, 0xDF, 0xBB, 0xEF, 0x3D, 0xC0,
  0x01, 0x00, 0x00, 0x00, 0x00, 0x00, 0x00, 0x00, 0x00, 0x00, 0x00, 0x00, 0x00, 0x00, 0x00, 0x00,
  0x00, 0x00, 0x00, 0x00, 0x00, 0x00, 0x00, 0x00, 0x00, 0x00, 0x00, 0x00, 0x00, 0x00, 0x00, 0x00,
  0x00, 0x00, 0x00, 0x00, 0x00, 0x00, 0x00, 0x00, 0x00, 0x00, 0x00, 0x00, 0x00, 0x00, 0x00, 0x00,
  0x00, 0x00, 0x00, 0x00, 0x00, 0x00, 0x00, 0x00, 0x00, 0x00, 0x00, 0x00, 0x00, 0x00, 0x00, 0x00,
  0x00, 0x00, 0x00, 0x00, 0x00, 0x00, 0x00, 0x00, 0x00, 0x00, 0x00, 0x00, 0x00, 0x00, 0x00, 0x00,
  0x00, 0x00, 0x00, 0x00, 0x00, 0x00, 0x00, 0x00, 0x00, 0x00, 0x00, 0x00, 0x00, 0x00, 0x00, 0x00,
  0x00, 0x00, 0x00, 0x00, 0x00, 0x00, 0x00, 0x00, 0x00, 0x00, 0x00, 0x00, 0x00, 0x00, 0x00, 0x00,
  0x00, 0x00, 0x00, 0x00, 0x00, 0x00, 0x00, 0x92, 0x41, 0x00, 0x00, 0x00, 0x00, 0x00, 0x00, 0x00,
  0x00, 0x00, 0x00, 0x00, 0x00, 0x00, 0x00, 0x00, 0x00, 0x00, 0x00, 0x00, 0x00, 0x00, 0x00, 0x00,
  0x00, 0x00, 0x00, 0x00, 0x00, 0x00, 0x00, 0x00, 0x00, 0x00, 0x00, 0x00, 0x00, 0x00, 0x00, 0x00,
  0x00, 0x00, 0x00, 0x00, 0x00, 0x00, 0x00, 0x00, 0x00, 0x00, 0x00, 0x00, 0x00, 0x00, 0x00, 0x00,
  0x00, 0x00, 0x00, 0x00, 0x00, 0x00, 0x00, 0x00, 0x00, 0x00, 0x00, 0x00, 0x00, 0x00, 0x00, 0x00,
  0x00, 0x00, 0x00, 0x00, 0x00, 0x00, 0x00, 0x00, 0x00, 0x00, 0x00, 0x00, 0x00, 0x00, 0x00, 0x00,
  0x00, 0x00, 0x00, 0x00, 0x00, 0x00, 0x00, 0x00, 0x00, 0x00, 0x00, 0x00, 0x00, 0x00, 0x00, 0x00,
  0x00, 0x00, 0x00, 0x00, 0x00, 0x00, 0x00, 0x00, 0x00, 0x00, 0x00, 0x00, 0x00, 0x00, 0x00, 0x80,
  0x11, 0x89, 0x24, 0x09, 0x91, 0x24, 0x24, 0x48, 0x40, 0x22, 0x89, 0x24, 0x89, 0x44, 0x22, 0x89,
  0x24, 0x44, 0x24, 0x12, 0x91, 0x24, 0xAA, 0x0A, 0xA9, 0x2A, 0x49, 0x22, 0x40, 0x92, 0x48, 0x88,
  0x20, 0x25, 0x49, 0x12, 0x09, 0x2A, 0x25, 0x42, 0x02, 0x21, 0x08, 0x80, 0x24, 0x92, 0x94, 0x88,
  0x48, 0x92, 0x44, 0x22, 0x89, 0x48, 0xA5, 0x00, 0x09, 0x21, 0x49, 0x48, 0x02, 0x84, 0x44, 0x40,
  0x94, 0x48, 0x92, 0x92, 0x10, 0x15, 0x49, 0x02, 0x11, 0x11, 0x12, 0x01, 0x10, 0x11, 0x52, 0x52,
  0xA5, 0x24, 0x21, 0x55, 0x42, 0x12, 0x42, 0x90, 0x04, 0x12, 0x49, 0x95, 0x24, 0x25, 0x52, 0x22,
  0x49, 0x82, 0x20, 0x49, 0x82, 0x00, 0x49, 0x05, 0xA9, 0xAA, 0x2A, 0x49, 0x92, 0x00, 0x40, 0x52,
  0x22, 0x44, 0x02, 0x24, 0x49, 0x92, 0xA4, 0x82, 0x01, 0x20, 0x02, 0xA2, 0x04, 0x82, 0x80, 0x02,
  0x15, 0x44, 0x22, 0x12, 0x22, 0x10, 0x08, 0x24, 0x88, 0x10, 0x91, 0x40, 0x04, 0x91, 0x00, 0x20,
  0x00, 0x40, 0x82, 0x88, 0x0A, 0x08, 0x02, 0x21, 0x0A, 0x10, 0x02, 0x41, 0xA0, 0x80, 0x90, 0x88,
  0xA8, 0x84, 0xA2, 0x2A, 0x80, 0x20, 0x02, 0x22, 0x02, 0x01, 0x11, 0x88, 0x20, 0x02, 0x10, 0x2A,
  0x20, 0x44, 0x02, 0x81, 0xA8, 0x10, 0x12, 0x15, 0x21, 0x02, 0x41, 0x08, 0x42, 0x40, 0x00, 0x28,
  0x44, 0x44, 0x48, 0x54, 0x45, 0x44, 0x04, 0x01, 0x10, 0x82, 0x44, 0x00, 0x89, 0x40, 0x08, 0x05,
  0x51, 0x40, 0x04, 0x00, 0x42, 0x90, 0x80, 0x08, 0x80, 0x28, 0x0A, 0x02, 0x28, 0xAA, 0x00, 0x50,
  0x04, 0x00, 0x80, 0x10, 0x04, 0xAA, 0x8A, 0x08, 0x88, 0x10, 0xA8, 0x80, 0x20, 0x00, 0x00, 0x80,
  0x01, 0x02, 0x40, 0x00, 0x00, 0x00, 0x08, 0x00, 0x00, 0x01, 0x00, 0x00, 0x00, 0x02, 0x00, 0x00,
  0x00, 0x00, 0x00, 0x10, 0x00, 0x00, 0x00, 0x00, 0x02, 0x00, 0x00, 0x00, 0x40, 0x00, 0x20, 0x00,
  0x00, 0x00, 0x00, 0x10, 0x00, 0x00, 0x00, 0x00, 0x00, 0x00, 0x00, 0x00, 0x22, 0x00, 0x00, 0x00,
  0x40, 0x20, 0x00, 0x00, 0x00, 0x00, 0x00, 0x00, 0x02, 0x00, 0x00, 0x10, 0x00, 0x00, 0x00, 0x00,
  0x00, 0x40, 0x00, 0x00, 0x00, 0x00, 0x10, 0x01, 0x00, 0x00, 0x00, 0x00, 0x00, 0x00, 0x00, 0x10,
  0x00, 0x00, 0x00, 0x00, 0x00, 0x08, 0x00, 0x40, 0x00, 0x04, 0x00, 0x40, 0x00, 0x00, 0x08, 0x00,
  0x22, 0x00, 0x00, 0x20, 0x02, 0x00, 0x20, 0x00, 0x00, 0x00, 0x00, 0x00, 0x41, 0x00, 0x00, 0x00,
  0x01, 0x00, 0x01, 0x08, 0x00, 0x44, 0x04, 0xC8, 0x21, 0x00, 0x10, 0x00, 0x40, 0x10, 0x02, 0x10,
  0x00, 0x00, 0x00, 0x80, 0x00, 0x80, 0x80, 0x00, 0x01, 0x02, 0x00, 0x04, 0x20, 0x00, 0x88, 0x44,
  0x20, 0x02, 0x10, 0x00, 0x00, 0x42, 0x08, 0x04, 0x40, 0x82, 0x10, 0x00, 0x02, 0x08, 0x00, 0x00,
  0x00, 0x10, 0x00, 0x00, 0x00, 0x04, 0x20, 0x00, 0x10, 0x08, 0x80, 0x00, 0x04, 0x90, 0x04, 0x00,
  0x80, 0x10, 0x10, 0x02, 0x00, 0x42, 0x00, 0x00, 0x00, 0x10, 0x08, 0x40, 0x08, 0x12, 0x02, 0x80,
  0x00, 0x00, 0x01, 0x00, 0x00, 0x80, 0x40, 0x80, 0x04, 0x10, 0x10, 0x12, 0x00, 0x00, 0x42, 0x00,
  0x00, 0x01, 0x20, 0x11, 0x10, 0x02, 0x00, 0x40, 0x00, 0x00, 0x40, 0x00, 0x00, 0x00, 0x04, 0x02,
  0x40, 0x92, 0x24, 0x04, 0x00, 0x00, 0x00, 0x00, 0x00, 0x42, 0x00, 0x02, 0x04, 0x01, 0x20, 0x81,
  0x01, 0x00, 0x00, 0x00, 0x00, 0x00, 0x00, 0x00, 0x00, 0x00, 0x20, 0x00, 0x00, 0x00, 0x20, 0x00,
  0x40, 0x00, 0x00, 0x00, 0x00, 0x08, 0x02, 0x00, 0x00, 0x00, 0x00, 0x00, 0x00, 0x00, 0x00, 0x00,
  0x00, 0x00, 0x00, 0x02, 0x00, 0x00, 0x04, 0x10, 0x00, 0x00, 0x00, 0x00, 0x00, 0x00, 0x00, 0x84,
  0x00, 0x00, 0x00, 0x20, 0x80, 0x00, 0x00, 0x81, 0x20, 0x00, 0x00, 0x00, 0x00, 0x00, 0x00, 0x00,
  0x00, 0x00, 0x00, 0x02, 0x00, 0x00, 0x00, 0x00, 0x10, 0x20, 0x00, 0x00, 0x88, 0x08, 0x00, 0x00,
  0x00, 0x00, 0x00, 0x00, 0x20, 0x00, 0x00, 0x00, 0x00, 0x00, 0x01, 0x00, 0x00, 0x00, 0x00, 0x00,
  0x00, 0x00, 0x00, 0x00, 0x00, 0x00, 0x00, 0x00, 0x01, 0x00, 0x00, 0x00, 0x00, 0x00, 0x20, 0x00,
  0x40, 0x00, 0x00, 0x00, 0x00, 0x00, 0x00, 0x80, 0x95, 0xAA, 0x92, 0x54, 0x95, 0x4A, 0xA4, 0x4A,
  0x55, 0xA9, 0x8A, 0x2A, 0xA9, 0x2A, 0x05, 0x2A, 0x09, 0xA9, 0xAA, 0x22, 0x95, 0xA2, 0x90, 0x48,
  0x4A, 0x52, 0xA5, 0xAA, 0xAA, 0x48, 0x49, 0xA9, 0x2A, 0x29, 0x49, 0x48, 0xAA, 0x52, 0x51, 0x45,
  0x55, 0xA5, 0xAA, 0xAA, 0xAA, 0xA8, 0x4A, 0x11, 0x8A, 0x44, 0x55, 0x8A, 0x14, 0x4A, 0x52, 0x14,
  0x0A, 0x45, 0xA5, 0xA4, 0xAA, 0x94, 0xAA, 0xAA, 0xAA, 0x8A, 0xA4, 0x48, 0x52, 0x21, 0xA9, 0x2A,
  0x45, 0x05, 0xA9, 0xAA, 0x22, 0x22, 0x2A, 0x95, 0xA8, 0x4A, 0x45, 0xA2, 0x8A, 0xAA, 0x88, 0x54,
  0x55, 0x54, 0x24, 0x22, 0x45, 0x54, 0x55, 0x95, 0xAA, 0xAA, 0x2A, 0x55, 0xA9, 0xAA, 0xA4, 0x54,
  0x14, 0x11, 0x91, 0xA4, 0xAA, 0xAA, 0x8A, 0xAA, 0x0A, 0x14, 0xA9, 0xA8, 0xA4, 0xA8, 0x4A, 0xA4,
};
